Date,Adj Close,Close,High,Low,Open,Volume,MA5,MA10,MA20,RSI,MACD,MACD_signal,MACD_hist,BB_upper,BB_lower,BB_mid,BB_pct,lag_1,lag_2,lag_3,lag_4,lag_5,Volume_MA5,Volume_MA20,OBV,GDP_Lag35,CPI_Lag35,FED_RATE_Lag35,UNRATE_Lag35,sentiment_pos,sentiment_neg,sentiment_compound
2020-01-02,8872.2197265625,8872.2197265625,8873.6298828125,8786.900390625,8802.2197265625,2862700000,8854.6919921875,8936.94697265625,9033.13349609375,80.89436449689757,0.0,0.0,0.0,9290.7672051447,8775.499787042798,9033.13349609375,0.6998114843657539,-0.008827479295065221,-0.008827479295065221,-0.008827479295065221,-0.008827479295065221,-0.008827479295065221,2622806000.0,2499933500.0,0.0,21933.217,257.879,1.55,3.6,0.11032142857142854,0.01225,0.1263442857142857
2020-01-03,8793.900390625,8793.900390625,8843.650390625,8755.169921875,8755.169921875,2586520000,8854.6919921875,8936.94697265625,9033.13349609375,80.89436449689757,-6.24769631410345,-1.24953926282069,-4.99815705128276,9290.7672051447,8775.499787042798,9033.13349609375,0.6998114843657539,-0.008827479295065221,-0.008827479295065221,-0.008827479295065221,-0.008827479295065221,-0.008827479295065221,2622806000.0,2499933500.0,-2586520000.0,21933.217,257.879,1.55,3.6,0.051076923076923,0.1519230769230769,-0.1782307692307692
2020-01-06,8848.51953125,8848.51953125,8849.98046875,8713.8896484375,8713.8896484375,2810450000,8854.6919921875,8936.94697265625,9033.13349609375,80.89436449689757,-6.71433381730094,-2.34249817371674,-4.3718356435842,9290.7672051447,8775.499787042798,9033.13349609375,0.6998114843657539,-0.008827479295065221,-0.008827479295065221,-0.008827479295065221,-0.008827479295065221,-0.008827479295065221,2622806000.0,2499933500.0,223930000.0,21933.217,258.63,1.55,3.6,0.12659444444444443,0.0056,0.2299511111111111
2020-01-07,8846.4501953125,8846.4501953125,8872.4697265625,8821.6796875,8857.1396484375,2381740000,8854.6919921875,8936.94697265625,9033.13349609375,80.89436449689757,-7.168491607499163,-3.3076968604732246,-3.8607947470259387,9290.7672051447,8775.499787042798,9033.13349609375,0.6998114843657539,0.006211025619897725,-0.008827479295065221,-0.008827479295065221,-0.008827479295065221,-0.008827479295065221,2622806000.0,2499933500.0,-2157810000.0,21933.217,258.63,1.55,3.6,0.0781,0.073,-0.0045399999999999
2020-01-08,8912.3701171875,8912.3701171875,8953.5498046875,8834.9404296875,8845.4501953125,2472620000,8854.6919921875,8936.94697265625,9033.13349609375,80.89436449689757,-2.1840517595628626,-3.0829678402911522,0.8989160807282897,9290.7672051447,8775.499787042798,9033.13349609375,0.6998114843657539,-0.0002338623913517024,0.006211025619897725,-0.008827479295065221,-0.008827479295065221,-0.008827479295065221,2622806000.0,2499933500.0,314810000.0,21933.217,258.63,1.55,3.6,0.0762,0.0686,0.01916
2020-01-09,8989.6298828125,8989.6298828125,9004.5498046875,8938.5302734375,8990.0400390625,2540960000,8878.1740234375,8936.94697265625,9033.13349609375,80.89436449689757,7.909197820836198,-0.8845347080656824,8.79373252890188,9290.7672051447,8775.499787042798,9033.13349609375,0.6998114843657539,0.0074515676253881225,-0.0002338623913517024,0.006211025619897725,-0.008827479295065221,-0.008827479295065221,2558458000.0,2499933500.0,2855770000.0,21933.217,258.63,1.55,3.6,0.2095,0.034,0.2435699999999999
2020-01-10,8966.6396484375,8966.6396484375,9024.8701171875,8951.830078125,9021.8798828125,2382900000,8912.721875,8936.94697265625,9033.13349609375,80.89436449689757,13.892902324616443,2.070952698470743,11.8219496261457,9290.7672051447,8775.499787042798,9033.13349609375,0.6998114843657539,0.008668823737022047,0.0074515676253881225,-0.0002338623913517024,0.006211025619897725,-0.008827479295065221,2517734000.0,2499933500.0,472870000.0,21933.217,258.63,1.55,3.6,0.0755,0.0991666666666666,-0.0226916666666666
2020-01-13,9070.650390625,9070.650390625,9071.5302734375,8991.349609375,9007.9404296875,2536820000,8957.148046875,8936.94697265625,9033.13349609375,80.89436449689757,26.719819448522685,7.000726048481132,19.71909340004155,9290.7672051447,8775.499787042798,9033.13349609375,0.6998114843657539,-0.002557417232377457,0.008668823737022047,0.0074515676253881225,-0.0002338623913517024,0.006211025619897725,2463008000.0,2499933500.0,3009690000.0,21933.217,258.63,1.55,3.6,0.06688333333333334,0.016999999999999998,0.11162166666666666
2020-01-14,9033.419921875,9033.419921875,9080.16015625,9020.919921875,9068.01953125,2553160000,8994.5419921875,8936.94697265625,9033.13349609375,80.89436449689757,33.49494710174258,12.299570259133423,21.195376842609157,9290.7672051447,8775.499787042798,9033.13349609375,0.6998114843657539,0.011599745976813569,-0.002557417232377457,0.008668823737022047,0.0074515676253881225,-0.0002338623913517024,2497292000.0,2499933500.0,456530000.0,21933.217,258.63,1.55,3.6,0.0658,0.0,0.07586
2020-01-15,9035.669921875,9035.669921875,9078.8701171875,9008.9501953125,9039.3095703125,2443220000,9019.201953125,8936.94697265625,9033.13349609375,80.89436449689757,38.600873928604415,17.55983099302762,21.041042935576794,9290.7672051447,8775.499787042798,9033.13349609375,0.6998114843657539,-0.004104498260508405,0.011599745976813569,-0.002557417232377457,0.008668823737022047,0.0074515676253881225,2491412000.0,2499933500.0,2899750000.0,21933.217,258.63,1.55,3.6,0.0259,0.018,0.01255
2020-01-16,9125.0,9125.0,9126.0703125,9066.3095703125,9088.080078125,2312110000,9046.2759765625,8962.225,9033.13349609375,80.89436449689757,49.28739406869681,23.90534360816146,25.382050460535353,9290.7672051447,8775.499787042798,9033.13349609375,0.6998114843657539,0.0002490751032786509,-0.004104498260508405,0.011599745976813569,-0.002557417232377457,0.008668823737022047,2445642000.0,2499933500.0,5211860000.0,21933.217,258.63,1.55,3.6,0.0317777777777777,0.0,0.0377777777777777
2020-01-17,9173.73046875,9173.73046875,9176.4697265625,9118.98046875,9159.48046875,2542540000,9087.694140625,9000.2080078125,9033.13349609375,80.89436449689757,60.98567494405506,31.321409875340184,29.66426506871488,9290.7672051447,8775.499787042798,9033.13349609375,0.6998114843657539,0.009886381297388391,0.0002490751032786509,-0.004104498260508405,0.011599745976813569,-0.002557417232377457,2477570000.0,2499933500.0,7754400000.0,21933.217,258.63,1.55,3.6,0.0951666666666666,0.0,0.169475
2020-01-21,9166.6298828125,9166.6298828125,9187.419921875,9141.7802734375,9145.6396484375,2686610000,9106.8900390625,9032.01904296875,9033.13349609375,80.89436449689757,68.88957276370638,38.83504245301343,30.054530310692954,9290.7672051447,8775.499787042798,9033.13349609375,0.6998114843657539,0.005340325342465757,0.009886381297388391,0.0002490751032786509,-0.004104498260508405,0.011599745976813569,2507528000.0,2499933500.0,5067790000.0,21933.217,258.63,1.55,3.6,0.08658888888888887,0.08628749999999999,-0.0033363888888888957
2020-01-22,9188.580078125,9188.580078125,9242.48046875,9179.26953125,9212.349609375,2454580000,9137.9220703125,9066.23203125,9033.13349609375,80.89436449689757,76.04803167566934,46.277640297544615,29.77039137812472,9290.7672051447,8775.499787042798,9033.13349609375,0.6998114843657539,-0.0007740129232800541,0.005340325342465757,0.009886381297388391,0.0002490751032786509,-0.004104498260508405,2487812000.0,2499933500.0,7522370000.0,21933.217,258.63,1.55,3.6,0.0673999999999999,0.0913,-0.05634
2020-01-23,9216.98046875,9216.98046875,9221.1298828125,9145.23046875,9186.1396484375,2465850000,9174.1841796875,9096.69306640625,9033.13349609375,80.89436449689757,83.05542487107414,53.63319721225052,29.422227658823616,9290.7672051447,8775.499787042798,9033.13349609375,0.6998114843657539,0.0023945763702815093,-0.0007740129232800541,0.005340325342465757,0.009886381297388391,0.0002490751032786509,2492338000.0,2499933500.0,9988220000.0,21933.217,258.63,1.55,3.6,0.0140999999999999,0.1251,-0.12157
2020-01-24,9141.4697265625,9141.4697265625,9272.3701171875,9101.4404296875,9266.349609375,2622970000,9177.478125,9111.87705078125,9033.13349609375,66.77835342230676,81.57539822720537,59.221637415241496,22.353760811963873,9290.7672051447,8775.499787042798,9033.13349609375,0.6998114843657539,0.0030908356224279565,0.0023945763702815093,-0.0007740129232800541,0.005340325342465757,0.009886381297388391,2554510000.0,2499933500.0,7365250000.0,21933.217,258.63,1.55,3.6,0.0127333333333333,0.0352666666666666,-0.03898
2020-01-27,8952.1796875,8952.1796875,9001.4404296875,8910.9697265625,8913.16015625,2593910000,9133.16796875,9110.4310546875,9033.13349609375,45.39400809963159,64.3861389288486,60.25453771796292,4.131601210885677,9290.7672051447,8775.499787042798,9033.13349609375,0.6998114843657539,-0.008192568319257854,0.0030908356224279565,0.0023945763702815093,-0.0007740129232800541,0.005340325342465757,2564784000.0,2499933500.0,4771340000.0,21933.217,258.63,1.55,3.6,0.07219841269841266,0.030966666666666632,0.09945
2020-01-28,9090.9296875,9090.9296875,9111.3203125,8994.2802734375,9013.23046875,2169020000,9118.0279296875,9112.458984375,9033.13349609375,56.41229689014503,61.253401428099096,60.45431045999016,0.7990909681089349,9290.7672051447,8775.499787042798,9033.13349609375,0.6998114843657539,-0.02070674024248831,-0.008192568319257854,0.0030908356224279565,0.0023945763702815093,-0.0007740129232800541,2461266000.0,2499933500.0,6940360000.0,21933.217,258.63,1.55,3.6,0.0937,0.0189,0.13596
2020-01-29,9101.6103515625,9101.6103515625,9153.080078125,9067.2900390625,9141.51953125,2234620000,9100.633984375,9119.27802734375,9033.13349609375,57.129402848010166,58.95295178516972,60.154038725026076,-1.20108693985636,9290.7672051447,8775.499787042798,9033.13349609375,0.6998114843657539,0.015499018657292751,-0.02070674024248831,-0.008192568319257854,0.0030908356224279565,0.0023945763702815093,2417274000.0,2499933500.0,9174980000.0,21933.217,258.63,1.55,3.6,0.0542999999999999,0.0295,0.05525
2020-01-30,9136.08984375,9136.08984375,9140.6904296875,9019.7197265625,9038.919921875,2345370000,9084.455859375,9129.32001953125,9033.13349609375,59.44877588526827,59.2292774897378,59.969086477968425,-0.739808988230628,9290.7672051447,8775.499787042798,9033.13349609375,0.6998114843657539,0.0011748703850593678,0.015499018657292751,-0.02070674024248831,-0.008192568319257854,0.0030908356224279565,2393178000.0,2499933500.0,11520350000.0,21933.217,258.63,1.55,3.6,0.1725,0.0346999999999999,0.22391
2020-01-31,8991.509765625,8991.509765625,9170.2197265625,8961.58984375,9169.91015625,2696090000,9054.4638671875,9115.97099609375,9039.097998046875,47.776453864509655,47.237340940726426,57.422737370520025,-10.185396429793599,9286.360758871027,8791.835237222722,9039.097998046875,0.4037699161344433,0.0037882848040819983,0.0011748703850593678,0.015499018657292751,-0.02070674024248831,-0.008192568319257854,2407802000.0,2491603000.0,8824260000.0,21933.217,258.63,1.55,3.6,0.0,0.0309333333333333,-0.06976
2020-02-03,9126.23046875,9126.23046875,9148.5,9031.0703125,9033.51953125,2427320000,9089.2740234375,9111.22099609375,9055.714501953125,56.37227682161671,48.0505824585598,55.54830638812798,-7.497723929568181,9276.887300772418,8834.541703133833,9055.714501953125,0.6594137415932625,-0.015825159406013034,0.0037882848040819983,0.0011748703850593678,0.015499018657292751,-0.02070674024248831,2374484000.0,2483643000.0,11251580000.0,21933.217,258.63,1.55,3.6,0.05763333333333329,0.0492555555555555,0.041306666666666665
2020-02-04,9334.0595703125,9334.0595703125,9352.9599609375,9224.8603515625,9256.9404296875,2447340000,9137.9,9127.96396484375,9079.99150390625,65.74052707544416,64.71911217741945,57.38246754598628,7.336644631433167,9311.742935025242,8848.24007278726,9079.99150390625,1.048147783121562,0.014983101463120763,-0.015825159406013034,0.0037882848040819983,0.0011748703850593678,0.015499018657292751,2430148000.0,2465487500.0,13698920000.0,21933.217,258.63,1.55,3.6,0.0449,0.0,0.08632
2020-02-05,9367.48046875,9367.48046875,9442.75,9311.8798828125,9441.33984375,2470240000,9191.0740234375,9145.85400390625,9106.043017578126,66.96885958625349,79.70701639459003,61.847377315707035,17.859639078882992,9344.304785373839,8867.781249782412,9106.043017578126,1.0486349186245272,0.02277272114419504,0.014983101463120763,-0.015825159406013034,0.0037882848040819983,0.0011748703850593678,2477272000.0,2469912500.0,16169160000.0,21751.238,259.127,1.55,3.6,0.0,0.0,0.0
2020-02-06,9445.919921875,9445.919921875,9448.7197265625,9357.8603515625,9395.6904296875,2313860000,9253.0400390625,9168.74794921875,9132.7205078125,69.71350013535333,96.79861263858947,68.83762438028353,27.960988258305946,9397.663214823504,8867.777800801498,9132.7205078125,1.0910700800107171,0.00358053194172836,0.02277272114419504,0.014983101463120763,-0.015825159406013034,0.0037882848040819983,2470970000.0,2461974500.0,18483020000.0,21751.238,259.127,1.55,3.6,0.0908,0.0,0.15334
2020-02-07,9401.099609375,9401.099609375,9453.240234375,9376.91015625,9397.76953125,2243720000,9334.9580078125,9194.7109375,9153.293994140626,66.32235146942524,105.51093675979973,76.17228685618677,29.33864990361296,9434.835457438567,8871.752530842685,9153.293994140626,0.9400872474192802,0.008373591318036278,0.00358053194172836,0.02277272114419504,0.014983101463120763,-0.015825159406013034,2380496000.0,2447112500.0,16239300000.0,21751.238,259.127,1.55,3.6,0.0723076923076923,0.0128461538461538,0.1032846153846153
2020-02-10,9516.83984375,9516.83984375,9517.740234375,9373.2001953125,9373.2001953125,2187520000,9413.0798828125,9251.176953125,9180.80400390625,70.33530384990947,120.36726709824507,85.01128290459843,35.355984193646634,9491.559045748056,8870.048962064446,9180.80400390625,1.0406764084214182,-0.004744938859390979,0.008373591318036278,0.00358053194172836,0.02277272114419504,0.014983101463120763,2332536000.0,2437343500.0,18426820000.0,21751.238,259.127,1.55,3.6,0.09486825396825393,0.04126190476190473,0.07132365079365073
2020-02-11,9517.8603515625,9517.8603515625,9600.0498046875,9493.6298828125,9567.8095703125,2450070000,9449.8400390625,9293.87001953125,9203.164501953124,70.36883031005223,130.71654343279988,94.15233501023873,36.56420842256115,9543.497042631348,8862.8319612749,9203.164501953124,0.9623358215794485,0.012311350712589153,-0.004744938859390979,0.008373591318036278,0.00358053194172836,0.02277272114419504,2333082000.0,2433006000.0,20876890000.0,21751.238,259.127,1.55,3.6,0.1364,0.0,0.20239
2020-02-12,9613.2001953125,9613.2001953125,9615.91015625,9552.0302734375,9569.8203125,2366510000,9498.983984375,9345.02900390625,9232.153515625,73.3941277749629,144.9407612198993,104.31002025217084,40.63074096772844,9608.474604940127,8855.832426309871,9232.153515625,1.0062786680132287,0.00010723179429894536,0.012311350712589153,-0.004744938859390979,0.008373591318036278,0.00358053194172836,2312336000.0,2423673500.0,23243400000.0,21751.238,259.127,1.55,3.6,0.0828,0.0405,0.08036
2020-02-13,9595.7001953125,9595.7001953125,9636.41015625,9532.740234375,9540.669921875,2254870000,9528.9400390625,9390.9900390625,9260.155029296875,71.94217940263597,153.03733343235763,114.0554828882082,38.981850544149424,9657.663615391859,8862.646443201891,9260.155029296875,0.9220602746118384,0.010016940806906183,0.00010723179429894536,0.012311350712589153,-0.004744938859390979,0.008373591318036278,2300538000.0,2414256000.0,20988530000.0,21751.238,259.127,1.55,3.6,0.0883,0.108,0.0125899999999999
2020-02-14,9623.580078125,9623.580078125,9634.75,9583.080078125,9613.8798828125,2226720000,9573.4361328125,9454.1970703125,9285.084033203126,72.86323431654979,159.86082272992644,123.21655085655186,36.64427187337458,9708.589179023522,8861.57888738273,9285.084033203126,0.8996362833633983,-0.0018204135609839467,0.010016940806906183,0.00010723179429894536,0.012311350712589153,-0.004744938859390979,2297138000.0,2409986500.0,23215250000.0,21751.238,259.127,1.55,3.6,0.0176363636363636,0.0597272727272727,-0.0415818181818181
2020-02-18,9629.7998046875,9629.7998046875,9647.7197265625,9567.2802734375,9567.2802734375,2279420000,9596.028125,9504.55400390625,9307.8875,73.07557977735118,163.8812461192756,131.34948990909663,32.53175621017897,9754.623799323324,8861.151200676677,9307.8875,0.8602934272132166,0.0029054558026020416,-0.0018204135609839467,0.010016940806906183,0.00010723179429894536,0.012311350712589153,2315518000.0,2396830500.0,25494670000.0,21751.238,259.127,1.55,3.6,0.04062499999999995,0.05174999999999997,-0.024251875
2020-02-19,9718.73046875,9718.73046875,9736.5703125,9676.0703125,9683.9404296875,2470860000,9636.2021484375,9543.02109375,9335.492529296875,75.97084481316284,172.25774196355997,139.5311403199893,32.72660164357066,9812.670804068235,8858.314254525514,9335.492529296875,0.9015668354104694,0.0006463007022343703,0.0029054558026020416,-0.0018204135609839467,0.010016940806906183,0.00010723179429894536,2319676000.0,2386043000.0,27965530000.0,21751.238,259.127,1.55,3.6,0.1216,0.0129,0.16144
2020-02-20,9627.830078125,9627.830078125,9714.23046875,9513.23046875,9696.66015625,2745730000,9639.128125,9569.0560546875,9357.455029296874,67.92998680065176,169.60615920522287,145.54614409703603,24.060015108186832,9846.450067289334,8868.459991304415,9357.455029296874,0.7764599104503542,0.009234944221707675,0.0006463007022343703,0.0029054558026020416,-0.0018204135609839467,0.010016940806906183,2395520000.0,2400600500.0,25219800000.0,21751.238,259.127,1.55,3.6,0.1007,0.058,0.1178999999999999
2020-02-21,9446.6904296875,9446.6904296875,9594.0,9406.3798828125,9582.5400390625,2750160000,9609.326171875,9569.13310546875,9368.94052734375,55.35648148081789,151.14598811800533,146.6661129012299,4.47987521677544,9854.824035220248,8883.057019467251,9368.94052734375,0.5800087892296941,-0.009353113651755729,0.009234944221707675,0.0006463007022343703,0.0029054558026020416,-0.0018204135609839467,2494578000.0,2414816000.0,22469640000.0,21751.238,259.127,1.55,3.6,0.027,0.0649166666666666,-0.0796416666666666
2020-02-24,9079.6298828125,9079.6298828125,9194.91015625,9028.8701171875,9055.2998046875,3188590000,9500.5361328125,9536.9861328125,9365.84853515625,39.42972191243118,105.67924648280132,138.4687396175442,-32.789493134742884,9858.565961560716,8873.131108751784,9365.84853515625,0.20955091396666298,-0.01881417172588662,-0.009353113651755729,0.009234944221707675,0.0006463007022343703,0.0029054558026020416,2686952000.0,2443097000.0,19281050000.0,21751.238,259.127,1.55,3.6,0.17074074074074072,0.1256481481481481,0.052445185185185206
2020-02-25,8834.8701171875,8834.8701171875,9183.7802734375,8807.1103515625,9167.330078125,3595520000,9341.5501953125,9468.78916015625,9359.983056640625,32.67816913599643,49.32783801239566,120.6405592965145,-71.31272128411884,9875.691620586855,8844.274492694396,9359.983056640625,-0.00911791675024092,-0.03885599402320439,-0.01881417172588662,-0.009353113651755729,0.009234944221707675,0.0006463007022343703,2950172000.0,2493177500.0,15685530000.0,21751.238,259.127,1.55,3.6,0.0722,0.0326,0.09354
2020-02-26,8873.759765625,8873.759765625,9032.8798828125,8813.919921875,8883.009765625,3587950000,9172.5560546875,9404.3791015625,9349.124560546876,34.59451028996435,7.71804164441528,98.05605576609466,-90.33801412167938,9896.83808890335,8801.4110321904,9349.124560546876,0.06604614427883142,-0.026957020141131993,-0.03885599402320439,-0.01881417172588662,-0.009353113651755729,0.009234944221707675,3173590000.0,2564124000.0,19273480000.0,21751.238,259.127,1.55,3.6,0.0262,0.0514,-0.02676
2020-02-27,8436.669921875,8436.669921875,8786.6796875,8430.5302734375,8632.5400390625,4559900000,8934.3240234375,9286.72607421875,9315.8775390625,25.729645863608894,-59.8377469389834,66.47729522507905,-126.31504216406245,9992.425419450068,8639.329658674931,9315.8775390625,-0.1497748664025339,0.004401835898169448,-0.026957020141131993,-0.03885599402320439,-0.01881417172588662,-0.009353113651755729,3536424000.0,2680388000.0,14713580000.0,21751.238,259.127,1.55,3.6,0.0,0.013,-0.02732
2020-02-28,8461.830078125,8461.830078125,8490.4697265625,8133.85009765625,8133.85009765625,5320020000,8737.351953125,9173.3390625,9282.16455078125,26.89099574965651,-110.07708169020225,31.166419842022787,-141.24350153222503,10056.557087206966,8507.772014355534,9282.16455078125,-0.02966320959302102,-0.04925644318693301,0.004401835898169448,-0.026957020141131993,-0.03885599402320439,-0.01881417172588662,4050396000.0,2829120500.0,20033600000.0,21751.238,259.127,1.55,3.6,0.0290624999999999,0.151625,-0.22193125
2020-03-02,8877.98046875,8877.98046875,8879.3896484375,8446.5,8569.91015625,4249020000,8697.0220703125,9098.7791015625,9276.4880859375,42.81784190391184,-114.9867620102159,1.9357834715750506,-116.92254548179095,10061.44375685644,8491.53241501856,9276.4880859375,0.2461591578025217,0.002982237835898127,-0.04925644318693301,0.004401835898169448,-0.026957020141131993,-0.03885599402320439,4262482000.0,2906767000.0,24282620000.0,21751.238,259.127,1.55,3.6,0.0620222222222222,0.09073968253968251,-0.035700793650793705
2020-03-03,8594.490234375,8594.490234375,9000.4599609375,8516.580078125,8892.6796875,4336700000,8648.94609375,8995.24814453125,9249.90107421875,36.917658120685886,-140.13759278646285,-26.47889178003253,-113.65870100643032,10090.345130953972,8409.457017483526,9249.90107421875,0.11008062666910345,0.04917971488234052,0.002982237835898127,-0.04925644318693301,0.004401835898169448,-0.026957020141131993,4410718000.0,3002236000.0,19945920000.0,21751.238,259.127,1.55,3.6,0.1422,0.0538,0.1248
2020-03-04,8949.2802734375,8949.2802734375,8952.1103515625,8669.759765625,8745.6396484375,3634760000,8664.0501953125,8918.303125,9230.662109375,46.79828302143259,-129.94331073111243,-47.17177557024851,-82.77153516086392,10080.55770264264,8380.76651610736,9230.662109375,0.3344609395751448,-0.03193183803150612,0.04917971488234052,0.002982237835898127,-0.04925644318693301,0.004401835898169448,4420080000.0,3061607000.0,23580680000.0,21751.238,259.127,1.55,3.6,0.312,0.0139,0.48832
2020-03-05,8671.66015625,8671.66015625,8864.1904296875,8613.91015625,8713.1904296875,3763860000,8711.0482421875,8822.6861328125,9195.87109375,41.341607133928555,-142.62183629551328,-66.26178771530147,-76.36004858021181,10078.521121812733,8313.221065687267,9195.87109375,0.20304711899768824,0.041281103286785026,-0.03193183803150612,0.04917971488234052,0.002982237835898127,-0.04925644318693301,4260872000.0,3126288000.0,19816820000.0,21751.238,259.127,1.55,3.6,0.0445,0.2226999999999999,-0.33326
2020-03-06,8530.33984375,8530.33984375,8571.8798828125,8319.900390625,8395.9501953125,4292730000,8724.7501953125,8731.05107421875,9150.09208984375,38.85781657384348,-162.20324921582142,-85.45008001540546,-76.75316920041595,10072.226989952456,8227.957189735045,9150.09208984375,0.16395792740265472,-0.03102150214375432,0.041281103286785026,-0.03193183803150612,0.04917971488234052,0.002982237835898127,4055414000.0,3225231500.0,15524090000.0,21751.238,259.127,1.55,3.6,0.09125,0.1506666666666666,-0.099075
2020-03-09,7948.02978515625,7948.02978515625,8241.76953125,7912.14013671875,7912.14013671875,4554110000,8538.76005859375,8617.891064453124,9077.438598632812,30.678810664062468,-222.148426414813,-112.78974929528698,-109.35867711952602,10135.28736807304,8019.589829192584,9077.438598632812,-0.033823381046328996,-0.016296800145949586,-0.03102150214375432,0.041281103286785026,-0.03193183803150612,0.04917971488234052,4116432000.0,3340751000.0,10969980000.0,21751.238,259.25,1.58,3.5,0.04077777777777777,0.15508888888888883,-0.18865444444444437
2020-03-10,8372.26953125,8372.26953125,8376.4404296875,7942.1298828125,8213.9697265625,4447260000,8494.31591796875,8571.631005859375,9020.210083007812,40.50420803302364,-232.73992821948195,-136.77978508012598,-95.96014313935598,10101.549115450523,7938.8710505651015,9020.210083007812,0.20039898111597104,-0.06826340676454956,-0.016296800145949586,-0.03102150214375432,0.041281103286785026,-0.03193183803150612,4138544000.0,3453738000.0,15417240000.0,21751.238,259.25,1.58,3.5,0.015,0.192,-0.32152
2020-03-11,8006.1201171875,8006.1201171875,8224.73046875,7900.990234375,8166.259765625,4302610000,8305.68388671875,8484.867041015625,8944.623071289063,35.78934058509289,-267.5943067868775,-162.94268942147627,-104.65161736540122,10089.00079066075,7800.245351917376,8944.623071289063,0.08995053022491482,0.053376718200787376,-0.06826340676454956,-0.016296800145949586,-0.03102150214375432,0.041281103286785026,4272114000.0,3546365000.0,11114630000.0,21751.238,259.25,1.58,3.5,0.0525,0.0562,-0.00297
2020-03-12,7263.64990234375,7263.64990234375,7808.31005859375,7255.6201171875,7452.759765625,5099350000,8024.0818359375,8367.5650390625,8827.145556640626,28.535603897144682,-351.0807537797882,-200.57030229313867,-150.51045148664954,10150.876951465216,7503.414161816035,8827.145556640626,-0.09056378824650306,-0.04373359131545218,0.053376718200787376,-0.06826340676454956,-0.016296800145949586,-0.03102150214375432,4539212000.0,3683007000.0,6015280000.0,21751.238,259.25,1.58,3.5,0.0,0.2307,-0.43743
2020-03-13,7995.259765625,7995.259765625,7998.509765625,7301.8798828125,7683.0400390625,4701070000,7917.0658203125,8320.9080078125,8747.12353515625,41.18527802039991,-354.1274026004612,-231.28172235460318,-122.84568024585803,10068.729024904544,7425.518045407956,8747.12353515625,0.21554908958707253,-0.09273783105624644,-0.04373359131545218,0.053376718200787376,-0.06826340676454956,-0.016296800145949586,4620880000.0,3805317000.0,10716350000.0,21751.238,259.25,1.58,3.5,0.0196,0.0858,-0.0849399999999999
2020-03-16,7020.3798828125,7020.3798828125,7563.4501953125,6993.60986328125,7502.259765625,4618120000,7731.53583984375,8135.14794921875,8616.963525390625,32.842938567899125,-430.24693403645324,-271.0747646909732,-159.17216934548003,10080.282038862755,7153.645011918496,8616.963525390625,-0.04553524331137827,0.10072207128886856,-0.09273783105624644,-0.04373359131545218,0.053376718200787376,-0.06826340676454956,4633682000.0,3924887000.0,6098230000.0,21751.238,259.25,1.58,3.5,0.028299999999999995,0.12043333333333334,-0.16651000000000002
2020-03-17,7473.9501953125,7473.9501953125,7550.1298828125,6959.14990234375,7198.52978515625,4920210000,7551.87197265625,8023.0939453125,8509.171044921875,39.030721974364475,-448.7993974517003,-306.61969124311867,-142.17970620858165,9975.956851302475,7042.385238541275,8509.171044921875,0.1471124668966299,-0.121932233772306,0.10072207128886856,-0.09273783105624644,-0.04373359131545218,0.053376718200787376,4728272000.0,4056926500.0,11018440000.0,21751.238,259.25,1.58,3.5,0.1169,0.0852,0.10452
2020-03-18,7175.18017578125,7175.18017578125,7336.8798828125,6837.52978515625,7023.85986328125,4935000000,7385.683984375,7845.683935546875,8381.993530273438,36.63613742383213,-482.05378604503767,-341.7065102035025,-140.34727584153518,9848.277992736232,6915.709067810643,8381.993530273438,0.08847911664248115,0.06460765942459101,-0.121932233772306,0.10072207128886856,-0.09273783105624644,-0.04373359131545218,4854750000.0,4180133500.0,6083440000.0,21751.238,259.25,1.58,3.5,0.0562,0.04,0.00667
2020-03-19,7288.52001953125,7288.52001953125,7514.14013671875,7037.47021484375,7190.2099609375,4778490000,7390.6580078125,7707.369921875,8265.02802734375,38.185469262057374,-493.5729487059707,-372.07979790399617,-121.49315080197454,9685.362319373866,6844.693735313633,8265.02802734375,0.15624007908139925,-0.039974847533588376,0.06460765942459101,-0.121932233772306,0.10072207128886856,-0.09273783105624644,4790578000.0,4281771500.0,10861930000.0,21751.238,259.25,1.58,3.5,0.0783,0.0919,-0.0457799999999999
2020-03-20,6994.2900390625,6994.2900390625,7487.830078125,6969.77001953125,7391.22021484375,5260300000,7190.4640625,7553.76494140625,8142.4080078125,35.74219079408208,-520.4445082218044,-401.75273996755783,-118.6917682542466,9556.63241852082,6728.183597104181,8142.4080078125,0.09408211311564006,0.015796097237050777,-0.039974847533588376,0.06460765942459101,-0.121932233772306,0.10072207128886856,4902424000.0,4407278500.0,5601630000.0,21751.238,259.25,1.58,3.5,0.0225,0.0268,0.01979
2020-03-23,7006.919921875,7006.919921875,7145.2900390625,6771.91015625,6952.7099609375,4348410000,7187.7720703125,7459.653955078125,8038.772509765625,35.93169338945543,-534.5592208007702,-428.3140361342003,-106.24518466656986,9467.52152234342,6610.023497187829,8038.772509765625,0.13889648258481643,-0.04036896100721321,0.015796097237050777,-0.039974847533588376,0.06460765942459101,-0.121932233772306,4848482000.0,4465269500.0,9950040000.0,21751.238,259.25,1.58,3.5,0.044291666666666674,0.09125,-0.0614
2020-03-24,7553.830078125,7553.830078125,7555.91015625,7304.39013671875,7349.0,4441080000,7203.748046875,7377.810009765625,7974.7205078125,43.677592074034685,-495.8977527124871,-441.8307794498577,-54.0669732626294,9367.607124413415,6581.833891211585,7974.7205078125,0.3489143248735471,0.0018057419326282798,-0.04036896100721321,0.015796097237050777,-0.039974847533588376,0.06460765942459101,4752656000.0,4507547500.0,14391120000.0,21751.238,259.25,1.58,3.5,0.0854999999999999,0.0072999999999999,0.11351
2020-03-25,7469.6201171875,7469.6201171875,7777.60986328125,7390.41015625,7543.9599609375,4683630000,7262.63603515625,7324.160009765625,7904.513525390625,42.81917369015605,-466.673775992037,-446.7993787582936,-19.874397233743423,9247.24497259728,6561.78207818397,7904.513525390625,0.3380564449027192,0.07805286236290399,0.0018057419326282798,-0.04036896100721321,0.015796097237050777,-0.039974847533588376,4702382000.0,4562331500.0,9707490000.0,21751.238,259.25,1.58,3.5,0.0502999999999999,0.1076,-0.12339
2020-03-26,7897.1298828125,7897.1298828125,7913.10986328125,7549.830078125,7549.830078125,4014670000,7384.3580078125,7387.5080078125,7877.5365234375,48.3671393756515,-404.35593513849926,-438.31069003433475,33.95475489583549,9196.724126466439,6558.348920408562,7877.5365234375,0.5074262975675378,-0.011147981893498304,0.07805286236290399,0.0018057419326282798,-0.04036896100721321,0.015796097237050777,4549618000.0,4535070000.0,13722160000.0,21751.238,259.25,1.58,3.5,0.0675,0.0254,0.09925
2020-03-27,7588.3701171875,7588.3701171875,7817.740234375,7580.22021484375,7657.43994140625,3989120000,7503.1740234375,7346.81904296875,7833.863525390625,44.97325525921673,-375.55377976021737,-425.7593079795113,50.20552821929391,9129.222635462218,6538.504415319031,7833.863525390625,0.40524117741004023,0.05723313353530601,-0.011147981893498304,0.07805286236290399,0.0018057419326282798,-0.04036896100721321,4295382000.0,4468525000.0,9733040000.0,21751.238,259.25,1.58,3.5,0.0167,0.2723,-0.4421
2020-03-30,7889.009765625,7889.009765625,7902.08984375,7651.43017578125,7678.830078125,3870770000,7679.5919921875,7433.68203125,7784.414990234375,48.74460191342452,-324.72552333765816,-405.55255105114065,80.8270277134825,8983.91006628981,6584.91991417894,7784.414990234375,0.5435995017731071,-0.039097719070949055,0.05723313353530601,-0.011147981893498304,0.07805286236290399,0.0018057419326282798,4199854000.0,4449612500.0,13603810000.0,21751.238,259.25,1.58,3.5,0.12053015873015871,0.08999206349206346,0.0596106349206349
2020-03-31,7813.5,7813.5,8011.60009765625,7765.4599609375,7855.740234375,4078960000,7731.5259765625,7467.63701171875,7745.365478515625,47.85741842499525,-287.22581059676213,-381.887202960265,94.66139236350284,8883.079884206167,6607.651072825083,7745.365478515625,0.5299435961888082,0.03961847455971568,-0.039097719070949055,0.05723313353530601,-0.011147981893498304,0.07805286236290399,4127430000.0,4436725500.0,9524850000.0,21751.238,259.25,1.58,3.5,0.0153,0.2131,-0.30567
2020-04-01,7486.2900390625,7486.2900390625,7701.68017578125,7423.97021484375,7582.77978515625,3700040000,7734.8599609375,7498.747998046875,7672.215966796875,44.11079626786477,-280.6746842723078,-361.6446992226735,80.97001495036574,8662.597504754227,6681.834428839524,7672.215966796875,0.4061341914158431,-0.00957151377274501,0.03961847455971568,-0.039097719070949055,0.05723313353530601,-0.011147981893498304,3930712000.0,4439989500.0,5824810000.0,21751.238,259.25,1.58,3.5,0.0544999999999999,0.1944,-0.2754999999999999
2020-04-02,7635.66015625,7635.66015625,7641.8701171875,7432.27978515625,7445.8798828125,3622170000,7682.566015625,7533.46201171875,7620.415966796875,46.18207923323128,-260.42789863822236,-341.4013391057833,80.97344046756092,8491.935739849765,6748.896193743985,7620.415966796875,0.5087457507703613,-0.041877514678121175,-0.00957151377274501,0.03961847455971568,-0.039097719070949055,0.05723313353530601,3852212000.0,4432905000.0,9446980000.0,21751.238,259.25,1.58,3.5,0.0209,0.058,-0.09478
2020-04-03,7528.10986328125,7528.10986328125,7673.490234375,7439.77978515625,7631.56982421875,3294260000,7670.51396484375,7586.843994140625,7570.304467773438,44.892009700262015,-250.1767036501833,-323.1564120146633,72.97970836448002,8329.55376510456,6811.055170442317,7570.304467773438,0.47221294465433894,0.01995248867037014,-0.041877514678121175,-0.00957151377274501,0.03961847455971568,-0.039097719070949055,3713240000.0,4382981500.0,6152720000.0,21751.238,259.25,1.58,3.5,0.1522,0.1197999999999999,-0.0308899999999999
2020-04-06,8081.66015625,8081.66015625,8110.66015625,7763.08984375,7819.06005859375,3849130000,7709.04404296875,7694.318017578125,7576.985986328125,52.2806470880999,-195.1362659309916,-297.552382797929,102.41611686693739,8352.410891858672,6801.561080797579,7576.985986328125,0.8254178233910195,-0.014085264504696049,0.01995248867037014,-0.041877514678121175,-0.00957151377274501,0.03961847455971568,3708912000.0,4347732500.0,10001850000.0,21751.238,258.076,0.65,4.4,0.05236666666666664,0.06918888888888887,-0.04607777777777782
2020-04-07,8049.31005859375,8049.31005859375,8305.58984375,8043.06982421875,8287.48046875,4085960000,7756.2060546875,7743.866015625,7560.8380126953125,51.84318077733856,-152.3702753266416,-268.51596130367153,116.14568597702993,8277.775497443376,6843.90052794725,7560.8380126953125,0.8406657179252456,0.07353111246007726,-0.014085264504696049,0.01995248867037014,-0.041877514678121175,-0.00957151377274501,3710312000.0,4329667500.0,5915890000.0,21751.238,258.076,0.65,4.4,0.076,0.0898,0.02332
2020-04-08,8229.5400390625,8229.5400390625,8254.41015625,8058.41015625,8134.2998046875,3487440000,7904.8560546875,7819.8580078125,7572.009008789062,54.145278940275865,-102.750423558472,-235.36285375463163,132.61243019615964,8324.253002008121,6819.765015570004,7572.009008789062,0.9370463813607082,-0.004002902501564876,0.07353111246007726,-0.014085264504696049,0.01995248867037014,-0.041877514678121175,3667792000.0,4288909000.0,9403330000.0,21751.238,258.076,0.65,4.4,0.0477999999999999,0.0368,0.0300699999999999
2020-04-09,8238.5302734375,8238.5302734375,8334.23046875,8167.93017578125,8284.3095703125,4145460000,8025.430078125,7853.998046875,7620.75302734375,54.26273215935039,-61.986356626903216,-200.68755432908597,138.70119770218275,8414.084847632263,6827.421207055236,7620.75302734375,0.8893561497817407,0.022390736492543084,-0.004002902501564876,0.07353111246007726,-0.014085264504696049,0.01995248867037014,3772450000.0,4241214500.0,13548790000.0,21751.238,258.076,0.65,4.4,0.1298,0.0216,0.19126
2020-04-13,8332.740234375,8332.740234375,8338.150390625,8158.580078125,8209.6796875,3184660000,8186.35615234375,7928.43505859375,7637.62705078125,55.54768084694376,-21.826975604285508,-164.9154385841259,143.0884629798404,8477.4903070394,6797.763794523099,7637.62705078125,0.9138252140537106,0.001092434611451809,0.022390736492543084,-0.004002902501564876,0.07353111246007726,-0.014085264504696049,3750530000.0,4165394000.0,16733450000.0,21751.238,258.076,0.65,4.4,0.07914801587301587,0.0825035714285714,-0.009581111111111098
2020-04-14,8692.16015625,8692.16015625,8708.5498046875,8470.740234375,8489.26953125,3767410000,8308.45615234375,8008.75009765625,7721.216064453125,60.147693573039184,38.55734204852706,-124.22088245759531,162.77822450612237,8632.179974280858,6810.252154625391,7721.216064453125,1.032921272358904,0.011435287340176403,0.001092434611451809,0.022390736492543084,-0.004002902501564876,0.07353111246007726,3734186000.0,4122858500.0,20500860000.0,21751.238,258.076,0.65,4.4,0.1021,0.0,0.13648
2020-04-15,8591.9599609375,8591.9599609375,8666.240234375,8500.5595703125,8548.4697265625,3347920000,8416.9861328125,8086.59609375,7777.116552734375,58.335321703952424,77.43441474818337,-83.88982301643958,161.32423776462295,8758.669526902007,6795.563578566742,7777.116552734375,0.9150786710692417,0.04313346051426015,0.011435287340176403,0.001092434611451809,0.022390736492543084,-0.004002902501564876,3586578000.0,4044244000.0,17152940000.0,21751.238,258.076,0.65,4.4,0.0398,0.0180999999999999,0.0121999999999999
2020-04-16,8757.830078125,8757.830078125,8793.349609375,8605.509765625,8689.08984375,4057800000,8522.644140625,8213.75009765625,7856.249047851563,60.45933193159959,120.2430204879638,-43.06325431555891,163.3062748035227,8887.406009360799,6825.092086342328,7856.249047851563,0.9371696375660661,-0.011527651758746371,0.04313346051426015,0.011435287340176403,0.001092434611451809,0.022390736492543084,3700650000.0,4000384000.0,21210740000.0,21751.238,258.076,0.65,4.4,0.0595,0.0256,0.06437
2020-04-17,8832.41015625,8832.41015625,8879.240234375,8704.3798828125,8876.66015625,4348310000,8641.4201171875,8333.42509765625,7933.4435546875,61.41186856205504,158.361643519268,-2.7782747485935264,161.13991826786153,9015.546443925989,6851.340665449013,7933.4435546875,0.9153794479724254,0.019305271200239726,-0.011527651758746371,0.04313346051426015,0.011435287340176403,0.001092434611451809,3741220000.0,3978875000.0,25559050000.0,21751.238,258.076,0.65,4.4,0.0847,0.0481,0.0693
2020-04-20,8726.509765625,8726.509765625,8855.1796875,8725.330078125,8742.5400390625,3827370000,8720.1740234375,8453.265087890624,8020.054541015625,59.22995037047696,177.97407606066736,33.37219541325865,144.6018806474087,9062.209401589287,6977.899680441962,8020.054541015625,0.8389396582675349,0.008515816984310254,0.019305271200239726,-0.011527651758746371,0.04313346051426015,0.011435287340176403,3869762000.0,3907228500.0,21731680000.0,21751.238,258.076,0.65,4.4,0.04057037037037033,0.08422962962962964,-0.06304962962962961
2020-04-21,8403.0,8403.0,8663.08984375,8359.83984375,8639.740234375,3788180000,8662.3419921875,8485.399072265625,8089.858544921875,53.03135366936428,165.50470058244173,59.79869644709527,105.70600413534646,9028.12857311328,7151.588516730472,8089.858544921875,0.6668717137228242,-0.011989976546782355,0.008515816984310254,0.019305271200239726,-0.011527651758746371,0.04313346051426015,3873916000.0,3879217000.0,17943500000.0,21751.238,258.076,0.65,4.4,0.0,0.081,-0.1766
2020-04-22,8664.6396484375,8664.6396484375,8708.48046875,8550.6103515625,8575.5703125,3041520000,8676.8779296875,8546.93203125,8145.3990234375,56.954881727811234,174.7206923129488,82.78309562026598,91.93759669268283,9081.574611132128,7209.2234357428715,8145.3990234375,0.7773201052372303,-0.03707206825108389,-0.011989976546782355,0.008515816984310254,0.019305271200239726,-0.011527651758746371,3812636000.0,3809239000.0,20985020000.0,21751.238,258.076,0.65,4.4,0.0197,0.0491,-0.04019
2020-04-23,8641.5,8641.5,8796.490234375,8624.6298828125,8693.73046875,3759890000,8653.6119140625,8588.12802734375,8203.993017578125,56.50531321262991,178.10418177274187,101.84731285076116,76.25686892198071,9108.227663191386,7299.758371964862,8203.993017578125,0.741921156496472,0.03113645703171497,-0.03707206825108389,-0.011989976546782355,0.008515816984310254,0.019305271200239726,3753054000.0,3763052000.0,17225130000.0,21751.238,258.076,0.65,4.4,0.0153,0.018,-0.01852
2020-04-24,8786.599609375,8786.599609375,8791.3603515625,8599.990234375,8666.5703125,3696020000,8644.4498046875,8642.9349609375,8248.46650390625,58.70642253883532,190.30028415693778,119.53790711199649,70.76237704494129,9176.338890283681,7320.594117528817,8248.46650390625,0.7899822827844418,-0.0026705840492365907,0.03113645703171497,-0.03707206825108389,-0.011989976546782355,0.008515816984310254,3622596000.0,3747119500.0,20921150000.0,21751.238,258.076,0.65,4.4,0.1338,0.1038,0.02479
2020-04-27,8837.66015625,8837.66015625,8887.6201171875,8803.8896484375,8865.580078125,3694980000,8666.6798828125,8693.426953125,8310.931005859375,59.48345947715926,201.76017683934697,135.9823610574666,65.77781578188038,9219.705157152297,7402.156854566452,8310.931005859375,0.7898020094658516,0.016791021162414044,-0.0026705840492365907,0.03113645703171497,-0.03707206825108389,-0.011989976546782355,3596118000.0,3732412500.0,24616130000.0,21751.238,258.076,0.65,4.4,0.0809111111111111,0.062499999999999965,0.030418333333333335
2020-04-28,8677.599609375,8677.599609375,8918.3798828125,8668.669921875,8913.2802734375,3730350000,8721.5998046875,8691.9708984375,8350.360498046875,55.93049138135216,195.67110124904866,147.920109095783,47.750992153265656,9250.444624002388,7450.276372091362,8350.360498046875,0.6817825144848177,0.0058111839784438235,0.016791021162414044,-0.0026705840492365907,0.03113645703171497,-0.03707206825108389,3584552000.0,3725391500.0,20885780000.0,21751.238,258.076,0.65,4.4,0.1127,0.1710999999999999,-0.0292999999999999
2020-04-29,8982.759765625,8982.759765625,9025.8203125,8832.0,8871.0400390625,4407140000,8785.223828125,8731.05087890625,8408.823486328125,60.744667409299986,213.01384820822568,160.93885691827154,52.07499128995414,9313.963258009939,7503.683714646311,8408.823486328125,0.8170429016893495,-0.01811119052386334,0.0058111839784438235,0.016791021162414044,-0.0026705840492365907,0.03113645703171497,3857676000.0,3741800500.0,25292920000.0,21751.238,258.076,0.65,4.4,0.1192,0.0226,0.17216
2020-04-30,9000.509765625,9000.509765625,9023.0302734375,8920.419921875,9005.240234375,4335660000,8857.02578125,8755.31884765625,8484.53447265625,61.01146132905923,225.5899166439558,173.86906886340842,51.72084778054739,9315.000689542547,7654.068255769954,8484.53447265625,0.810653993189102,0.03516642504688905,-0.01811119052386334,0.0058111839784438235,0.016791021162414044,-0.0026705840492365907,3972830000.0,3773581500.0,29628580000.0,21751.238,258.076,0.65,4.4,0.0763,0.1173999999999999,-0.0916
2020-05-01,8718.1796875,8718.1796875,8887.580078125,8688.580078125,8791.8798828125,3741300000,8843.341796875,8743.89580078125,8538.66044921875,54.64929125178566,210.35007893953843,181.16527087863443,29.184808060904004,9271.551222611228,7805.769675826275,8538.66044921875,0.622473392215236,0.001976007425682935,0.03516642504688905,-0.01811119052386334,0.0058111839784438235,0.016791021162414044,3981886000.0,3779538000.0,25887280000.0,21751.238,258.076,0.65,4.4,0.0697499999999999,0.03525,0.0693
2020-05-04,8834.1103515625,8834.1103515625,8840.330078125,8665.400390625,8683.9404296875,3443140000,8842.6318359375,8754.655859375,8603.960473632813,56.64834903441201,205.26091343890585,185.9843993906887,19.276514048217138,9171.903855072405,8036.01709219322,8603.960473632813,0.7026169204985853,-0.03136823196429195,0.001976007425682935,0.03516642504688905,-0.01811119052386334,0.0058111839784438235,3931518000.0,3786982000.0,29330420000.0,21751.238,258.076,0.65,4.4,0.0697,0.0823444444444444,0.008130000000000063
2020-05-05,8930.6201171875,8930.6201171875,9031.0,8900.5703125,8922.3896484375,3933550000,8893.2359375,8807.41787109375,8646.408471679688,58.296406563676385,206.63330452457558,190.1141804174661,16.51912410710949,9175.564851291867,8117.252092067509,8646.408471679688,0.7685516573721667,0.013297576812820289,-0.03136823196429195,0.001976007425682935,0.03516642504688905,-0.01811119052386334,3972158000.0,3791203000.0,33263970000.0,21751.238,258.076,0.65,4.4,0.0686,0.0576999999999999,0.04776
2020-05-06,8984.8603515625,8984.8603515625,9065.580078125,8950.8896484375,8997.01953125,3656750000,8893.6560546875,8839.43994140625,8693.185986328124,59.234391017970694,209.68060051591783,194.02746443715645,15.653136078761378,9162.068463906024,8224.303508750225,8693.185986328124,0.8110314195798854,0.010924672862834495,0.013297576812820289,-0.03136823196429195,0.001976007425682935,0.03516642504688905,3822080000.0,3769742500.0,36920720000.0,19958.291,256.032,0.05,14.8,0.0965999999999999,0.0336999999999999,0.11277
2020-05-07,9101.8798828125,9101.8798828125,9136.1796875,9045.23046875,9104.669921875,3787220000,8913.930078125,8885.4779296875,8736.802978515625,61.258881758853164,219.0134519989806,199.0246619495213,19.98879004945931,9185.96722954451,8287.63872748674,8736.802978515625,0.9063957711022254,0.006073512663539615,0.010924672862834495,0.013297576812820289,-0.03136823196429195,0.001976007425682935,3712392000.0,3784731500.0,40707940000.0,19958.291,256.032,0.05,14.8,0.1878,0.0162,0.3024099999999999
2020-05-08,9220.349609375,9220.349609375,9224.490234375,9126.9697265625,9165.7001953125,3813630000,9014.3640625,8928.8529296875,8785.8939453125,63.248764648566265,233.28021180979704,205.87577192157644,27.404439888220594,9220.126162129764,8351.661728495237,8785.8939453125,1.000257290035818,0.013024079025296231,0.006073512663539615,0.010924672862834495,0.013297576812820289,-0.03136823196429195,3726858000.0,3768140000.0,44521570000.0,19958.291,256.032,0.05,14.8,0.0291538461538461,0.0,0.0521384615384615
2020-05-11,9298.919921875,9298.919921875,9346.26953125,9155.2099609375,9155.2099609375,3925450000,9107.3259765625,8974.97890625,8834.2029296875,64.54928208061929,248.06712591445466,214.3140427201521,33.753083194302576,9271.135031734026,8397.270827640976,8834.2029296875,1.0317954323003895,0.013015962426202954,0.013024079025296231,0.006073512663539615,0.010924672862834495,0.013297576812820289,3823320000.0,3805179500.0,48447020000.0,19958.291,256.032,0.05,14.8,0.11733518518518517,0.05788148148148147,0.07795870370370371
2020-05-12,9112.4501953125,9112.4501953125,9354.4501953125,9109.08984375,9326.0595703125,4336510000,9143.6919921875,9018.46396484375,8855.217431640625,59.195423394445605,241.95026133147257,219.8412864424162,22.108974889056384,9303.661313957311,8406.77354932394,8855.217431640625,0.7868059681659566,0.008521402748124851,0.013015962426202954,0.013024079025296231,0.006073512663539615,0.010924672862834495,3903912000.0,3833634500.0,44110510000.0,19958.291,256.032,0.05,14.8,0.1627,0.0584999999999999,0.21934
2020-05-13,9000.080078125,9000.080078125,9209.490234375,8890.16015625,9123.6904296875,4273210000,9146.7359375,9020.19599609375,8875.6234375,56.1718441667657,225.43658017222515,220.960345188378,4.476234983847149,9310.56727852156,8440.679596478441,8875.6234375,0.643072080676768,-0.020052837117550015,0.008521402748124851,0.013015962426202954,0.013024079025296231,0.006073512663539615,4027204000.0,3879899000.0,39837300000.0,19958.291,256.032,0.05,14.8,0.0,0.0767,-0.1208499999999999
2020-05-14,9094.419921875,9094.419921875,9097.75,8860.76953125,8946.4501953125,3965970000,9145.2439453125,9029.58701171875,8892.4529296875,58.10652193762237,217.45511859250473,220.25929986920335,-2.804181276698614,9334.200339751935,8450.705519623067,8892.4529296875,0.7286000863684068,-0.012331493152665352,-0.020052837117550015,0.008521402748124851,0.013015962426202954,0.013024079025296231,4062954000.0,3875307500.0,43803270000.0,19958.291,256.032,0.05,14.8,0.0768,0.0,0.1432699999999999
2020-05-15,9152.6396484375,9152.6396484375,9157.4599609375,8958.080078125,8976.2900390625,4240690000,9131.701953125,9073.0330078125,8908.464404296876,59.30052100201989,213.36802439010353,218.8810447733834,-5.513020383279866,9364.045773886619,8452.883034707133,8908.464404296876,0.7679820339893477,0.010482111595795374,-0.012331493152665352,-0.020052837117550015,0.008521402748124851,0.013015962426202954,4148366000.0,3869926500.0,48043960000.0,19958.291,256.032,0.05,14.8,0.1100833333333333,0.0679166666666666,0.0925833333333333
2020-05-18,9331.9296875,9331.9296875,9367.5400390625,9248.7802734375,9281.3603515625,4341820000,9138.30390625,9122.81494140625,8938.735400390626,62.815259420996256,222.03667991867587,219.5121718024419,2.52450811623396,9422.965014685538,8454.505786095713,8938.735400390626,0.9059998351008591,0.00640169764126064,0.010482111595795374,-0.012331493152665352,-0.020052837117550015,0.008521402748124851,4231640000.0,3895649000.0,52385780000.0,19958.291,256.032,0.05,14.8,0.07233333333333333,0.024066666666666667,0.09838999999999999
2020-05-19,9298.5400390625,9298.5400390625,9422.900390625,9296.25,9326.2802734375,4193550000,9175.521875,9159.60693359375,8983.51240234375,61.74582992296437,223.6344673672029,220.33663091539412,3.297836451808763,9422.67892816543,8544.34587652207,8983.51240234375,0.8586653560734558,0.019588888664824333,0.00640169764126064,0.010482111595795374,-0.012331493152665352,-0.020052837117550015,4203048000.0,3915917500.0,48192230000.0,19958.291,256.032,0.05,14.8,0.1016,0.1085,-0.0020599999999999
2020-05-20,9485.01953125,9485.01953125,9498.2802734375,9412.830078125,9415.25,4315500000,9272.509765625,9209.6228515625,9024.531396484375,65.29912550406618,237.21361112824525,223.71202695796435,13.501584170280893,9490.713603287617,8558.349189681134,9024.531396484375,0.9938928685452594,-0.003578000430310202,0.019588888664824333,0.00640169764126064,0.010482111595795374,-0.012331493152665352,4211506000.0,3979616500.0,52507730000.0,19958.291,256.032,0.05,14.8,0.0544999999999999,0.0324,0.08303
2020-05-21,9377.990234375,9377.990234375,9515.0498046875,9361.830078125,9487.6298828125,3745270000,9329.223828125,9237.23388671875,9061.355908203124,61.75367337652466,236.61130280138968,226.29188212664943,10.319420674740257,9516.362442184769,8606.34937422148,9061.355908203124,0.8479448123536716,0.020054706588788385,-0.003578000430310202,0.019588888664824333,0.00640169764126064,0.010482111595795374,4167366000.0,3978885500.0,48762460000.0,19958.291,256.032,0.05,14.8,0.0231,0.0499,-0.0357899999999999
2020-05-22,9413.990234375,9413.990234375,9421.9296875,9325.0703125,9363.669921875,3668070000,9381.4939453125,9256.59794921875,9092.725439453125,62.49137362908651,236.31477858175822,228.2964614176712,8.018317164087023,9554.43302241253,8631.01785649372,9092.725439453125,0.847909376821002,-0.01128403547534862,0.020054706588788385,-0.003578000430310202,0.019588888664824333,0.00640169764126064,4052842000.0,3977488000.0,52430530000.0,19958.291,256.032,0.05,14.8,0.1223571428571428,0.1073571428571428,-0.0103857142857142
2020-05-26,9389.98046875,9389.98046875,9570.5302734375,9379.900390625,9570.5302734375,4448950000,9393.1041015625,9265.70400390625,9120.341455078125,61.637477271139495,231.47410418795153,228.93198997172726,2.542114216224263,9583.880553556757,8656.802356599494,9120.341455078125,0.790848187948815,0.0038387755905355814,-0.01128403547534862,0.020054706588788385,-0.003578000430310202,0.019588888664824333,4074268000.0,4015186500.0,47981580000.0,19958.291,256.032,0.05,14.8,0.05840714285714285,0.051557692307692304,0.009958021978021953
2020-05-27,9442.0498046875,9442.0498046875,9445.0595703125,9182.4501953125,9366.6298828125,4489110000,9421.8060546875,9298.66396484375,9158.56396484375,62.823868924306566,229.1973507155908,228.98506212049998,0.21228859509082554,9593.579287103463,8723.548642584037,9158.56396484375,0.8258343158709515,-0.0025504345157836283,0.0038387755905355814,-0.01128403547534862,0.020054706588788385,-0.003578000430310202,4133380000.0,4053124500.0,52470690000.0,19958.291,256.032,0.05,14.8,0.0564,0.0,0.08823
2020-05-28,9416.7099609375,9416.7099609375,9568.8896484375,9391.83984375,9404.830078125,4113660000,9408.144140625,9340.326953125,9180.261474609375,61.82186458944439,222.78022184732436,227.74409406586486,-4.9638722185405015,9621.598837057252,8738.924112161498,9180.261474609375,0.7678772594922212,0.005545201729735938,-0.0025504345157836283,0.0038387755905355814,-0.01128403547534862,0.020054706588788385,4093012000.0,4038450500.0,48357030000.0,19958.291,256.032,0.05,14.8,0.0728,0.0975999999999999,0.0144099999999999
2020-05-29,9555.5302734375,9555.5302734375,9573.5498046875,9379.9296875,9440.6396484375,4742290000,9443.6521484375,9386.43798828125,9208.0125,65.10536690393639,226.28773587535215,227.45282242776233,-1.1650865524101732,9671.026033251259,8744.998966748743,9208.0125,0.8752782029903603,-0.0026837227375585693,0.005545201729735938,-0.0025504345157836283,0.0038387755905355814,-0.01128403547534862,4292416000.0,4058782000.0,53099320000.0,19958.291,256.032,0.05,14.8,0.0045833333333333,0.0558333333333333,-0.10515
2020-06-01,9598.8896484375,9598.8896484375,9609.3798828125,9515.33984375,9526.4296875,3847770000,9480.63203125,9431.06298828125,9252.047998046875,66.0864604334979,229.9158780810685,227.9454335584236,1.9704445226449252,9685.486765914377,8818.609230179374,9252.047998046875,0.9001045546722432,0.014741912310759941,-0.0026837227375585693,0.005545201729735938,-0.0025504345157836283,0.0038387755905355814,4328356000.0,4064105500.0,56947090000.0,19958.291,256.032,0.05,14.8,0.060512962962962935,0.07682407407407406,-0.062088888888888895
2020-06-02,9657.3095703125,9657.3095703125,9660.080078125,9511.8798828125,9603.1796875,3990080000,9534.0978515625,9463.6009765625,9293.207958984374,67.41575749962104,234.798594339607,229.31606571466028,5.482528624946724,9715.746840159796,8870.669077808952,9293.207958984374,0.9308498312809286,0.004537621017279392,0.014741912310759941,-0.0026837227375585693,0.005545201729735938,-0.0025504345157836283,4236582000.0,4091452500.0,60937170000.0,19958.291,256.032,0.05,14.8,0.0550999999999999,0.0542,-0.02494
2020-06-03,9704.6904296875,9704.6904296875,9729.6904296875,9648.9296875,9689.7197265625,4679030000,9586.6259765625,9504.216015625,9331.911474609375,68.49436589576798,239.72798652262827,231.3984498762539,8.329536646374379,9756.411029439218,8907.411919779532,9331.911474609375,0.9390805017776175,0.006086112458278947,0.004537621017279392,0.014741912310759941,-0.0026837227375585693,0.005545201729735938,4274566000.0,4128726500.0,65616200000.0,19958.291,256.032,0.05,14.8,0.1086999999999999,0.0306,0.16181
2020-06-04,9629.66015625,9629.66015625,9741.9697265625,9577.7099609375,9672.169921875,6141320000,9629.216015625,9518.680078125,9364.15146484375,64.83437683500003,234.87278210094883,232.0933163211929,2.779465779755924,9775.406501157913,8952.896428529586,9364.15146484375,0.8228029664826092,0.004906217309285976,0.006086112458278947,0.004537621017279392,0.014741912310759941,-0.0026837227375585693,4680098000.0,4252955000.0,59474880000.0,19958.291,256.032,0.05,14.8,0.1367,0.0986,0.10367
2020-06-05,9824.3896484375,9824.3896484375,9846.6298828125,9659.4501953125,9673.08984375,6607730000,9682.987890625,9563.32001953125,9400.276953125,69.40390010803848,243.92621069605957,234.45989519616626,9.466315499893312,9840.445015064673,8960.108891185326,9400.276953125,0.9817622312754555,-0.007731341249997636,0.004906217309285976,0.006086112458278947,0.004537621017279392,0.014741912310759941,5053186000.0,4393980500.0,66082610000.0,19958.291,255.802,0.05,13.2,0.1399,0.0180999999999999,0.1955
2020-06-08,9901.51953125,9901.51953125,9904.51953125,9753.8701171875,9805.6904296875,6197330000,9743.5138671875,9612.07294921875,9434.33544921875,71.01071449194914,254.39237804540608,238.44639176601424,15.945986279391832,9919.04334455232,8949.62755388518,9434.33544921875,0.9819233259133733,0.020221844699380487,-0.007731341249997636,0.004906217309285976,0.006086112458278947,0.004537621017279392,5523098000.0,4513165500.0,72279940000.0,19958.291,255.802,0.05,13.2,0.08206666666666666,0.0449333333333333,0.04520333333333334
2020-06-09,9967.169921875,9967.169921875,10006.900390625,9859.0,9861.1796875,5319450000,9805.4859375,9669.79189453125,9467.74794921875,72.34214195346377,264.9303764681663,243.74318870644467,21.187187761721617,10002.679443135476,8932.816455302025,9467.74794921875,0.966809281502125,0.007850857465203198,0.020221844699380487,-0.007731341249997636,0.004906217309285976,0.006086112458278947,5788972000.0,4582865500.0,77599390000.0,19958.291,255.802,0.05,13.2,0.148,0.0,0.2264
2020-06-10,10094.259765625,10094.259765625,10155.2001953125,10022.4404296875,10037.98046875,5170860000,9883.3998046875,9735.012890625,9516.838427734376,74.75896763452218,280.3057146031715,251.05569388579005,29.25002071738146,10093.088309692921,8940.58854577583,9516.838427734376,1.0010164478716226,0.006630334911505553,0.007850857465203198,0.020221844699380487,-0.007731341249997636,0.004906217309285976,5887338000.0,4624583000.0,82770250000.0,19958.291,255.802,0.05,13.2,0.0527,0.0197,0.05302
2020-06-11,9588.48046875,9588.48046875,9978.1904296875,9586.25,9907.5595703125,5300850000,9875.1638671875,9752.18994140625,9546.258447265625,54.38960040761208,248.8104861593347,250.60665234049898,-1.7961661811642955,10069.021609870155,9023.495284661096,9546.258447265625,0.5403835087327257,0.012750845500393737,0.006630334911505553,0.007850857465203198,0.020221844699380487,-0.007731341249997636,5719244000.0,4675965000.0,77469400000.0,19958.291,255.802,0.05,13.2,0.013,0.1071,-0.14198
2020-06-12,9663.7802734375,9663.7802734375,9849.009765625,9499.08984375,9785.580078125,4388990000,9843.0419921875,9763.01494140625,9574.72646484375,56.298689464255915,227.30611226918518,245.94654432623622,-18.640432057051044,10054.096897574982,9095.356032112519,9574.72646484375,0.5928862133677729,-0.05010563514497435,0.012750845500393737,0.006630334911505553,0.007850857465203198,0.020221844699380487,5275496000.0,4697116000.0,81858390000.0,19958.291,255.802,0.05,13.2,0.0,0.0191,-0.03818
2020-06-15,9776.8896484375,9776.8896484375,9809.41015625,9489.580078125,9517.1396484375,4476010000,9818.116015625,9780.81494140625,9605.93896484375,59.07004960045192,216.89054312711232,240.13534408641146,-23.24480095929914,10049.550773578467,9162.327156109033,9605.93896484375,0.6926804925249181,0.007853153055159323,-0.05010563514497435,0.012750845500393737,0.006630334911505553,0.007850857465203198,4931232000.0,4708882000.0,86334400000.0,19958.291,255.802,0.05,13.2,0.04403333333333329,0.1228,-0.12466666666666663
2020-06-16,9949.3701171875,9949.3701171875,10010.8896484375,9801.4501953125,9983.650390625,4669320000,9814.5560546875,9810.02099609375,9636.810986328124,62.930526249838195,220.01763554426907,236.111802377983,-16.094166833713928,10086.035244742161,9187.586727914088,9636.810986328124,0.8478876363031348,0.011704464691824512,0.007853153055159323,-0.05010563514497435,0.012750845500393737,0.006630334911505553,4801206000.0,4725257000.0,91003720000.0,19958.291,255.802,0.05,13.2,0.0731,0.0223,0.07609
2020-06-17,9982.48046875,9982.48046875,10058.650390625,9952.5,9998.8603515625,4279700000,9792.2001953125,9837.8,9671.0080078125,63.63951273676732,222.60159484993892,233.4097608723742,-10.808166022435273,10115.916749465643,9226.099266159355,9671.0080078125,0.8500408418366484,0.01764165035631393,0.011704464691824512,0.007853153055159323,-0.05010563514497435,0.012750845500393737,4622974000.0,4729564500.0,95283420000.0,19958.291,255.802,0.05,13.2,0.0532999999999999,0.0306,0.05645
2020-06-18,10012.0498046875,10012.0498046875,10018.5595703125,9942.1103515625,9972.349609375,4335320000,9876.9140625,9876.03896484375,9697.359521484375,64.29625916731695,224.44810150495323,231.61742899889,-7.169327493936777,10158.036995884344,9236.682047084407,9697.359521484375,0.8415516285151646,0.003327884194930242,0.01764165035631393,0.011704464691824512,0.007853153055159323,-0.05010563514497435,4429868000.0,4730555500.0,99618740000.0,19958.291,255.802,0.05,13.2,0.0672,0.0,0.13367
2020-06-19,10008.6396484375,10008.6396484375,10121.669921875,9937.8095703125,10104.6298828125,6093830000,9945.8859375,9894.46396484375,9728.8919921875,64.15234685028398,223.0649463742102,229.90693247395407,-6.8419860997438775,10183.824117826416,9273.959866548585,9728.8919921875,0.8074608721653987,0.00296212309456223,0.003327884194930242,0.01764165035631393,0.011704464691824512,0.007853153055159323,4770836000.0,4847983500.0,93524910000.0,19958.291,255.802,0.05,13.2,0.2234999999999999,0.0512,0.23318
2020-06-22,10130.330078125,10130.330078125,10134.6396484375,9989.490234375,10009.0,4506960000,10016.5740234375,9917.34501953125,9764.708984375,66.99159666777425,229.14672581808009,229.7548911427793,-0.6081653246992005,10227.97148041749,9301.44648833251,9764.708984375,0.8946154684151966,-0.0003406052023835482,0.00296212309456223,0.003327884194930242,0.01764165035631393,0.011704464691824512,4777026000.0,4889928000.0,98031870000.0,19958.291,255.802,0.05,13.2,0.04555555555555554,0.08586666666666666,-0.11698777777777779
2020-06-23,10209.8203125,10209.8203125,10306.900390625,10172.0703125,10192.419921875,5755170000,10068.6640625,9941.61005859375,9805.7009765625,68.73365247915768,237.6413953516767,231.3321919845588,6.309203367117902,10274.406569641185,9336.995383483816,9805.7009765625,0.9311014652962091,0.012158538419004605,-0.0003406052023835482,0.00296212309456223,0.003327884194930242,0.01764165035631393,4994196000.0,4955239000.0,103787040000.0,19958.291,255.802,0.05,13.2,0.0187,0.0231,-0.0083699999999999
2020-06-24,10002.7001953125,10002.7001953125,10232.419921875,9943.240234375,10183.76953125,5589130000,10072.7080078125,9932.4541015625,9833.73349609375,59.86773714695663,225.0661966596017,230.07899291956738,-5.012796259965683,10277.248998944387,9390.217993243112,9833.73349609375,0.6904856742692634,0.007846756597462479,0.012158538419004605,-0.0003406052023835482,0.00296212309456223,0.003327884194930242,5256082000.0,5010240000.0,98197910000.0,19958.291,255.802,0.05,13.2,0.0412,0.0985,-0.0641699999999999
2020-06-25,10101.830078125,10101.830078125,10110.2900390625,9901.2099609375,10003.5,4779640000,10090.6640625,9983.7890625,9867.989501953125,62.36958101699129,220.55677298949195,228.1745489335523,-7.617775944060355,10280.64487637869,9455.33412752756,9867.989501953125,0.7833363996499398,-0.02028636262421979,0.007846756597462479,0.012158538419004605,-0.0003406052023835482,0.00296212309456223,5344946000.0,5043539000.0,102977550000.0,19958.291,255.802,0.05,13.2,0.0805999999999999,0.028,0.09258
2020-06-26,9849.3603515625,9849.3603515625,10093.98046875,9837.740234375,10087.080078125,7309380000,10058.808203125,10002.3470703125,9882.681005859375,53.26253039022848,194.3702460806926,221.41368836298037,-27.04344228228777,10268.549989820483,9496.812021898266,9882.681005859375,0.45682387587255135,0.009910312303367252,-0.02028636262421979,0.007846756597462479,0.012158538419004605,-0.0003406052023835482,5588056000.0,5171893500.0,95668170000.0,19958.291,255.802,0.05,13.2,0.0251666666666666,0.1131666666666666,-0.150075
2020-06-29,9961.16015625,9961.16015625,9965.080078125,9742.8896484375,9850.5498046875,4336290000,10024.97421875,10020.77412109375,9900.79453125,56.30517577769418,180.55719379296534,213.24238944897738,-32.68519565601204,10263.912633591155,9537.676428908844,9900.79453125,0.5831212002524813,-0.024992474097263906,0.009910312303367252,-0.02028636262421979,0.007846756597462479,0.012158538419004605,5553922000.0,5196319500.0,100004460000.0,19958.291,255.802,0.05,13.2,0.006541666666666667,0.017930555555555533,-0.022590277777777768
2020-06-30,10156.849609375,10156.849609375,10185.349609375,9956.830078125,9970.2099609375,4510190000,10014.380078125,10041.5220703125,9925.771533203126,61.08110324439032,183.2879246567918,207.25149649054026,-23.96357183374846,10287.088526693036,9564.454539713215,9925.771533203126,0.8197719458748995,0.011350971098317508,-0.024992474097263906,0.009910312303367252,-0.02028636262421979,0.007846756597462479,5304926000.0,5222325000.0,104514650000.0,19958.291,255.802,0.05,13.2,0.0538,0.0259,0.07037
2020-07-01,10279.25,10279.25,10321.76953125,10142.75,10160.41015625,4624430000,10069.6900390625,10071.1990234375,9954.49951171875,63.750023071138855,193.10276860672093,204.4217509137764,-11.318982307055478,10332.771648133597,9576.227375303903,9954.49951171875,0.9292551010485997,0.019645247145456013,0.011350971098317508,-0.024992474097263906,0.009910312303367252,-0.02028636262421979,5111986000.0,5219595000.0,109139080000.0,19958.291,255.802,0.05,13.2,0.0633,0.0123,0.07864
2020-07-02,10341.8896484375,10341.8896484375,10432.5498046875,10328.7802734375,10386.3798828125,4038920000,10117.701953125,10104.1830078125,9990.110986328125,65.07017117355595,203.58875484049167,204.25515169911947,-0.6663968586277917,10373.685191687428,9606.536780968823,9990.110986328125,0.9585535956202478,0.012051019295591603,0.019645247145456013,0.011350971098317508,-0.024992474097263906,0.009910312303367252,4963842000.0,5114475000.0,113178000000.0,19958.291,255.802,0.05,13.2,0.0435,0.0,0.07218
2020-07-06,10604.0595703125,10604.0595703125,10625.099609375,10485.8203125,10487.7001953125,4570260000,10268.641796875,10163.725,10029.094482421875,69.99534726368671,230.39801127190185,209.48372361367595,20.914287658225902,10492.023055955562,9566.165908888188,10029.094482421875,1.1210084241524845,0.00609379560157608,0.012051019295591603,0.019645247145456013,0.011350971098317508,-0.024992474097263906,4416018000.0,5012601500.0,117748260000.0,19958.291,257.042,0.08,11.0,0.05872499999999995,0.06352500000000001,-0.052625000000000026
2020-07-07,10524.009765625,10524.009765625,10704.9296875,10516.6298828125,10595.9404296875,4337130000,10381.21171875,10203.09296875,10060.218994140625,66.8938350525375,242.39105669156015,216.0651902292528,26.325866462307346,10568.514322656618,9551.923665624632,10060.218994140625,0.9562217528522716,0.025350291947333847,0.00609379560157608,0.012051019295591603,0.019645247145456013,0.011350971098317508,4416186000.0,4919591500.0,113411130000.0,19958.291,257.042,0.08,11.0,0.0403,0.0287,0.0099
2020-07-08,10666.7001953125,10666.7001953125,10669.1298828125,10528.8203125,10594.41015625,4030210000,10483.1818359375,10248.78095703125,10095.1955078125,69.48908288776892,260.407738443384,224.93369987207907,35.47403857130493,10668.629091735416,9521.761923889582,10095.1955078125,0.998318116973791,-0.007548977272026081,0.025350291947333847,0.00609379560157608,0.012051019295591603,0.019645247145456013,4320190000.0,4855129500.0,117441340000.0,19958.291,257.042,0.08,11.0,0.0248,0.0,0.05179
2020-07-09,10754.58984375,10754.58984375,10785.9599609375,10574.9697265625,10745.8701171875,4013180000,10578.2498046875,10323.969921875,10128.21201171875,70.99720788180693,278.56690278591486,235.66034045484625,42.90656233106861,10773.016687343355,9483.407336094144,10128.21201171875,0.9857112980954226,0.013558561125016855,-0.007548977272026081,0.025350291947333847,0.00609379560157608,0.012051019295591603,4197940000.0,4797245500.0,121454520000.0,19958.291,257.042,0.08,11.0,0.0174,0.0502,-0.03818
2020-07-10,10836.330078125,10836.330078125,10842.7802734375,10639.48046875,10751.76953125,3537510000,10677.137890625,10397.419921875,10190.6044921875,72.36531297759123,296.1402051948953,247.75631340285608,48.383891792039236,10856.651227741408,9524.557756633592,10190.6044921875,0.9847449521695292,0.008239628641304009,0.013558561125016855,-0.007548977272026081,0.025350291947333847,0.00609379560157608,4097658000.0,4709078500.0,124992030000.0,19958.291,257.042,0.08,11.0,0.1437,0.0635,0.149
2020-07-13,10602.2099609375,10602.2099609375,11069.259765625,10574.5595703125,10951.5400390625,4851880000,10676.76796875,10472.7048828125,10237.5259765625,63.17348248838957,287.85739625027963,255.7765299723408,32.08086627793884,10879.075006029689,9595.97694709531,10237.5259765625,0.7842214449906292,0.0076004976073078545,0.008239628641304009,0.013558561125016855,-0.007548977272026081,0.025350291947333847,4153982000.0,4732223000.0,120140150000.0,19958.291,257.042,0.08,11.0,0.06166666666666667,0.08326666666666667,-0.020790000000000003
2020-07-14,10689.51953125,10689.51953125,10701.8798828125,10370.7900390625,10502.849609375,4461770000,10709.869921875,10545.5408203125,10283.157470703125,64.96092466049204,285.0524558627567,261.631715150424,23.4207407123327,10916.527268445718,9649.787672960532,10283.157470703125,0.8207936832441324,-0.02160511127841258,0.0076004976073078545,0.008239628641304009,0.013558561125016855,-0.007548977272026081,4178910000.0,4731511000.0,124601920000.0,19958.291,257.042,0.08,11.0,0.4307,0.0,0.7023
2020-07-15,10701.6796875,10701.6796875,10780.400390625,10570.9599609375,10752.1103515625,4647070000,10716.8658203125,10600.023828125,10320.77294921875,65.21416666826255,280.576432913982,265.4206587031356,15.155774210846403,10960.006955032413,9681.538943405087,10320.77294921875,0.7979399834935286,0.008235035019508397,-0.02160511127841258,0.0076004976073078545,0.008239628641304009,0.013558561125016855,4302282000.0,4730398500.0,129248990000.0,19958.291,257.042,0.08,11.0,0.1324,0.0174,0.2085199999999999
2020-07-16,10626.4599609375,10626.4599609375,10658.900390625,10495.08984375,10589.8603515625,4277760000,10691.23984375,10634.74482421875,10352.971923828125,62.21858924252596,267.871691072618,265.91086517703206,1.9608258955859128,10985.296425774748,9720.647421881502,10352.971923828125,0.716256080752396,0.0011375774387660798,0.008235035019508397,-0.02160511127841258,0.0076004976073078545,0.008239628641304009,4355198000.0,4730301500.0,124971230000.0,19958.291,257.042,0.08,11.0,0.0479,0.044,0.0534899999999999
2020-07-17,10645.2197265625,10645.2197265625,10680.7001953125,10558.7802734375,10651.599609375,4361480000,10653.0177734375,10665.07783203125,10384.630419921876,62.67902801484898,256.3616701804094,264.00102617770756,-7.639355997298139,11008.430065431487,9760.830774412265,10384.630419921876,0.7088725991722364,-0.007028777608655168,0.0011375774387660798,0.008235035019508397,-0.02160511127841258,0.0076004976073078545,4519992000.0,4731609500.0,129332710000.0,19958.291,257.042,0.08,11.0,0.099,0.0511,0.04437
2020-07-20,10952.080078125,10952.080078125,10971.51953125,10621.900390625,10672.9599609375,4314630000,10722.991796875,10699.8798828125,10431.80244140625,69.27506076000026,268.9012354729184,264.9810680367497,3.920167436168697,11078.164658806158,9785.440224006341,10431.80244140625,0.902466003359268,0.001765382422176387,-0.007028777608655168,0.0011375774387660798,0.008235035019508397,-0.02160511127841258,4412542000.0,4642649500.0,133647340000.0,19958.291,257.042,0.08,11.0,0.0978,0.05086666666666667,0.09628666666666663
2020-07-21,10833.0703125,10833.0703125,11017.4296875,10800.8701171875,11015.5400390625,5350750000,10751.701953125,10730.7859375,10466.939453125,64.51291149060262,266.1676231539677,265.21837906019334,0.9492440937743822,11120.659605401568,9813.219300848432,10466.939453125,0.7800363872063268,0.028826117209850288,0.001765382422176387,-0.007028777608655168,0.0011375774387660798,0.008235035019508397,4590338000.0,4684839000.0,128296590000.0,19958.291,257.042,0.08,11.0,0.0907,0.0399,0.11834
2020-07-22,10870.75,10870.75,10910.240234375,10776.240234375,10850.919921875,4128960000,10785.516015625,10751.19091796875,10499.9859375,65.32563711822665,263.9984418709846,264.9743916223516,-0.9759497513670112,11165.690784503722,9834.281090496277,10499.9859375,0.7784748106978461,-0.010866407547795665,0.028826117209850288,0.001765382422176387,-0.007028777608655168,0.0011375774387660798,4486716000.0,4603528500.0,132425550000.0,19958.291,257.042,0.08,11.0,0.0953,0.0344999999999999,0.05749
2020-07-23,10580.58984375,10580.58984375,10885.3798828125,10531.2197265625,10853.16015625,4501540000,10776.3419921875,10733.79091796875,10528.880419921876,54.8988198810341,236.14373248265292,259.2082597944119,-23.06452731175898,11152.541940607141,9905.21889923661,10528.880419921876,0.5414563205465258,0.0034782094469121283,-0.010866407547795665,0.028826117209850288,0.001765382422176387,-0.007028777608655168,4531472000.0,4549149000.0,127924010000.0,19958.291,257.042,0.08,11.0,0.0479,0.0748,-0.0154799999999999
2020-07-24,10483.1298828125,10483.1298828125,10543.419921875,10313.9404296875,10389.5400390625,4233390000,10743.9240234375,10698.4708984375,10547.94541015625,51.90223028505826,203.85456177618107,248.13752019076574,-44.28295841458467,11139.105140816988,9956.785679495511,10547.94541015625,0.4451793449536004,-0.026691824966078692,0.0034782094469121283,-0.010866407547795665,0.028826117209850288,0.001765382422176387,4505854000.0,4521836500.0,123690620000.0,19958.291,257.042,0.08,11.0,0.1618,0.0878,0.1311699999999999
2020-07-27,10674.3798828125,10674.3798828125,10689.5498046875,10527.6396484375,10547.1103515625,4244570000,10688.383984375,10705.687890625,10589.19638671875,56.87659062317631,191.49005980642505,236.80802811389762,-45.31796830747257,11082.074808670945,10096.317964766555,10589.19638671875,0.5864143085797459,-0.009211203002549961,-0.026691824966078692,0.0034782094469121283,-0.010866407547795665,0.028826117209850288,4491842000.0,4368596000.0,127935190000.0,19958.291,257.042,0.08,11.0,0.06206666666666663,0.034866666666666664,0.02734
2020-07-28,10532.5,10532.5,10662.1904296875,10527.4296875,10644.33984375,3894660000,10628.269921875,10689.9859375,10617.76337890625,52.535773451695,168.30249570483284,223.1069216320847,-54.804425927251856,11014.16214730857,10221.364610503928,10617.76337890625,0.39245251789012625,0.018243597297555425,-0.009211203002549961,-0.026691824966078692,0.0034782094469121283,-0.010866407547795665,4200624000.0,4346514500.0,124040530000.0,19958.291,257.042,0.08,11.0,0.0674,0.0231,0.09171
2020-07-29,10662.98046875,10662.98046875,10694.8798828125,10587.2001953125,10602.400390625,4009640000,10586.716015625,10686.116015625,10643.069921875,55.87132885875404,158.626321956237,210.21080169691515,-51.58447974067815,10974.945479398257,10311.194364351742,10643.069921875,0.5299970070462406,-0.013291627651452642,0.018243597297555425,-0.009211203002549961,-0.026691824966078692,0.0034782094469121283,4176760000.0,4321487000.0,128050170000.0,19958.291,257.042,0.08,11.0,0.1238,0.0542,0.0551499999999999
2020-07-30,10715.509765625,10715.509765625,10737.0302734375,10531.7900390625,10578.6298828125,4185810000,10613.7,10695.02099609375,10664.88291015625,57.17608363659668,153.42793803547102,198.85422896462634,-45.42629092915533,10950.148455234132,10379.617365078368,10664.88291015625,0.5887363657165965,0.01238836636601004,-0.013291627651452642,0.018243597297555425,-0.009211203002549961,-0.026691824966078692,4113614000.0,4299556000.0,132235980000.0,19958.291,257.042,0.08,11.0,0.0781,0.0384,0.09226
2020-07-31,10905.8798828125,10905.8798828125,10908.33984375,10707.400390625,10886.3603515625,4438730000,10698.25,10721.08701171875,10693.082421875,61.60652818385832,162.79288376452314,191.64195992460571,-28.849076160082575,10954.41048459392,10431.75435915608,10693.082421875,0.9071462106355972,0.0049263240262840124,0.01238836636601004,-0.013291627651452642,0.018243597297555425,-0.009211203002549961,4154682000.0,4319546500.0,136674710000.0,19958.291,257.042,0.08,11.0,0.0683636363636363,0.0564545454545454,-0.0468727272727272
2020-08-03,11055.080078125,11055.080078125,11085.5,10997.669921875,11018.01953125,4203890000,10774.3900390625,10731.38701171875,10715.633447265625,64.68982993801859,180.17691228070908,189.3489503958264,-9.172038115117317,11019.064685583155,10412.202208948096,10715.633447265625,1.0593468766458327,0.017765847948568947,0.0049263240262840124,0.01238836636601004,-0.013291627651452642,0.018243597297555425,4146546000.0,4301228000.0,140878600000.0,19958.291,257.042,0.08,11.0,0.06168148148148147,0.030314814814814767,0.0337288888888889
2020-08-04,11096.5400390625,11096.5400390625,11097.849609375,11002.5498046875,11048.5,4016520000,10887.198046875,10757.733984375,10744.2599609375,65.51851364951392,195.05092680799862,190.48934567826083,4.561581129737789,11078.078570190304,10410.441351684694,10744.2599609375,1.0276519468365148,0.013680711406663937,0.017765847948568947,0.0049263240262840124,0.01238836636601004,-0.013291627651452642,4170918000.0,4285197500.0,144895120000.0,19958.291,257.042,0.08,11.0,0.0736,0.0438,0.07065
2020-08-05,11125.4404296875,11125.4404296875,11141.6904296875,11077.7001953125,11107.240234375,4160740000,10979.6900390625,10783.20302734375,10767.19697265625,66.11547998254119,206.78699867487194,193.74887627758307,13.038122397288873,11139.409844920852,10394.984100391646,10767.19697265625,0.9812346424932055,0.0037503085137788883,0.013680711406663937,0.017765847948568947,0.0049263240262840124,0.01238836636601004,4201138000.0,4291724000.0,149055860000.0,21704.437,258.352,0.09,10.2,0.0641,0.0871,-0.04123
2020-08-06,11267.080078125,11267.080078125,11282.240234375,11090.5,11116.490234375,4120000000,11090.0041015625,10851.85205078125,10792.821484375,68.95246353144006,224.9242691162981,199.98395484532608,24.94031427097201,11226.815996405498,10358.826972344501,10792.821484375,1.0463877774987542,0.002604450623641563,0.0037503085137788883,0.013680711406663937,0.017765847948568947,0.0049263240262840124,4187976000.0,4297065000.0,153175860000.0,21704.437,258.352,0.09,10.2,0.0814,0.1251,-0.0595299999999999
2020-08-07,11139.3896484375,11139.3896484375,11276.2998046875,11044.599609375,11235.240234375,4263930000,11136.7060546875,10917.47802734375,10807.974462890625,63.76896434497577,226.38501060825547,205.26416599791196,21.12084461034351,11268.704458646436,10347.244467134813,10807.974462890625,0.8596631309007787,0.012731149776286088,0.002604450623641563,0.0037503085137788883,0.013680711406663937,0.017765847948568947,4153016000.0,4333386000.0,148911930000.0,21704.437,258.352,0.09,10.2,0.1164166666666666,0.0355,0.1061833333333333
2020-08-10,11085.169921875,11085.169921875,11159.3798828125,10941.8701171875,11153.509765625,4048420000,11142.7240234375,10958.55703125,10832.1224609375,61.64968706646078,220.62435967977945,208.33620473428547,12.288154945493972,11298.040544707275,10366.204377167725,10832.1224609375,0.7715578872685895,-0.011333054243167329,0.012731149776286088,0.002604450623641563,0.0037503085137788883,0.013680711406663937,4121922000.0,4293213000.0,144863510000.0,21704.437,258.352,0.09,10.2,0.054400000000000004,0.08440833333333332,-0.05519083333333333
2020-08-11,10876.080078125,10876.080078125,11090.919921875,10855.0595703125,11039.6796875,4331770000,11098.63203125,10992.9150390625,10841.45048828125,54.17281242162351,196.91725976795715,206.05241574101981,-9.135155973062666,11302.795164405388,10380.105812157113,10841.45048828125,0.5375311471400086,-0.0048673875565620195,-0.011333054243167329,0.012731149776286088,0.002604450623641563,0.0037503085137788883,4184972000.0,4286713000.0,140531740000.0,21704.437,258.352,0.09,10.2,0.1125,0.0295999999999999,0.19357
2020-08-12,11157.7197265625,11157.7197265625,11190.259765625,10970.8701171875,10972.0703125,3745230000,11105.087890625,11042.38896484375,10864.252490234376,61.02891435994399,198.56623025635236,204.55517864408634,-5.988948387733984,11341.321734212974,10387.183246255778,10864.252490234376,0.807572999131851,-0.018862123469789216,-0.0048673875565620195,-0.011333054243167329,0.012731149776286088,0.002604450623641563,4101870000.0,4241621000.0,144276970000.0,21704.437,258.352,0.09,10.2,0.1036999999999999,0.0,0.19889
2020-08-13,11178.3701171875,11178.3701171875,11271.2197265625,11139.6396484375,11174.6396484375,3480470000,11087.3458984375,11088.675,10891.847998046875,61.483918469561694,199.2426202870738,203.49266697268385,-4.2500466856100445,11374.814904924211,10408.881091169538,10891.847998046875,0.7966270722285699,0.025895326847028333,-0.018862123469789216,-0.0048673875565620195,-0.011333054243167329,0.012731149776286088,3973964000.0,4201756500.0,147757440000.0,21704.437,258.352,0.09,10.2,0.0665,0.0368,0.01609
2020-08-14,11164.4501953125,11164.4501953125,11213.26953125,11106.9296875,11187.8203125,3514260000,11092.3580078125,11114.53203125,10917.809521484374,60.9671902199861,196.39156320673283,202.07244621949366,-5.68088301276083,11400.777831893727,10434.841211075021,10917.809521484374,0.755338361246806,0.001850771585151012,0.025895326847028333,-0.018862123469789216,-0.0048673875565620195,-0.011333054243167329,3824030000.0,4159395500.0,144243180000.0,21704.437,258.352,0.09,10.2,0.0463076923076923,0.0152307692307692,0.057376923076923
2020-08-17,11288.5703125,11288.5703125,11306.4697265625,11228.1396484375,11231.9697265625,3214870000,11133.0380859375,11137.8810546875,10934.634033203125,63.88202611631639,201.8210684241949,202.02217066043391,-0.20110223623902357,11445.279683603107,10423.988382803143,10934.634033203125,0.8465576168323784,-0.0012452550532029427,0.001850771585151012,0.025895326847028333,-0.018862123469789216,-0.0048673875565620195,3657320000.0,4104407500.0,147458050000.0,21704.437,258.352,0.09,10.2,0.0620333333333333,0.018499999999999964,0.10045666666666664
2020-08-18,11399.0302734375,11399.0302734375,11421.099609375,11279.080078125,11339.759765625,3228590000,11237.628125,11168.130078125,10962.93203125,66.29434365485413,212.5866198981421,204.13506050797557,8.451559390166523,11511.218990501611,10414.64507199839,10962.93203125,0.8976916054895376,0.011117441075567891,-0.0012452550532029427,0.001850771585151012,0.025895326847028333,-0.018862123469789216,3436684000.0,3998299500.0,150686640000.0,21704.437,258.352,0.09,10.2,0.0925,0.0174999999999999,0.12003
2020-08-19,11318.6396484375,11318.6396484375,11440.2197265625,11303.400390625,11397.23046875,3496480000,11269.812109375,11187.45,10985.326513671875,62.99662514480783,212.18560188031552,205.74516878244356,6.44043309787196,11553.970038337837,10416.682989005913,10985.326513671875,0.7930774028961495,0.009785115198794214,0.011117441075567891,-0.0012452550532029427,0.001850771585151012,0.025895326847028333,3386934000.0,3966675500.0,147190160000.0,21704.437,258.352,0.09,10.2,0.0561,0.094,-0.02285
2020-08-20,11477.0498046875,11477.0498046875,11497.1796875,11268.4599609375,11277.0498046875,4215130000,11329.548046875,11208.44697265625,11030.14951171875,66.52974542701625,222.09005205859648,209.01414543767416,13.075906620922325,11605.747402438727,10454.551620998773,11030.14951171875,0.8882052906845721,-0.007052409114776115,0.009785115198794214,0.011117441075567891,-0.0012452550532029427,0.001850771585151012,3533866000.0,3952355000.0,151405290000.0,21704.437,258.352,0.09,10.2,0.1075,0.0443,0.1084899999999999
2020-08-21,11555.16015625,11555.16015625,11574.7900390625,11461.5302734375,11476.849609375,3929290000,11407.6900390625,11250.0240234375,11083.751025390626,68.14487247148871,233.55003335358924,213.9213230208572,19.628710332732055,11644.32961430525,10523.172436476001,11083.751025390626,0.9204665859358833,0.0139955119316717,-0.007052409114776115,0.009785115198794214,0.011117441075567891,-0.0012452550532029427,3616872000.0,3937150000.0,155334580000.0,21704.437,258.352,0.09,10.2,0.1292,0.0,0.24817
2020-08-24,11626.169921875,11626.169921875,11728.08984375,11535.5498046875,11703.33984375,3907310000,11475.2099609375,11304.1240234375,11131.34052734375,69.58192792879566,245.5317090237004,220.24340022142584,25.288308802274543,11706.989908226331,10555.691146461168,11131.34052734375,0.9298010307703117,0.006805786582070761,0.0139955119316717,-0.007052409114776115,0.009785115198794214,0.011117441075567891,3755360000.0,3920287000.0,159241890000.0,21704.437,258.352,0.09,10.2,0.05069999999999993,0.08886666666666666,-0.06854333333333336
2020-08-25,11721.8095703125,11721.8095703125,11723.9501953125,11580.8896484375,11610.580078125,3475280000,11539.7658203125,11388.69697265625,11190.806005859375,71.4500453807934,259.75035326710713,228.1447908305621,31.60556243654503,11751.508356194368,10630.10365552438,11190.806005859375,0.973516442490276,0.0061452861461719355,0.006805786582070761,0.0139955119316717,-0.007052409114776115,0.009785115198794214,3804698000.0,3899318000.0,162717170000.0,21704.437,258.352,0.09,10.2,0.108,0.049,0.07185
2020-08-26,11971.9404296875,11971.9404296875,11979.650390625,11768.0,11779.349609375,3471520000,11670.4259765625,11470.11904296875,11256.25400390625,75.6602449620235,287.88365758724467,240.09256418189864,47.79109340534603,11861.362298421984,10651.145709390516,11256.25400390625,1.091370530091652,0.008226238656425577,0.0061452861461719355,0.006805786582070761,0.0139955119316717,-0.007052409114776115,3799706000.0,3872412000.0,166188690000.0,21704.437,258.352,0.09,10.2,0.0361,0.0666,-0.11051
2020-08-27,11926.16015625,11926.16015625,12047.990234375,11842.83984375,11997.8896484375,3547400000,11760.248046875,11544.898046875,11316.7865234375,73.52318186148565,302.99270716399406,252.67259277831772,50.320114385676334,11936.179678360064,10697.393368514937,11316.7865234375,0.9919118236693166,0.02133892876134924,0.008226238656425577,0.0061452861461719355,0.006805786582070761,0.0139955119316717,3666160000.0,3840491500.0,162641290000.0,21704.437,258.352,0.09,10.2,0.063,0.0787,-0.0943799999999999
2020-08-28,11995.849609375,11995.849609375,12018.1396484375,11928.6904296875,11992.6796875,3012980000,11848.3859375,11628.03798828125,11371.285009765625,74.69492028088614,316.9366458889217,265.5254034004385,51.4112424884832,12029.06567051501,10713.504349016239,11371.285009765625,0.9747514155386018,-0.003823964352844267,0.02133892876134924,0.008226238656425577,0.0061452861461719355,0.006805786582070761,3482898000.0,3769204000.0,165654270000.0,21704.437,258.352,0.09,10.2,0.1163,0.0285999999999999,0.13934
2020-08-31,12110.7001953125,12110.7001953125,12167.4599609375,12000.1103515625,12017.4599609375,3612050000,11945.2919921875,11710.2509765625,11424.066015625,76.53775066980755,333.4114406810859,279.102610856568,54.308829824517886,12141.699656962013,10706.432374287986,11424.066015625,0.978401610610284,0.005843410805487004,-0.003823964352844267,0.02133892876134924,0.008226238656425577,0.0061452861461719355,3423846000.0,3739612000.0,169266320000.0,21704.437,258.352,0.09,10.2,0.1688111111111111,0.04229999999999997,0.29208925925925927
2020-09-01,12292.8603515625,12292.8603515625,12300.4404296875,12132.7802734375,12203.3603515625,3511060000,12059.5021484375,11799.633984375,11483.88203125,79.13333720051287,357.0507773765876,294.69224416057193,62.358533216015644,12281.538060985982,10686.226001514016,11483.88203125,1.0070972262193425,0.009574193548387067,0.005843410805487004,-0.003823964352844267,0.02133892876134924,0.008226238656425577,3431002000.0,3714339000.0,172777380000.0,21704.437,258.352,0.09,10.2,0.1858,0.0,0.33946
2020-09-02,12420.5400390625,12420.5400390625,12439.48046875,12176.1796875,12417.4501953125,3982360000,12149.2220703125,11909.8240234375,11548.63701171875,80.74153901756436,381.68794470352987,312.09138426916354,69.59656043436632,12429.688490635996,10667.585532801506,11548.63701171875,0.9948082196146255,0.015041257178548983,0.009574193548387067,0.005843410805487004,-0.003823964352844267,0.02133892876134924,3533170000.0,3705420000.0,176759740000.0,21704.437,258.352,0.09,10.2,0.1830999999999999,0.0214,0.33125
2020-09-03,11771.3701171875,11771.3701171875,12235.0,11662.1103515625,12195.75,4465010000,12118.2640625,11939.2560546875,11573.851513671874,56.78040772225759,344.8552137166207,318.644150158655,26.2110635579657,12449.8250680225,10697.87795932125,11573.851513671874,0.6127423325365398,0.010386491333058245,0.015041257178548983,0.009574193548387067,0.005843410805487004,-0.003823964352844267,3716692000.0,3722670500.0,172294730000.0,21704.437,258.352,0.09,10.2,0.0341,0.1212,-0.1853199999999999
2020-09-04,11622.1298828125,11622.1298828125,11846.1796875,11145.990234375,11686.240234375,4284440000,12043.5201171875,11945.95302734375,11597.988525390625,52.89416203295924,300.16248312184325,314.9478167512927,-14.78533362944944,12449.82711950618,10746.14993127507,11597.988525390625,0.5141701477185008,-0.052265837059690345,0.010386491333058245,0.015041257178548983,0.009574193548387067,0.005843410805487004,3970984000.0,3723696000.0,168010290000.0,21704.437,258.352,0.09,10.2,0.0879,0.1093,-0.02032
2020-09-08,11068.259765625,11068.259765625,11400.4599609375,11055.16015625,11143.91015625,3905420000,11835.03203125,11890.16201171875,11597.143017578124,41.53281532941563,217.54278475346473,295.46681035172713,-77.9240255982624,12451.15559552809,10743.13043962816,11597.143017578124,0.19035394465577143,-0.012678238207555204,-0.052265837059690345,0.010386491333058245,0.015041257178548983,0.009574193548387067,4029658000.0,3716546000.0,164104870000.0,21704.437,259.316,0.1,8.4,0.040474999999999976,0.12224999999999997,-0.15969250000000001
2020-09-09,11395.849609375,11395.849609375,11480.3701171875,11197.1298828125,11308.25,3550660000,11655.6298828125,11857.566015625,11623.131494140625,48.56924212286838,176.46565493774324,271.6665792689304,-95.20092433118714,12414.057972979741,10832.20501530151,11623.131494140625,0.35631920864552485,-0.04765650726435233,-0.012678238207555204,-0.052265837059690345,0.010386491333058245,0.015041257178548983,4037578000.0,3677490500.0,167655530000.0,21704.437,259.316,0.1,8.4,0.0377,0.0150999999999999,0.03142
2020-09-10,11154.1201171875,11154.1201171875,11566.33984375,11095.9404296875,11501.4296875,3840010000,11402.3458984375,11775.783984375,11622.951513671875,44.32970246477374,122.98844952371473,241.93095331988727,-118.94250379617253,12414.325430399364,10831.577596944386,11622.951513671875,0.20378642347532816,0.029597231243831512,-0.04765650726435233,-0.012678238207555204,-0.052265837059690345,0.010386491333058245,4009108000.0,3682229500.0,163815520000.0,21704.437,259.316,0.1,8.4,0.0,0.0856,-0.1248
2020-09-11,11087.400390625,11087.400390625,11280.41015625,10945.2197265625,11251.1904296875,3630250000,11265.551953125,11691.9080078125,11618.40302734375,43.208621224975246,74.36640499179703,208.41804365426924,-134.05163866247221,12421.494924045506,10815.311130641992,11618.40302734375,0.16940107421109557,-0.021212064082403947,0.029597231243831512,-0.04765650726435233,-0.012678238207555204,-0.052265837059690345,3842156000.0,3689718500.0,160185270000.0,21704.437,259.316,0.1,8.4,0.162,0.0949,0.11208
2020-09-14,11277.759765625,11277.759765625,11363.25,11192.8203125,11250.7998046875,3737610000,11196.6779296875,11620.0990234375,11624.068505859375,47.30339226969018,50.61009340705459,176.85645360482633,-126.24636019777174,12415.185840853914,10832.951170864837,11624.068505859375,0.2811268158870731,-0.005981621666391268,-0.021212064082403947,0.029597231243831512,-0.04765650726435233,-0.012678238207555204,3732790000.0,3700886000.0,163922880000.0,21704.437,259.316,0.1,8.4,0.0572,0.08256666666666666,-0.04254999999999997
2020-09-15,11438.8701171875,11438.8701171875,11495.400390625,11367.2001953125,11432.9404296875,3786110000,11270.8,11552.916015625,11631.58349609375,50.55293033742372,44.27295319143559,150.3397535221482,-106.0668003307126,12412.06599639548,10851.10099579202,11631.58349609375,0.3765421525583546,0.017168981753464818,-0.005981621666391268,-0.021212064082403947,0.029597231243831512,-0.04765650726435233,3708928000.0,3729448000.0,167708990000.0,21704.437,259.316,0.1,8.4,0.1332,0.0464,0.1032599999999999
2020-09-16,11247.599609375,11247.599609375,11486.08984375,11242.9599609375,11467.900390625,3678020000,11241.15,11448.38994140625,11624.011962890625,46.85858579469935,23.545376009638858,124.98087801964633,-101.43550201000747,12416.834036864722,10831.189888916528,11624.011962890625,0.2626123402260852,0.014285669752743813,0.017168981753464818,-0.005981621666391268,-0.021212064082403947,0.029597231243831512,3734400000.0,3751919500.0,164030970000.0,21704.437,259.316,0.1,8.4,0.0617,0.0334,0.04926
2020-09-17,11080.9501953125,11080.9501953125,11160.0400390625,10936.7998046875,10965.740234375,3740110000,11226.516015625,11314.43095703125,11612.127490234376,43.85169335303383,-6.2564724883177405,98.73340791805352,-104.98988040637126,12430.92397723248,10793.331003236271,11612.127490234376,0.17563533591277758,-0.016721101459584387,0.014285669752743813,0.017168981753464818,-0.005981621666391268,-0.021212064082403947,3714420000.0,3764101000.0,160290860000.0,21704.437,259.316,0.1,8.4,0.2158,0.0561,0.35362
2020-09-18,10936.98046875,10936.98046875,11153.9697265625,10769.400390625,11147.7998046875,5759090000,11196.43203125,11230.9919921875,11585.1240234375,41.38119903927361,-41.018964769615195,70.78293338051978,-111.80189815013497,12456.604951625422,10713.643095249578,11585.1240234375,0.12813669598301464,-0.01481644260554904,-0.016721101459584387,0.014285669752743813,0.017168981753464818,-0.005981621666391268,4140188000.0,3841299000.0,154531770000.0,21704.437,259.316,0.1,8.4,0.0223,0.0392,-0.0273799999999999
2020-09-21,10980.2197265625,10980.2197265625,10984.759765625,10677.849609375,10768.009765625,3900970000,11136.9240234375,11166.8009765625,11556.377001953126,42.430219118280526,-64.33779753180352,43.758787198055124,-108.09658472985865,12468.979854306204,10643.774149600047,11556.377001953126,0.18433296372839125,-0.012992543421357694,-0.01481644260554904,-0.016721101459584387,0.014285669752743813,0.017168981753464818,4172860000.0,3839883000.0,158432740000.0,21704.437,259.316,0.1,8.4,0.03693333333333327,0.13866666666666663,-0.15494333333333335
2020-09-22,11186.3701171875,11186.3701171875,11207.080078125,10943.259765625,11082.08984375,3515440000,11086.4240234375,11178.61201171875,11534.38701171875,47.274794990508916,-65.42929862004894,21.92117003443431,-87.35046865448325,12460.996188264211,10607.77783517329,11534.38701171875,0.3122094496038176,0.003953491362268302,-0.012992543421357694,-0.01481644260554904,-0.016721101459584387,0.014285669752743813,4118726000.0,3820289500.0,161948180000.0,21704.437,259.316,0.1,8.4,0.0363,0.111,-0.07705
2020-09-23,10833.330078125,10833.330078125,11179.58984375,10806.0498046875,11167.2197265625,4097320000,11003.5701171875,11122.36005859375,11489.963037109375,40.92354867933801,-93.70156841645075,-1.2033776557427,-92.49819076070806,12462.778322983573,10517.147751235178,11489.963037109375,0.16250892203327816,0.01877470540287063,0.003953491362268302,-0.012992543421357694,-0.01481644260554904,-0.016721101459584387,4202586000.0,3851391500.0,157850860000.0,21704.437,259.316,0.1,8.4,0.0706,0.0871,-0.00748
2020-09-24,10896.4697265625,10896.4697265625,11026.4296875,10728.41015625,10746.349609375,4086360000,10966.6740234375,11096.59501953125,11436.189501953126,42.41363640328376,-109.74760193239126,-22.912222511072414,-86.83537942131885,12415.701275944135,10456.677727962116,11436.189501953126,0.22449551413172716,-0.03155983892577141,0.01877470540287063,0.003953491362268302,-0.012992543421357694,-0.01481644260554904,4271836000.0,3882133500.0,161937220000.0,21704.437,259.316,0.1,8.4,0.0615,0.1417999999999999,-0.02267
2020-09-25,11151.1298828125,11151.1298828125,11177.73046875,10851.6796875,10910.5,3785270000,11009.50390625,11102.96796875,11397.43798828125,48.09968958900935,-100.75382539152088,-38.48054308716211,-62.273282304358766,12356.440748415973,10438.435228146527,11397.43798828125,0.3715811279656025,0.005828276991669767,-0.03155983892577141,0.01877470540287063,0.003953491362268302,-0.012992543421357694,3877072000.0,3894027000.0,165722490000.0,21704.437,259.316,0.1,8.4,0.0177,0.2193999999999999,-0.45825
2020-09-28,11364.4501953125,11364.4501953125,11369.400390625,11243.240234375,11332.3203125,3591740000,11086.35,11111.63701171875,11365.868017578125,52.34451695049566,-75.54222254164779,-45.89287897805925,-29.649343563588538,12282.563267571795,10449.172767584454,11365.868017578125,0.4992266665145072,0.023370886410046365,0.005828276991669767,-0.03155983892577141,0.01877470540287063,0.003953491362268302,3815226000.0,3922965000.0,169314230000.0,21704.437,259.316,0.1,8.4,0.05716017316017313,0.0630281385281385,-0.010050216450216498
2020-09-29,11322.9501953125,11322.9501953125,11396.2197265625,11305.7900390625,11354.7001953125,3389040000,11113.666015625,11100.04501953125,11326.480517578126,51.46269047643064,-58.23920352773894,-48.36214388799519,-9.877059639743749,12173.469963211619,10479.491071944632,11326.480517578126,0.4979159585259145,0.01912992806484981,0.023370886410046365,0.005828276991669767,-0.03155983892577141,0.01877470540287063,3789946000.0,3911814500.0,165925190000.0,21704.437,259.316,0.1,8.4,0.0899,0.0226,0.11734
2020-09-30,11418.0595703125,11418.0595703125,11535.009765625,11328.5498046875,11328.5498046875,4260630000,11230.6119140625,11117.091015625,11282.740478515625,53.40025164712901,-36.43193987265113,-45.97610308492638,9.54416321227525,12000.022004959417,10565.458952071833,11282.740478515625,0.594327740788037,-0.0036517384727611235,0.01912992806484981,0.023370886410046365,0.005828276991669767,-0.03155983892577141,3822608000.0,3949293000.0,170185820000.0,21704.437,259.316,0.1,8.4,0.1378,0.0442999999999999,0.16225
2020-10-01,11583.2001953125,11583.2001953125,11606.73046875,11488.599609375,11554.9599609375,4005900000,11367.9580078125,11167.316015625,11240.873486328124,56.637037364714644,-5.757686981938605,-37.93241986432883,32.174732882390224,11744.433871999618,10737.313100656631,11240.873486328124,0.8399063138454448,0.00839969913842542,-0.0036517384727611235,0.01912992806484981,0.023370886410046365,0.005828276991669767,3806516000.0,3950470000.0,174191720000.0,21704.437,259.316,0.1,8.4,0.0858,0.054,0.00437
2020-10-02,11255.6904296875,11255.6904296875,11479.080078125,11225.169921875,11328.849609375,3731510000,11388.8701171875,11199.18701171875,11215.089501953125,49.32039338437263,-7.785673148966453,-31.903070521256357,24.117397372289904,11652.77928251419,10777.399721392061,11215.089501953125,0.5463809409512935,0.014463107674562714,0.00839969913842542,-0.0036517384727611235,0.01912992806484981,0.023370886410046365,3795764000.0,3913795000.0,170460210000.0,21704.437,259.316,0.1,8.4,0.0688,0.0748,0.0209799999999999
2020-10-05,11509.0595703125,11509.0595703125,11512.0595703125,11336.0703125,11345.240234375,3623920000,11417.7919921875,11252.07099609375,11209.435986328124,54.244923819497934,10.925957717596248,-23.337264873485836,34.263222591082084,11627.467946501076,10791.404026155173,11209.435986328124,0.8583740150638399,-0.02827454935619056,0.014463107674562714,0.00839969913842542,-0.0036517384727611235,0.01912992806484981,3802200000.0,3880769000.0,174084130000.0,21704.437,259.316,0.1,8.4,0.07118095238095236,0.1132095238095238,-0.02375238095238093
2020-10-06,11291.26953125,11291.26953125,11536.419921875,11256.259765625,11476.6796875,4390960000,11411.455859375,11262.5609375,11220.586474609376,49.76827377021353,8.087990662566881,-17.052213766275294,25.140204428842175,11634.640947177,10806.532002041751,11220.586474609376,0.5853547797736687,0.022510315311864426,-0.02827454935619056,0.014463107674562714,0.00839969913842542,-0.0036517384727611235,4002584000.0,3905046000.0,169693170000.0,21704.437,259.997,0.09,7.8,0.0,0.0675,-0.11988
2020-10-07,11503.1904296875,11503.1904296875,11519.5498046875,11382.48046875,11412.650390625,3910770000,11428.48203125,11329.54697265625,11225.953515625,53.766533108206204,22.677712182412506,-9.106228576537735,31.78394075895024,11652.177321706566,10799.729709543435,11225.953515625,0.8252245769789845,-0.018923356659330093,0.022510315311864426,-0.02827454935619056,0.014463107674562714,0.00839969913842542,3932612000.0,3923051500.0,173603940000.0,21704.437,259.997,0.09,7.8,0.0578,0.1206,-0.14014
2020-10-08,11550.9404296875,11550.9404296875,11582.7802734375,11510.240234375,11576.4404296875,3507570000,11422.030078125,11394.99404296875,11245.79453125,54.64257627977537,37.65908702351771,0.24683454347335476,37.41225248004436,11694.300852345108,10797.288210154891,11245.79453125,0.8401801536402341,0.01876856254746051,-0.018923356659330093,0.022510315311864426,-0.02827454935619056,0.014463107674562714,3832946000.0,3906429500.0,177111510000.0,21704.437,259.997,0.09,7.8,0.1421,0.0314,0.09538
2020-10-09,11725.849609375,11725.849609375,11727.599609375,11600.8603515625,11615.5703125,3504230000,11516.0619140625,11452.466015625,11277.7169921875,57.797109838307506,62.92033706471375,12.781535047721436,50.138802016992315,11767.718801915398,10787.7151824596,11277.7169921875,0.9572764919341334,0.004151022300453944,0.01876856254746051,-0.018923356659330093,0.022510315311864426,-0.02827454935619056,3787490000.0,3900128500.0,180615740000.0,21704.437,259.997,0.09,7.8,0.1084,0.0487999999999999,0.10787
2020-10-12,12088.1103515625,12088.1103515625,12204.75,11880.23046875,11900.1201171875,3885030000,11631.8720703125,11524.83203125,11318.234521484375,63.46463634990436,110.89316667816274,32.4038613738097,78.48930530435305,11927.701487176444,10708.767555792307,11318.234521484375,1.1315976692878724,0.015142418987631467,0.004151022300453944,0.01876856254746051,-0.018923356659330093,0.022510315311864426,3839712000.0,3907499500.0,184500770000.0,21704.437,259.997,0.09,7.8,0.04733333333333326,0.0142222222222222,0.049451481481481506
2020-10-13,12083.169921875,12083.169921875,12187.7802734375,12032.75,12131.0703125,3634130000,11790.2521484375,11600.85400390625,11350.44951171875,63.33970956361559,146.8208688027662,55.287262859601,91.5336059431652,12048.447328588525,10652.451694848976,11350.44951171875,1.0248729956221003,0.0308941999305421,0.015142418987631467,0.004151022300453944,0.01876856254746051,-0.018923356659330093,3688346000.0,3899900500.0,180866640000.0,21704.437,259.997,0.09,7.8,0.1059,0.0,0.1729
2020-10-14,11985.3603515625,11985.3603515625,12159.2099609375,11913.5703125,12105.099609375,3410410000,11886.6861328125,11657.58408203125,11387.337548828125,60.788497877733924,165.49370823383288,77.32855193444738,88.1651562993855,12138.410276428554,10636.264821227696,11387.337548828125,0.8981124468764647,-0.00040870157070183044,0.0308941999305421,0.015142418987631467,0.004151022300453944,0.01876856254746051,3588274000.0,3886520000.0,177456230000.0,21704.437,259.997,0.09,7.8,0.014,0.0899,-0.11281
2020-10-15,11898.5703125,11898.5703125,11928.6298828125,11765.490234375,11767.26953125,3325270000,11956.212109375,11689.12109375,11428.2185546875,58.53548904077027,171.31403563228923,96.12564867401575,75.18838695827348,12197.85062613398,10658.58648324102,11428.2185546875,0.805569229286729,-0.00809469459958756,-0.00040870157070183044,0.0308941999305421,0.015142418987631467,0.004151022300453944,3551814000.0,3865778000.0,174130960000.0,21704.437,259.997,0.09,7.8,0.0375,0.0790999999999999,-0.06888
2020-10-16,11852.169921875,11852.169921875,12034.1298828125,11824.1396484375,11952.1201171875,3166980000,11981.476171875,11748.76904296875,11473.97802734375,57.31248702107225,170.220368836126,110.9445927064378,59.2757761296882,12229.327449943623,10718.628604743877,11473.97802734375,0.7503423470091056,-0.007241337474778953,-0.00809469459958756,-0.00040870157070183044,0.0308941999305421,0.015142418987631467,3484364000.0,3736172500.0,170963980000.0,21704.437,259.997,0.09,7.8,0.0945999999999999,0.0,0.1935
2020-10-19,11634.349609375,11634.349609375,11962.4697265625,11606.48046875,11913.009765625,3477410000,11890.7240234375,11761.298046875,11506.684521484374,51.83715448818398,150.04769477832087,118.76521312081442,31.28248165750645,12227.890098878772,10785.478944089977,11506.684521484374,0.5885081118977613,-0.0038996610018141586,-0.007241337474778953,-0.00809469459958756,-0.00040870157070183044,0.0308941999305421,3402840000.0,3714994500.0,167486570000.0,21704.437,259.997,0.09,7.8,0.12526666666666667,0.022866666666666664,0.17916999999999997
2020-10-20,11677.83984375,11677.83984375,11801.400390625,11613.759765625,11679.080078125,3510040000,11809.6580078125,11799.955078125,11531.2580078125,52.80659379415422,136.00225437230984,122.21262137111351,13.789633001196322,12239.891794199139,10822.62422142586,11531.2580078125,0.6034256612889778,-0.018378095651327087,-0.0038996610018141586,-0.007241337474778953,-0.00809469459958756,-0.00040870157070183044,3378022000.0,3714724500.0,170996610000.0,21704.437,259.997,0.09,7.8,0.0,0.0,0.0
2020-10-21,11665.3701171875,11665.3701171875,11789.4599609375,11646.48046875,11686.1904296875,3467310000,11745.6599609375,11816.173046875,11572.860009765625,52.48041508210135,122.45337268315961,122.26077163352274,0.19260104963687752,12202.235119529545,10943.484900001706,11572.860009765625,0.5734936177064386,0.003738089006707801,-0.018378095651327087,-0.0038996610018141586,-0.007241337474778953,-0.00809469459958756,3389402000.0,3683224000.0,167529300000.0,21704.437,259.997,0.09,7.8,0.2345,0.0,0.4004299999999999
2020-10-22,11662.91015625,11662.91015625,11739.2197265625,11529.73046875,11712.6396484375,3434040000,11698.5279296875,11827.37001953125,11611.18203125,52.41163682827356,110.24643575581104,119.8579044579804,-9.611468702169361,12154.615667117234,11067.748395382767,11611.18203125,0.5475937829257199,-0.0010678110617499126,0.003738089006707801,-0.018378095651327087,-0.0038996610018141586,-0.007241337474778953,3411156000.0,3650608000.0,164095260000.0,21704.437,259.997,0.09,7.8,0.087,0.0,0.13021
2020-10-23,11692.5703125,11692.5703125,11693.009765625,11569.08984375,11680.73046875,3145570000,11666.6080078125,11824.04208984375,11638.254052734375,53.20789945616175,101.79227899500074,116.24477936538447,-14.452500370383731,12137.324502335547,11139.183603133204,11638.254052734375,0.5544174272480279,-0.00021087723002255476,-0.0010678110617499126,0.003738089006707801,-0.018378095651327087,-0.0038996610018141586,3406874000.0,3618623000.0,167240830000.0,21704.437,259.997,0.09,7.8,0.1361,0.0783,0.1567
2020-10-26,11504.51953125,11504.51953125,11708.080078125,11360.73046875,11584.169921875,3205100000,11640.6419921875,11765.6830078125,11645.25751953125,47.752370198918854,79.00742400867057,108.7973082940417,-29.78988428537113,12131.927004016488,11158.58803504601,11645.25751953125,0.3554070136222832,0.0025431179570654106,-0.00021087723002255476,-0.0010678110617499126,0.003738089006707801,-0.018378095651327087,3352412000.0,3599291000.0,164035730000.0,21704.437,259.997,0.09,7.8,0.03128333333333333,0.049126190476190434,-0.020034999999999997
2020-10-27,11598.9501953125,11598.9501953125,11633.490234375,11503.099609375,11560.8603515625,3104770000,11624.8640625,11717.26103515625,11659.05751953125,50.497186252654885,67.78860285902374,100.59556720703812,-32.806964348014375,12122.335927560629,11195.779111501872,11659.05751953125,0.4351282909186017,-0.016082929263975698,0.0025431179570654106,-0.00021087723002255476,-0.0010678110617499126,0.003738089006707801,3271358000.0,3585077500.0,167140500000.0,21704.437,259.997,0.09,7.8,0.0806,0.0426,0.0863599999999999
2020-10-28,11142.759765625,11142.759765625,11426.099609375,11136.099609375,11400.48046875,3930690000,11520.3419921875,11633.0009765625,11645.292529296876,39.65802762343154,21.835149130138234,84.84348359165814,-63.00833446151991,12152.954156332788,11137.630902260964,11645.292529296876,0.005051458580769652,0.008208136272531474,-0.016082929263975698,0.0025431179570654106,-0.00021087723002255476,-0.0010678110617499126,3364034000.0,3568580500.0,163209810000.0,21704.437,259.997,0.09,7.8,0.0554,0.1243,-0.1212599999999999
2020-10-29,11350.740234375,11350.740234375,11467.3701171875,11187.080078125,11214.330078125,3244190000,11457.9080078125,11578.21796875,11633.66953125,45.41102766536203,2.173931902319964,68.3095732537905,-66.13564135147054,12157.697507756018,11109.641554743981,11633.66953125,0.23004370991655432,-0.03933032058986341,0.008208136272531474,-0.016082929263975698,0.0025431179570654106,-0.00021087723002255476,3326064000.0,3530495000.0,166454000000.0,21704.437,259.997,0.09,7.8,0.0,0.0290999999999999,-0.06249
2020-10-30,11052.9501953125,11052.9501953125,11293.759765625,10960.01953125,11265.7001953125,3671600000,11329.983984375,11498.29599609375,11623.53251953125,39.59078273765142,-37.010260573490086,47.24560648833439,-84.25586706182447,12184.863051026534,11062.201988035968,11623.53251953125,-0.008240949141695967,0.018665076975958206,-0.03933032058986341,0.008208136272531474,-0.016082929263975698,0.0025431179570654106,3431270000.0,3527499500.0,162782400000.0,21704.437,259.997,0.09,7.8,0.0415,0.2158,-0.28172
2020-11-02,11084.759765625,11084.759765625,11222.51953125,10957.1103515625,11152.48046875,3209000000,11246.03203125,11443.33701171875,11602.317529296875,40.46850883452338,-64.75084154159231,24.84631688234905,-89.59715842394135,12211.865652621838,10992.769405971912,11602.317529296875,0.07545783190283532,-0.026235296810040776,0.018665076975958206,-0.03933032058986341,0.008208136272531474,-0.016082929263975698,3432050000.0,3506753500.0,165991400000.0,21704.437,259.997,0.09,7.8,0.053322222222222194,0.13224444444444441,-0.19974222222222218
2020-11-03,11279.91015625,11279.91015625,11356.080078125,11115.5498046875,11155.849609375,3216580000,11182.2240234375,11403.54404296875,11601.749560546876,45.6827365091339,-70.1794610930483,5.841161287269581,-76.02062238031789,12212.537929429114,10990.961191664637,11601.749560546876,0.23653771036451485,0.002877925780031987,-0.026235296810040776,0.018665076975958206,-0.03933032058986341,0.008208136272531474,3454412000.0,3448034500.0,169207980000.0,21704.437,259.997,0.09,7.8,0.1574,0.0,0.31326
2020-11-04,11777.01953125,11777.01953125,11846.4599609375,11564.91015625,11627.759765625,3620760000,11309.0759765625,11414.708984375,11615.441015625,56.20550399251689,-33.977438392988915,-2.122558648782119,-31.854879744206798,12229.196168490935,11001.685862759065,11615.441015625,0.6316310868189929,0.017605288229175953,0.002877925780031987,-0.026235296810040776,0.018665076975958206,-0.03933032058986341,3392426000.0,3433534000.0,172828740000.0,21704.437,259.997,0.09,7.8,0.1396,0.0512,0.10984
2020-11-05,12078.0703125,12078.0703125,12117.0400390625,11977.0703125,12021.76953125,3848160000,11454.5419921875,11456.225,11641.797509765625,61.11811012788454,18.788623917806035,2.059677864535512,16.728946053270523,12288.290125672194,10995.304893859056,11641.797509765625,0.837415147520745,0.0440703310677133,0.017605288229175953,0.002877925780031987,-0.026235296810040776,0.018665076975958206,3513220000.0,3450563500.0,176676900000.0,22087.16,260.319,0.09,6.9,0.0819,0.0863,0.0114899999999999
2020-11-06,12091.349609375,12091.349609375,12116.91015625,11895.5,12044.2900390625,4183220000,11662.221875,11496.1029296875,11660.072509765625,61.32419767505178,60.97475768503318,13.842693828635047,47.13206385639813,12336.538272515027,10983.606747016223,11660.072509765625,0.8187723040531341,0.02556256109206334,0.0440703310677133,0.017605288229175953,0.002877925780031987,-0.026235296810040776,3615544000.0,3484513000.0,180860120000.0,22087.16,260.319,0.09,6.9,0.1189,0.0263,0.23751
2020-11-09,11830.3896484375,11830.3896484375,12268.66015625,11818.240234375,12194.7099609375,5863900000,11811.3478515625,11528.68994140625,11647.186474609374,55.13908748823362,72.51438403545399,25.577031869998837,46.93735216545515,12298.67847795197,10995.69447126678,11647.186474609374,0.6406027801478524,0.001099455172177466,0.02556256109206334,0.0440703310677133,0.017605288229175953,0.002877925780031987,4146524000.0,3583456500.0,174996220000.0,22087.16,260.319,0.09,6.9,0.1370111111111111,0.053222222222222226,0.12331777777777779
2020-11-10,11624.2900390625,11624.2900390625,11761.9501953125,11512.4599609375,11704.4599609375,4736560000,11880.223828125,11531.22392578125,11624.24248046875,50.7827662861858,64.28803260446875,33.319232016892826,30.968800587575927,12242.561566483922,11005.923394453579,11624.24248046875,0.500038457970023,-0.021582368335058777,0.001099455172177466,0.02556256109206334,0.0440703310677133,0.017605288229175953,4450520000.0,3638578000.0,170259660000.0,22087.16,260.319,0.09,6.9,0.3154,0.0708,0.43084
2020-11-11,11892.9296875,11892.9296875,11904.1298828125,11714.3203125,11734.8095703125,3854680000,11903.405859375,11606.24091796875,11619.620947265625,55.696137071147376,78.5402017848428,42.36342597048282,36.17677581435997,12227.875112394946,11011.366782136303,11619.620947265625,0.7246665587372237,-0.017421202132781866,-0.021582368335058777,0.001099455172177466,0.02556256109206334,0.0440703310677133,4497304000.0,3660791500.0,174114340000.0,22087.16,260.319,0.09,6.9,0.1275,0.0197,0.18437
2020-11-12,11827.1396484375,11827.1396484375,11976.8896484375,11786.08984375,11924.150390625,3886670000,11853.2197265625,11653.880859375,11616.0494140625,54.26732384635305,83.56317792077789,50.60337636054184,32.95980156023605,12218.21541856004,11013.88340956496,11616.0494140625,0.675275781759831,0.023110198346286692,-0.017421202132781866,-0.021582368335058777,0.001099455172177466,0.02556256109206334,4505006000.0,3688861500.0,170227670000.0,22087.16,260.319,0.09,6.9,0.1201,0.0144999999999999,0.10618
2020-11-13,11937.83984375,11937.83984375,11957.08984375,11808.9501953125,11910.6201171875,3654230000,11822.5177734375,11742.36982421875,11620.33291015625,56.298822110434635,95.37705596764135,59.55811228196174,35.81894368567961,12230.73359482729,11009.93222548521,11620.33291015625,0.7600807482423304,-0.005531861432902296,0.023110198346286692,-0.017421202132781866,-0.021582368335058777,0.001099455172177466,4399208000.0,3713224000.0,173881900000.0,22087.16,260.319,0.09,6.9,0.0856666666666666,0.0,0.1953
2020-11-16,12013.3798828125,12013.3798828125,12035.5,11891.849609375,11925.3603515625,4172570000,11859.1158203125,11835.2318359375,11639.284423828125,57.68030610819671,109.57201133164926,69.56089209189925,40.011119239750016,12274.547152356261,11004.021695299989,11639.284423828125,0.7944415296102219,0.009359845119197852,-0.005531861432902296,0.023110198346286692,-0.017421202132781866,-0.021582368335058777,4060942000.0,3747982000.0,178054470000.0,22087.16,260.319,0.09,6.9,0.08303333333333333,0.0,0.14519666666666667
2020-11-17,11977.490234375,11977.490234375,12047.1298828125,11964.2001953125,12030.26953125,4145030000,11929.755859375,11904.98984375,11654.266943359375,56.76220885990944,116.58173931890269,78.96506153729995,37.616677781602746,12307.245724311155,11001.288162407594,11654.266943359375,0.7474990768800296,0.00632778124444755,0.009359845119197852,-0.005531861432902296,0.023110198346286692,-0.017421202132781866,3942636000.0,3779731500.0,173909440000.0,22087.16,260.319,0.09,6.9,0.0877,0.046,0.02751
2020-11-18,11894.7099609375,11894.7099609375,12027.150390625,11892.5400390625,11963.3603515625,4731420000,11930.1119140625,11916.75888671875,11665.733935546876,54.60335715897986,114.14157003961009,86.00036323776197,28.141206801848114,12327.52907729703,11003.938793796722,11665.733935546876,0.6729961516377142,-0.0029874730332009047,0.00632778124444755,0.009359845119197852,-0.005531861432902296,0.023110198346286692,4117984000.0,3842937000.0,169178020000.0,22087.16,260.319,0.09,6.9,0.0,0.0,0.0
2020-11-19,11985.4296875,11985.4296875,12000.2900390625,11842.66015625,11863.1201171875,5385190000,11961.769921875,11907.49482421875,11681.859912109376,56.55354922800518,118.16589913301868,92.43347041681332,25.732428716205362,12358.907263869398,11004.812560349354,11681.859912109376,0.7241865170888548,-0.006911320470120108,-0.0029874730332009047,0.00632778124444755,0.009359845119197852,-0.005531861432902296,4417688000.0,3940494500.0,174563210000.0,22087.16,260.319,0.09,6.9,0.0750999999999999,0.0,0.1749099999999999
2020-11-20,11906.4404296875,11906.4404296875,12017.419921875,11903.5703125,11976.0,5350970000,11955.4900390625,11889.00390625,11692.55341796875,54.36370278513812,113.67110621394568,96.6809975762398,16.990108637705873,12377.028165239326,11008.078670698173,11692.55341796875,0.6562417113061149,0.007626896902944713,-0.006911320470120108,-0.0029874730332009047,0.00632778124444755,0.009359845119197852,4757036000.0,4050764500.0,169212240000.0,22087.16,260.319,0.09,6.9,0.0721538461538461,0.1215384615384615,-0.1252923076923076
2020-11-23,11905.9404296875,11905.9404296875,12001.830078125,11817.5302734375,11959.8896484375,5473250000,11934.0021484375,11896.558984375,11712.624462890624,54.3493566519523,108.81426154841574,99.107650370675,9.70661117774074,12397.42521234813,11027.82371343312,11712.624462890624,0.6411476016564084,-0.006590440215496041,0.007626896902944713,-0.006911320470120108,-0.0029874730332009047,0.00632778124444755,5017172000.0,4164172000.0,163738990000.0,22087.16,260.319,0.09,6.9,0.0578587301587301,0.04007777777777777,0.03940714285714287
2020-11-24,12079.8095703125,12079.8095703125,12094.16015625,11878.3095703125,11952.7001953125,6339580000,11954.466015625,11942.1109375,11736.667431640624,58.4550048073578,117.63889576005568,102.81389944855114,14.824996311504535,12438.224210713557,11035.110652567691,11736.667431640624,0.7445576387454472,-4.199407899885266e-05,-0.006590440215496041,0.007626896902944713,-0.006911320470120108,-0.0029874730332009047,5456082000.0,4325912500.0,170078570000.0,22087.16,260.319,0.09,6.9,0.0101,0.0216,-0.0093699999999999
2020-11-25,12152.2197265625,12152.2197265625,12174.990234375,12081.509765625,12112.1103515625,4448640000,12005.96796875,11968.03994140625,11787.1404296875,60.06580410180215,128.9884775268947,108.04881506421987,20.939662462674846,12453.13727118089,11121.14358819411,11787.1404296875,0.7740848560605543,0.014603562116895619,-4.199407899885266e-05,-0.006590440215496041,0.007626896902944713,-0.006911320470120108,5399526000.0,4351810000.0,174527210000.0,22087.16,260.319,0.09,6.9,0.0,0.0378,-0.05464
2020-11-27,12258.2099609375,12258.2099609375,12306.7099609375,12214.4501953125,12220.3701171875,3401830000,12060.5240234375,12011.14697265625,11832.513916015625,62.36594671728846,144.86570726556602,115.4121935044891,29.45351376107692,12496.97370035143,11168.05413167982,11832.513916015625,0.8203324376865049,0.005994312727243267,0.014603562116895619,-4.199407899885266e-05,-0.006590440215496041,0.007626896902944713,5002854000.0,4359692000.0,177929040000.0,22087.16,260.319,0.09,6.9,0.16230454545454545,0.03245,0.1703372727272727
2020-11-30,12268.3203125,12268.3203125,12299.6103515625,12090.9296875,12278.7802734375,7760390000,12132.9,12044.19501953125,11893.282421875,62.587314184148966,156.46076479497424,123.62190776258613,32.838857032388105,12474.661674531195,11311.903169218804,11893.282421875,0.8225415156384873,0.008721882648593304,0.005994312727243267,0.014603562116895619,-4.199407899885266e-05,-0.006590440215496041,5484738000.0,4564131500.0,185689430000.0,22087.16,260.319,0.09,6.9,0.18941428571428565,0.006466666666666667,0.29847793650793647
2020-12-01,12455.330078125,12455.330078125,12510.01953125,12338.3603515625,12387.6201171875,6512420000,12242.7779296875,12088.3900390625,11961.8109375,66.51118978269301,178.68034086023727,134.63359438211637,44.046746478120895,12458.912907636994,11464.708967363007,11961.8109375,0.996396283129791,0.0008247820517610638,0.008721882648593304,0.005994312727243267,0.014603562116895619,-4.199407899885266e-05,5692572000.0,4729302500.0,192201850000.0,22087.16,260.319,0.09,6.9,0.064,0.0,0.10212
2020-12-02,12456.41015625,12456.41015625,12472.25,12318.26953125,12390.580078125,5194960000,12318.098046875,12136.28203125,12020.6359375,66.53302152595604,194.1387575041299,146.5346270065191,47.60413049761081,12452.085477297778,11589.18639770222,12020.6359375,1.0050118015588205,0.015243306407190849,0.0008247820517610638,0.008721882648593304,0.005994312727243267,0.014603562116895619,5463648000.0,4828221500.0,197396810000.0,22087.16,260.319,0.09,6.9,0.147,0.0,0.25154
2020-12-03,12467.1298828125,12467.1298828125,12538.919921875,12445.3603515625,12469.16015625,5209980000,12381.080078125,12193.5240234375,12055.141455078125,66.76460245704317,204.89277998505167,158.2062576022256,46.68652238282607,12514.065052790156,11596.217857366093,12055.141455078125,0.9488638520533135,8.671613824962066e-05,0.015243306407190849,0.0008247820517610638,0.008721882648593304,0.005994312727243267,5615916000.0,4907682500.0,202606790000.0,22087.16,260.319,0.09,6.9,0.0451,0.1056999999999999,-0.14794
2020-12-04,12528.48046875,12528.48046875,12531.2099609375,12450.509765625,12479.91015625,5086900000,12435.1341796875,12247.8291015625,12077.661962890625,68.12407000933366,215.8773995536103,169.74048599250256,46.13691356110775,12583.16478696917,11572.15913881208,12077.661962890625,0.9459109666510263,0.000860579125770089,8.671613824962066e-05,0.015243306407190849,0.0008247820517610638,0.008721882648593304,5952930000.0,4969619500.0,207693690000.0,22087.16,260.319,0.09,6.9,0.1282727272727273,0.1144545454545454,0.0049818181818181
2020-12-07,12596.4697265625,12596.4697265625,12610.0,12523.1201171875,12523.5703125,4771820000,12500.7640625,12316.83203125,12102.91796875,69.60773974120679,227.44708616867865,181.2818060277378,46.165280140940865,12659.221384032218,11546.614553467782,12102.91796875,0.943599431761637,0.0049209871489410695,0.000860579125770089,8.671613824962066e-05,0.015243306407190849,0.0008247820517610638,5355216000.0,4999049500.0,212465510000.0,22087.16,260.911,0.09,6.7,0.17517777777777777,0.04274444444444444,0.23549222222222213
2020-12-08,12635.7197265625,12635.7197265625,12651.349609375,12504.9697265625,12574.83984375,4809480000,12536.8419921875,12389.8099609375,12143.18447265625,70.46247672025639,237.0507199990734,192.43558882200492,44.61513117706849,12732.05981069769,11554.30913461481,12143.18447265625,0.91819993306596,0.0054267760549322475,0.0049209871489410695,0.000860579125770089,8.671613824962066e-05,0.015243306407190849,5014628000.0,4946328500.0,217274990000.0,22087.16,260.911,0.09,6.7,0.1303,0.008,0.2746099999999999
2020-12-09,12364.6396484375,12364.6396484375,12643.240234375,12311.2998046875,12626.9697265625,5168450000,12518.487890625,12418.29296875,12180.201953125,58.27312921878698,220.24888021520746,197.99824710064544,22.25063311456202,12723.013806210764,11637.390100039238,12180.201953125,0.669890998385548,0.003115952393965893,0.0054267760549322475,0.0049209871489410695,0.000860579125770089,8.671613824962066e-05,5009326000.0,4967923000.0,212106540000.0,22087.16,260.911,0.09,6.7,0.0251,0.1238,-0.1085599999999999
2020-12-10,12401.740234375,12401.740234375,12447.849609375,12226.1298828125,12268.4697265625,4518580000,12505.4099609375,12443.24501953125,12205.64248046875,59.310590252086456,207.5346777788127,199.9055332362789,7.629144542533794,12739.38237555283,11671.90258538467,12205.64248046875,0.683701607948342,-0.02145347348557769,0.003115952393965893,0.0054267760549322475,0.0049209871489410695,0.000860579125770089,4871046000.0,5001118000.0,216625120000.0,22087.16,260.911,0.09,6.7,0.0216,0.0,0.00258
2020-12-11,12375.41015625,12375.41015625,12378.6103515625,12236.7998046875,12327.0703125,4292680000,12474.7958984375,12454.9650390625,12233.056005859375,58.20455489181192,193.10793541806197,198.54601367263552,-5.438078254573554,12740.619525663004,11725.492486055746,12233.056005859375,0.6402328426259838,0.003000539198260377,-0.02145347348557769,0.003115952393965893,0.0054267760549322475,0.0049209871489410695,4712202000.0,5021418500.0,212332440000.0,22087.16,260.911,0.09,6.7,0.0,0.3559,-0.4335799999999999
2020-12-14,12462.2099609375,12462.2099609375,12544.3095703125,12426.25,12427.8603515625,4491930000,12447.9439453125,12474.35400390625,12259.27451171875,60.79978851543999,186.52847285501775,196.14250550911197,-9.614032654094217,12756.701407333792,11761.847616103707,12259.27451171875,0.7039851996420813,-0.0021230954388173906,0.003000539198260377,-0.02145347348557769,0.003115952393965893,0.0054267760549322475,4656224000.0,5063303500.0,216824370000.0,22087.16,260.911,0.09,6.7,0.018555555555555533,0.05852820512820509,-0.0546348717948718
2020-12-15,12595.919921875,12595.919921875,12596.83984375,12467.5703125,12565.2802734375,4423650000,12439.983984375,12488.41298828125,12288.401513671875,64.46067587305038,189.91426433647757,194.8968572745851,-4.98259293810753,12793.367905901065,11783.435121442686,12288.401513671875,0.8044939355722025,0.007013893163263285,-0.0021230954388173906,0.003000539198260377,-0.02145347348557769,0.003115952393965893,4579058000.0,5075857500.0,221248020000.0,22087.16,260.911,0.09,6.7,0.0,0.0,0.0
2020-12-16,12668.16015625,12668.16015625,12698.1103515625,12568.7099609375,12607.8701171875,4592700000,12500.6880859375,12509.58798828125,12322.935009765624,66.29226315277576,196.1654385887723,195.15057353742256,1.0148650513497444,12832.81777813998,11813.052241391268,12322.935009765624,0.838533843362707,0.010729233527328574,0.007013893163263285,-0.0021230954388173906,0.003000539198260377,-0.02145347348557769,4463908000.0,5098241000.0,225840720000.0,22087.16,260.911,0.09,6.7,0.0182,0.0538,-0.04394
2020-12-17,12752.0595703125,12752.0595703125,12760.9697265625,12685.98046875,12741.6396484375,5029830000,12570.751953125,12538.08095703125,12365.802490234375,68.3334540117858,205.5204094114979,197.22454071223763,8.295868699260268,12868.20217520749,11863.40280526126,12365.802490234375,0.8844121439873059,0.005735209085407256,0.010729233527328574,0.007013893163263285,-0.0021230954388173906,0.003000539198260377,4566158000.0,5113161500.0,230870550000.0,22087.16,260.911,0.09,6.7,0.0793,0.0084,0.18831
2020-12-18,12738.1796875,12738.1796875,12793.4697265625,12611.2197265625,12786.919921875,7125800000,12643.305859375,12559.05087890625,12403.439990234376,67.60409961065417,209.4004624595127,199.65972506169265,9.740737397820055,12898.59026753965,11908.289712929101,12403.439990234376,0.8380182871827896,0.006622857070614829,0.005735209085407256,0.010729233527328574,0.007013893163263285,-0.0021230954388173906,5132782000.0,5200192000.0,223744750000.0,22087.16,260.911,0.09,6.7,0.1417,0.1058,0.08588
2020-12-21,12690.259765625,12690.259765625,12706.4404296875,12474.0302734375,12575.599609375,5192860000,12688.9158203125,12568.4298828125,12442.63095703125,65.02367182302743,206.23138817423023,200.97405768420018,5.257330490030057,12894.321097468828,11990.940816593671,12442.63095703125,0.7741135863114678,-0.0010884424383347246,0.006622857070614829,0.005735209085407256,0.010729233527328574,0.007013893163263285,5272968000.0,5192286500.0,218551890000.0,22087.16,260.911,0.09,6.7,0.051847619047619,0.05062857142857139,0.011624285714285665
2020-12-22,12717.5595703125,12717.5595703125,12761.23046875,12606.419921875,12715.48046875,5811850000,12713.24375,12576.6138671875,12483.2119140625,65.82399986087384,203.5760421631203,201.49445457998422,2.08158758313607,12873.549597260087,12092.874230864913,12483.2119140625,0.8001857959629459,-0.003761912851804383,-0.0010884424383347246,0.006622857070614829,0.005735209085407256,0.010729233527328574,5550608000.0,5209216500.0,224363740000.0,22087.16,260.911,0.09,6.7,0.0929,0.0112,0.0761
2020-12-23,12653.1396484375,12653.1396484375,12737.58984375,12649.599609375,12733.75,7100250000,12710.2396484375,12605.4638671875,12511.87841796875,62.206764504154165,194.03677682349735,200.00291902868688,-5.966142205189527,12859.330276938408,12164.426558999092,12511.87841796875,0.7032817307232855,0.0021512408092267954,-0.003761912851804383,-0.0010884424383347246,0.006622857070614829,0.005735209085407256,6052118000.0,5247250000.0,217263490000.0,22087.16,260.911,0.09,6.7,0.016,0.1475,-0.17887
2020-12-24,12711.009765625,12711.009765625,12732.5498046875,12665.7998046875,12668.2001953125,3305960000,12702.0296875,12636.3908203125,12539.817919921876,64.11455084849597,188.96816772252714,197.79596876745495,-8.82780104492781,12853.747136502727,12225.888703341025,12539.817919921876,0.7726599447602459,-0.005065431108762453,0.0021512408092267954,-0.003761912851804383,-0.0010884424383347246,0.006622857070614829,5707344000.0,5190116000.0,220569450000.0,22087.16,260.911,0.09,6.7,0.0691818181818181,0.0,0.1552909090909091
2020-12-28,12838.8603515625,12838.8603515625,12861.91015625,12747.0498046875,12813.9697265625,5109140000,12722.1658203125,12682.73583984375,12568.850439453125,67.96232598966628,193.04245898347654,196.84526681065927,-3.8028078271827326,12880.51337020098,12257.187508705269,12568.850439453125,0.9331761744354204,0.00457357768865263,-0.005065431108762453,0.0021512408092267954,-0.003761912851804383,-0.0010884424383347246,5304012000.0,5275481500.0,225678590000.0,22087.16,260.911,0.09,6.7,0.02045,0.013149999999999998,0.007715000000000001
2020-12-29,12843.490234375,12843.490234375,12925.5302734375,12816.58984375,12909.8603515625,4726920000,12752.8119140625,12720.8638671875,12597.608935546876,68.09573709210233,194.40398883982198,196.35701121649183,-1.9530223766698498,12898.468442611456,12296.749428482295,12597.608935546876,0.9086314260551935,0.010058255661423043,0.00457357768865263,-0.005065431108762453,0.0021512408092267954,-0.003761912851804383,5210824000.0,5123808000.0,230405510000.0,22087.16,260.911,0.09,6.7,0.2113999999999999,0.0564,0.25863
2020-12-30,12845.3603515625,12845.3603515625,12917.4501953125,12828.7900390625,12900.0302734375,5343010000,12778.3720703125,12745.80791015625,12617.11044921875,68.15342399818469,193.40446757596328,195.76650248838612,-2.3620349124228426,12929.481488501246,12304.739409936254,12617.11044921875,0.865350614557661,0.0003606147808856708,0.010058255661423043,0.00457357768865263,-0.005065431108762453,0.0021512408092267954,5117056000.0,5065337500.0,235748520000.0,22087.16,260.911,0.09,6.7,0.0342,0.0,0.07763
2020-12-31,12888.2802734375,12888.2802734375,12904.08984375,12804.75,12852.9599609375,4815840000,12825.4001953125,12767.819921875,12638.703955078125,69.51574334883782,193.84113878574863,195.38142974785865,-1.5402909621100207,12963.752069368316,12313.655840787933,12638.703955078125,0.8839067316301399,0.00014560817607778276,0.0003606147808856708,0.010058255661423043,0.00457357768865263,-0.005065431108762453,4660174000.0,5046381500.0,240564360000.0,22087.16,260.911,0.09,6.7,0.0,0.0,0.0
2021-01-04,12694.66015625,12694.66015625,12950.2197265625,12537.419921875,12950.2197265625,6636170000,12822.1302734375,12762.07998046875,12650.08046875,57.55460539043742,176.52876484357876,191.61089676700269,-15.08213192342393,12965.632531941648,12334.528405558352,12650.08046875,0.5706376105563989,0.003341278150268412,0.00014560817607778276,0.0003606147808856708,0.010058255661423043,0.00457357768865263,5326216000.0,5117691000.0,233928190000.0,22087.16,260.911,0.09,6.7,0.06209583333333332,0.07163333333333333,-0.015869166666666646
2021-01-05,12802.3798828125,12802.3798828125,12809.669921875,12663.1298828125,12663.1298828125,6971860000,12814.8341796875,12768.5,12663.775439453126,61.52138611703505,169.54624190990035,187.19796579558223,-17.65172388568189,12980.877366898016,12346.673512008236,12663.775439453126,0.7185487241850063,-0.015022959858077223,0.003341278150268412,0.00014560817607778276,0.0003606147808856708,0.010058255661423043,5698760000.0,5211939000.0,240900050000.0,22087.16,262.045,0.09,6.7,0.1453,0.0,0.21622
2021-01-06,12623.349609375,12623.349609375,12803.2900390625,12569.419921875,12601.259765625,7689880000,12770.8060546875,12761.808984375,12665.11943359375,52.70526520325818,147.86183612456807,179.3307398613794,-31.468903736811342,12981.24659528124,12348.992271906262,12665.11943359375,0.43393509118959744,0.008485436020866377,-0.015022959858077223,0.003341278150268412,0.00014560817607778276,0.0003606147808856708,6291352000.0,5357842000.0,233210170000.0,22087.16,262.045,0.09,6.7,0.0462,0.0344999999999999,0.00181
2021-01-07,12939.5703125,12939.5703125,12966.6796875,12744.8203125,12745.41015625,6841480000,12789.648046875,12784.01005859375,12680.311962890624,62.835659785074654,154.41317729845832,174.3472273487952,-19.93405005033688,13018.897410218013,12341.726515563236,12680.311962890624,0.88285512808631,-0.013984140064290163,0.008485436020866377,-0.015022959858077223,0.003341278150268412,0.00014560817607778276,6591046000.0,5459442000.0,240051650000.0,22087.16,262.045,0.09,6.7,0.0348,0.0134,0.0109199999999999
2021-01-08,13105.2001953125,13105.2001953125,13113.08984375,12939.73046875,13037.240234375,7289390000,12833.03203125,12829.21611328125,12717.339990234375,66.84189420491641,170.99894035366015,173.6775699497682,-2.678629596108067,13072.156474507878,12362.523505960873,12717.339990234375,1.0465645231679137,0.025050459102404332,-0.013984140064290163,0.008485436020866377,-0.015022959858077223,0.003341278150268412,7085756000.0,5565489000.0,247341040000.0,22087.16,262.045,0.09,6.7,0.0409,0.0,0.0803299999999999
2021-01-11,12902.490234375,12902.490234375,13023.2099609375,12883.58984375,12961.5,6960470000,12874.598046875,12848.36416015625,12742.377490234376,58.52648792447083,165.8741830104027,172.11689256189513,-6.242709551492425,13073.290066402587,12411.464914066164,12742.377490234376,0.7419260488595555,0.012800261431594517,0.025050459102404332,-0.013984140064290163,0.008485436020866377,-0.015022959858077223,7150616000.0,5687583500.0,240380570000.0,22087.16,262.045,0.09,6.7,0.0474199134199134,0.005060606060606034,0.07756623376623373
2021-01-12,12892.08984375,12892.08984375,12957.4296875,12783.7099609375,12916.099609375,7264070000,12892.5400390625,12853.687109375,12768.211474609376,58.12693766923749,159.13909486528064,169.52133302257224,-10.382238157291596,13056.414893879313,12480.008055339438,12768.211474609376,0.7149148151233368,-0.015467902658213961,0.012800261431594517,0.025050459102404332,-0.013984140064290163,0.008485436020866377,7209058000.0,5836153000.0,233116500000.0,22087.16,262.045,0.09,6.7,0.119,0.0437,0.13585
2021-01-13,12973.6298828125,12973.6298828125,13008.849609375,12878.01953125,12911.8701171875,7104810000,12962.59609375,12866.70107421875,12793.782470703125,60.408969521625615,158.55338396608022,167.32774321127386,-8.774359245193637,13057.370279266104,12530.194662140146,12793.782470703125,0.8411527511265832,-0.0008060762252926068,-0.015467902658213961,0.012800261431594517,0.025050459102404332,-0.013984140064290163,7092044000.0,5966797000.0,240221310000.0,22087.16,262.045,0.09,6.7,0.0668,0.0212,0.08997
2021-01-14,12898.6904296875,12898.6904296875,13037.0498046875,12886.16015625,13010.9404296875,6734100000,12954.4201171875,12872.03408203125,12808.92099609375,57.317273483884044,150.30954145711985,163.92410286044307,-13.614561403323222,13059.09803804557,12558.74395414193,12808.92099609375,0.6794118135169225,0.006324811574442313,-0.0008060762252926068,-0.015467902658213961,0.012800261431594517,0.025050459102404332,7070568000.0,6082319500.0,233487210000.0,22087.16,262.045,0.09,6.7,0.0776,0.0,0.14591
2021-01-15,12803.9296875,12803.9296875,12941.2900390625,12758.099609375,12898.08984375,6458360000,12894.166015625,12863.5990234375,12815.70947265625,53.582848204286385,134.5784997561459,158.05498223958364,-23.476482483437735,13057.015242590121,12574.403702722379,12815.70947265625,0.47559158001178714,-0.0057762903521920705,0.006324811574442313,-0.0008060762252926068,-0.015467902658213961,0.012800261431594517,6904362000.0,6175602500.0,227028850000.0,22087.16,262.045,0.09,6.7,0.0142307692307692,0.064076923076923,-0.0957076923076923
2021-01-19,12996.5400390625,12996.5400390625,13012.08984375,12861.2998046875,12921.6103515625,6297860000,12912.9759765625,12893.78701171875,12827.93349609375,59.376488940829304,136.08487974747732,153.66096174116237,-17.57608199368505,13080.184458457772,12575.682533729729,12827.93349609375,0.8342039637601751,-0.0073465397672773936,-0.0057762903521920705,0.006324811574442313,-0.0008060762252926068,-0.015467902658213961,6771840000.0,6239004000.0,233326710000.0,22087.16,262.045,0.09,6.7,0.08792916666666664,0.033465277777777774,0.1079963194444444
2021-01-20,13296.4501953125,13296.4501953125,13332.259765625,13138.2998046875,13155.1201171875,6820990000,12993.848046875,12943.19404296875,12855.847021484375,66.40741767085493,159.63872405980146,154.8565142048902,4.782209854911258,13179.677372248016,12532.016670720734,12855.847021484375,1.1802993801987929,0.015043065391911581,-0.0073465397672773936,-0.0057762903521920705,0.006324811574442313,-0.0008060762252926068,6683224000.0,6223763500.0,240147700000.0,22087.16,262.045,0.09,6.7,0.1035,0.0,0.10825
2021-01-21,13404.990234375,13404.990234375,13433.6904296875,13297.7900390625,13356.7001953125,7258640000,13080.1201171875,13021.35810546875,12891.583544921876,68.53023316223936,184.93181062219446,160.87157348835106,24.0602371338434,13288.071044737426,12495.096045106326,12891.583544921876,1.147443727345712,0.023076153756968143,0.015043065391911581,-0.0073465397672773936,-0.0057762903521920705,0.006324811574442313,6713990000.0,6327052500.0,247406340000.0,22087.16,262.045,0.09,6.7,0.0769,0.0675,0.0389
2021-01-22,13366.400390625,13366.400390625,13404.76953125,13336.900390625,13356.1796875,5972750000,13173.662109375,13064.04111328125,12924.0255859375,66.91127402532976,199.56245431783464,168.6097496542478,30.952704663586843,13364.31928597536,12483.731885899639,12924.0255859375,1.00236331413493,0.008163083941063132,0.023076153756968143,0.015043065391911581,-0.0073465397672773936,-0.0057762903521920705,6561720000.0,6335097500.0,241433590000.0,22087.16,262.045,0.09,6.7,0.0447272727272727,0.0768181818181818,-0.036990909090909
2021-01-25,13483.2900390625,13483.2900390625,13563.7001953125,13205.58984375,13515.6298828125,7193710000,13309.5341796875,13101.85009765625,12965.53310546875,69.27872315231495,218.07552370609665,178.5029044646176,39.57261924147906,13452.363483306783,12478.702727630718,12965.53310546875,1.031763173749612,-0.0028787670170055124,0.008163083941063132,0.023076153756968143,0.015043065391911581,-0.0073465397672773936,6708790000.0,6339770500.0,248627300000.0,22087.16,262.045,0.09,6.7,0.07236190476190472,0.054666666666666634,0.01201000000000003
2021-01-26,13490.1904296875,13490.1904296875,13536.2998046875,13440.3203125,13507.4697265625,6849600000,13408.2642578125,13160.6201171875,13004.492138671874,69.41783086286001,230.6453326076571,188.9313900932255,41.71394251443161,13528.825335609585,12480.158941734164,13004.492138671874,0.9631580585134356,0.008745035688103808,-0.0028787670170055124,0.008163083941063132,0.023076153756968143,0.015043065391911581,6819138000.0,6516952500.0,255476900000.0,22087.16,262.045,0.09,6.7,0.0963,0.0691,0.07452
2021-01-27,13112.650390625,13112.650390625,13393.509765625,13034.1396484375,13371.16015625,11621190000,13371.504296875,13182.676171875,13018.181640625,54.797778798254264,207.74788253286533,192.69468858115349,15.053193951711847,13538.58865764794,12497.77462360206,13018.181640625,0.5907642930531772,0.0005117735066892948,0.008745035688103808,-0.0028787670170055124,0.008163083941063132,0.023076153756968143,7779178000.0,6842555000.0,243855710000.0,22087.16,262.045,0.09,6.7,0.0,0.0206,-0.03818
2021-01-28,13201.5302734375,13201.5302734375,13401.849609375,13150.099609375,13163.3203125,9959270000,13330.8123046875,13205.4662109375,13036.083642578125,57.0890232220543,194.5309207609298,193.06193501710877,1.4689857438210367,13555.820711985123,12516.346573171128,13036.083642578125,0.6591637778003246,-0.02798626461429765,0.0005117735066892948,0.008745035688103808,-0.0028787670170055124,0.008163083941063132,8319304000.0,7104172500.0,253814980000.0,22087.16,262.045,0.09,6.7,0.0626,0.1122,-0.08767
2021-01-29,12925.3798828125,12925.3798828125,13167.8701171875,12845.4296875,13124.7001953125,7872250000,13242.608203125,13208.13515625,13040.084619140625,48.8105178975625,159.92978370159835,186.4355047540067,-26.505721052408347,13554.847976866396,12525.321261414854,13040.084619140625,0.3885849831708187,0.006778178336550811,-0.02798626461429765,0.0005117735066892948,0.008745035688103808,-0.0028787670170055124,8699204000.0,7230634500.0,245942730000.0,22087.16,262.045,0.09,6.7,0.0314,0.0,0.04046
2021-02-01,13248.900390625,13248.900390625,13280.2197265625,12983.099609375,13067.650390625,7092520000,13195.7302734375,13252.6322265625,13058.115625,56.727384125236796,156.80597285438307,180.50959837408197,-23.703625519698903,13575.745520677665,12540.485729322336,13058.115625,0.6842868497531719,-0.020918059111725507,0.006778178336550811,-0.02798626461429765,0.0005117735066892948,0.008745035688103808,8678966000.0,7344468500.0,253035250000.0,22087.16,262.045,0.09,6.7,0.0457,0.09183333333333328,-0.06026999999999999
2021-02-02,13456.1201171875,13456.1201171875,13501.23046875,13363.759765625,13371.3701171875,7325270000,13188.9162109375,13298.590234375,13096.188623046875,60.89874038688802,169.10192860751158,178.2280644207679,-9.126135813256326,13613.272552242363,12579.104693851388,13096.188623046875,0.8480397221981251,0.025029864556839865,-0.020918059111725507,0.006778178336550811,-0.02798626461429765,0.0005117735066892948,8774100000.0,7378923500.0,260360520000.0,22087.16,262.045,0.09,6.7,0.1277,0.0207,0.2024099999999999
2021-02-03,13402.3701171875,13402.3701171875,13561.4501953125,13400.080078125,13555.0302734375,7546940000,13246.86015625,13309.1822265625,13126.188134765625,59.301888223189756,172.52067538152914,177.08658661292017,-4.565911231391027,13641.114622958381,12611.26164657287,13126.188134765625,0.7681761268401576,0.015640522643609822,0.025029864556839865,-0.020918059111725507,0.006778178336550811,-0.02798626461429765,7959250000.0,7407677500.0,252813580000.0,22087.16,262.045,0.09,6.7,0.1177999999999999,0.0,0.14087
2021-02-04,13560.8896484375,13560.8896484375,13563.1298828125,13406.4404296875,13454.849609375,7295370000,13318.73203125,13324.77216796875,13173.06513671875,62.43069375551006,185.878565798419,178.84498245001996,7.033583348399048,13665.455413308657,12680.674860128842,13173.06513671875,0.8938182069766526,-0.003994464937284947,0.015640522643609822,0.025029864556839865,-0.020918059111725507,0.006778178336550811,7426470000.0,7387952000.0,260108950000.0,22087.16,262.045,0.09,6.7,0.0837,0.0656,0.01098
2021-02-05,13603.9599609375,13603.9599609375,13642.9599609375,13527.8095703125,13592.76953125,6792910000,13454.448046875,13348.528125,13206.284619140624,63.257219258542186,197.66168360882148,182.60832268178027,15.053360927041211,13721.466490478135,12691.102747803114,13206.284619140624,0.8859562650801692,0.011827723743184082,-0.003994464937284947,0.015640522643609822,0.025029864556839865,-0.020918059111725507,7210602000.0,7385523500.0,266901860000.0,22680.693,262.687,0.09,6.4,0.1227857142857142,0.0103571428571428,0.2073857142857142
2021-02-08,13695.01953125,13695.01953125,13698.41015625,13607.9599609375,13672.330078125,8564530000,13543.671875,13369.70107421875,13235.7755859375,65.00989119665738,211.90492757513493,188.46764366045122,23.437283914683718,13792.449566639805,12679.101605235193,13235.7755859375,0.9124891419687997,0.0031760683566186554,0.011827723743184082,-0.003994464937284947,0.015640522643609822,0.025029864556839865,7505004000.0,7449280500.0,275466390000.0,22680.693,262.687,0.09,6.4,0.09844166666666666,0.054049999999999994,0.0738283333333333
2021-02-09,13687.080078125,13687.080078125,13741.7900390625,13664.7001953125,13667.1396484375,8766770000,13589.8638671875,13389.3900390625,13275.005078125,64.72001211442775,220.01594664332697,194.77730425702637,25.238642386300597,13843.248110214863,12706.762046035135,13275.005078125,0.8625869361604718,0.00669360763880289,0.0031760683566186554,0.011827723743184082,-0.003994464937284947,0.015640522643609822,7793304000.0,7539595500.0,266699620000.0,22680.693,262.687,0.09,6.4,0.0854,0.0108,0.12886
2021-02-10,13655.26953125,13655.26953125,13770.91015625,13531.9296875,13751.419921875,10785930000,13640.44375,13443.651953125,13313.1640625,63.49831135373416,221.32583594440803,200.08701059450271,21.238825349905312,13875.608070948305,12750.720054051695,13313.1640625,0.8041240226683324,-0.0005797328807661817,0.00669360763880289,0.0031760683566186554,0.011827723743184082,-0.003994464937284947,8441102000.0,7715688500.0,255913690000.0,22680.693,262.687,0.09,6.4,0.1056,0.0924,-0.0046199999999999
2021-02-11,13734.349609375,13734.349609375,13747.2001953125,13637.1904296875,13723.6298828125,10916780000,13675.1357421875,13496.93388671875,13351.200048828125,65.25424709540351,226.1382530427545,205.2972590841531,20.840993958601416,13919.819721579312,12782.580376076938,13351.200048828125,0.8369119808087713,-0.002324129521667717,-0.0005797328807661817,0.00669360763880289,0.0031760683566186554,0.011827723743184082,9165384000.0,7906287000.0,266830470000.0,22680.693,262.687,0.09,6.4,0.0993,0.0857,-0.00493
2021-02-12,13807.7001953125,13807.7001953125,13816.25,13656.7802734375,13695.900390625,7416940000,13715.8837890625,13585.16591796875,13396.650537109375,66.84731941998604,233.18291998327913,210.8743912639783,22.308528719300824,13958.250145139647,12835.050929079103,13396.650537109375,0.8659632702067055,0.005791176654845742,-0.002324129521667717,-0.0005797328807661817,0.00669360763880289,0.0031760683566186554,9290190000.0,7940429000.0,274247410000.0,22680.693,262.687,0.09,6.4,0.0452666666666666,0.0296666666666666,0.0313066666666666
2021-02-16,13773.76953125,13773.76953125,13879.76953125,13726.7802734375,13841.0302734375,7722100000,13731.6337890625,13637.65283203125,13445.142529296874,65.35458252785688,233.33817108003495,215.36714722718966,17.971023852845292,13956.48613255517,12933.798926038578,13445.142529296874,0.8213367683286789,0.005340666869833477,0.005791176654845742,-0.002324129521667717,-0.0005797328807661817,0.00669360763880289,9121704000.0,8003616000.0,266525310000.0,22680.693,262.687,0.09,6.4,0.08445625000000001,0.04880625,0.06369125000000002
2021-02-17,13699.7099609375,13699.7099609375,13713.1396484375,13552.66015625,13636.150390625,7280500000,13734.159765625,13662.01181640625,13480.301025390625,62.09523224057114,224.89279614709267,217.27227701117027,7.620519135922393,13957.316156756884,13003.285894024366,13480.301025390625,0.7299811065934612,-0.0024573725951856362,0.005340666869833477,0.005791176654845742,-0.002324129521667717,-0.0005797328807661817,8824450000.0,8052748000.0,259244810000.0,22680.693,262.687,0.09,6.4,0.0648,0.0247,0.08522
2021-02-18,13637.509765625,13637.509765625,13669.9404296875,13477.169921875,13556.009765625,6499420000,13730.6078125,13685.52578125,13497.35400390625,59.41515405539102,210.7513295946792,215.9680875278721,-5.216757933192895,13971.069152077838,13023.638855734662,13497.35400390625,0.647932531036545,-0.00537685563450685,-0.0024573725951856362,0.005340666869833477,0.005791176654845742,-0.002324129521667717,7967148000.0,8036669500.0,252745390000.0,22680.693,262.687,0.09,6.4,0.0,0.0157,-0.04215
2021-02-19,13580.7802734375,13580.7802734375,13701.6904296875,13545.4501953125,13686.23046875,6737820000,13699.8939453125,13687.51484375,13506.143505859374,56.99882037823258,192.7446788780344,211.32340579790457,-18.578726919870178,13979.16569678615,13033.121314932598,13506.143505859374,0.5788935160017465,-0.004540256362350226,-0.00537685563450685,-0.0024573725951856362,0.005340666869833477,0.005791176654845742,7131356000.0,8010628500.0,246007570000.0,22680.693,262.687,0.09,6.4,0.13875,0.2893125,-0.2362125
2021-02-22,13223.740234375,13223.740234375,13447.3701171875,13220.76953125,13414.0400390625,6483740000,13583.101953125,13649.49287109375,13499.010498046875,44.68230270367087,147.95855706510156,198.65043605134397,-50.691878986242415,13985.02941488668,13012.99158120707,13499.010498046875,0.21681116296692823,-0.00415981313028968,-0.004540256362350226,-0.00537685563450685,-0.0024573725951856362,0.005340666869833477,6944716000.0,8036178000.0,239523830000.0,22680.693,262.687,0.09,6.4,0.06329629629629627,0.09640740740740734,-0.08843814814814814
2021-02-23,13194.7099609375,13194.7099609375,13259.849609375,12758.1201171875,12982.3603515625,7516510000,13467.2900390625,13599.4619140625,13484.581494140624,43.85257412964275,108.86777249795887,180.69390334066696,-71.8261308427081,13989.33909135234,12979.823896928909,13484.581494140624,0.21286065350538894,-0.02629009761396628,-0.00415981313028968,-0.004540256362350226,-0.00537685563450685,-0.0024573725951856362,6903598000.0,8052318000.0,232007320000.0,22680.693,262.687,0.09,6.4,0.0703,0.0683,0.01543
2021-02-24,13302.1904296875,13302.1904296875,13312.4296875,12971.8203125,13095.8603515625,5886230000,13387.7861328125,13560.97294921875,13475.181494140625,47.72312871390491,85.57437158355424,161.66999698924442,-76.09562540569019,13986.459344642031,12963.903643639218,13475.181494140625,0.33082480075806775,-0.0021953148597123606,-0.02629009761396628,-0.00415981313028968,-0.004540256362350226,-0.00537685563450685,6624744000.0,8004149500.0,237893550000.0,22680.693,262.687,0.09,6.4,0.1008999999999999,0.0746,0.05528
2021-02-25,12828.3095703125,12828.3095703125,13294.5595703125,12773.759765625,13197.75,6390380000,13225.94609375,13478.276953125,13460.964453125,35.95460132404699,28.54688782202902,135.04537515580134,-106.49848733377232,14027.51373869964,12894.41516755036,13460.964453125,-0.05834055299426449,0.008145724238592056,-0.0021953148597123606,-0.02629009761396628,-0.00415981313028968,-0.004540256362350226,6602936000.0,7742609000.0,231503170000.0,22680.693,262.687,0.09,6.4,0.0243,0.0,0.05423
2021-02-26,12909.4404296875,12909.4404296875,13090.3603515625,12764.33984375,12958.9599609375,5906110000,13091.678125,13395.78603515625,13446.3599609375,38.73990451033752,-9.986107970584271,106.03907853052422,-116.0251865011085,14054.593429387318,12838.126492487681,13446.3599609375,0.05862381872998025,-0.03562427270003621,0.008145724238592056,-0.0021953148597123606,-0.02629009761396628,-0.00415981313028968,6436594000.0,7539951000.0,237409280000.0,22680.693,262.687,0.09,6.4,0.038090909090909,0.2284545454545454,-0.3322909090909091
2021-03-01,13282.9501953125,13282.9501953125,13293.7802734375,13051.7001953125,13106.01953125,5079530000,13103.5201171875,13343.31103515625,13464.2384765625,49.605802932787554,-10.266324419550074,82.77799794050937,-93.04432236005944,14027.339375431064,12901.137577693935,13464.2384765625,0.33902682306646925,0.006324360893406711,-0.03562427270003621,0.008145724238592056,-0.0021953148597123606,-0.02629009761396628,6155752000.0,7400315000.0,242488810000.0,22680.693,262.687,0.09,6.4,0.0714333333333333,0.0617481481481481,0.014157407407407402
2021-03-02,13059.9501953125,13059.9501953125,13301.6201171875,13052.1201171875,13297.759765625,4948140000,13076.5681640625,13271.9291015625,13454.790966796874,44.527654659418616,-28.15804586054037,60.590789180299424,-88.7488350408398,14039.046835445948,12870.5350981478,13454.790966796874,0.16209943907167618,0.02893307170511039,0.006324360893406711,-0.03562427270003621,0.008145724238592056,-0.0021953148597123606,5642078000.0,7293096000.0,237540670000.0,22680.693,262.687,0.09,6.4,0.0623,0.0492,0.0375199999999999
2021-03-03,12683.330078125,12683.330078125,13057.2900390625,12679.8896484375,13020.099609375,5529980000,12952.79609375,13170.29111328125,13416.15146484375,37.53838478653187,-71.89865695478511,34.09289995328252,-105.99155690806762,14094.652255539113,12737.650674148386,13416.15146484375,-0.04002986935926464,-0.016788439068204597,0.02893307170511039,0.006324360893406711,-0.03562427270003621,0.008145724238592056,5570828000.0,7203331500.0,232010690000.0,22680.693,262.687,0.09,6.4,0.0649,0.0406,0.0288199999999999
2021-03-04,12464.0,12464.0,12799.080078125,12314.16015625,12655.919921875,7864380000,12879.9341796875,13052.94013671875,13369.232958984376,34.17420094529635,-122.84542507614606,2.7052349473968036,-125.55066002354286,14170.429609625999,12568.036308342753,13369.232958984376,-0.06492557617373797,-0.028837791228536025,-0.016788439068204597,0.02893307170511039,0.006324360893406711,-0.03562427270003621,5865628000.0,7219203500.0,224146310000.0,22680.693,262.687,0.09,6.4,0.0865,0.0344,0.05289
2021-03-05,12668.509765625,12668.509765625,12700.9599609375,12208.3896484375,12594.16015625,7725200000,12831.748046875,12961.7130859375,13324.61396484375,39.608924337740866,-145.04686694386692,-26.845185430855942,-118.20168151301098,14178.529400208723,12470.698529478776,13324.61396484375,0.11582601037166963,-0.01729278326543593,-0.028837791228536025,-0.016788439068204597,0.02893307170511039,0.006324360893406711,6229446000.0,7240695000.0,231871510000.0,22680.693,262.687,0.09,6.4,0.0741,0.0376,0.03843
2021-03-08,12299.080078125,12299.080078125,12718.580078125,12287.5703125,12629.5595703125,6010230000,12634.9740234375,12869.2470703125,13259.369970703125,34.12755674635085,-190.25837775824766,-59.52782389633428,-130.7305538619134,14216.5714787111,12302.16846269515,13259.369970703125,-0.0016132363688902344,0.016408036394817138,-0.01729278326543593,-0.028837791228536025,-0.016788439068204597,0.02893307170511039,6415586000.0,7201561000.0,225861280000.0,22680.693,263.579,0.08,6.2,0.08526666666666664,0.08386666666666666,0.011466666666666632
2021-03-09,12794.490234375,12794.490234375,12868.51953125,12592.830078125,12635.4501953125,6345560000,12581.88203125,12829.22509765625,13214.343505859375,45.099635236822955,-183.9924164702752,-84.42074241112246,-99.57167405915274,14169.979412286173,12258.707599432577,13214.343505859375,0.2803278065104098,-0.029161258453809458,0.016408036394817138,-0.01729278326543593,-0.028837791228536025,-0.016788439068204597,6695070000.0,7090612500.0,232206840000.0,22680.693,263.579,0.08,6.2,0.0259,0.0,0.06369
2021-03-10,12752.0703125,12752.0703125,12979.3798828125,12726.849609375,12950.25,6023880000,12595.630078125,12774.2130859375,13167.593017578125,44.41740965030222,-180.37033325781522,-103.61066058046102,-76.7596726773542,14117.318119888017,12217.867915268233,13167.593017578125,0.2812405378843292,0.04028026105229854,-0.029161258453809458,0.016408036394817138,-0.01729278326543593,-0.028837791228536025,6793850000.0,6953468000.0,226182960000.0,22680.693,263.579,0.08,6.2,0.0358,0.0582,-0.0384999999999999
2021-03-11,13052.900390625,13052.900390625,13117.8603515625,12920.009765625,12960.5302734375,6008850000,12713.41015625,12796.67216796875,13137.474560546874,50.17378312810328,-151.4791754117814,-113.1843635467251,-38.2948118650563,14059.89448945352,12215.054631640229,13137.474560546874,0.4541563623727639,-0.003315483547834508,0.04028026105229854,-0.029161258453809458,0.016408036394817138,-0.01729278326543593,6422744000.0,6714614000.0,232191810000.0,22680.693,263.579,0.08,6.2,0.0171,0.1044,-0.11286
2021-03-12,12937.2900390625,12937.2900390625,12943.580078125,12778.1298828125,12873.3896484375,5497210000,12767.1662109375,12799.45712890625,13097.62158203125,48.1116323257251,-136.33987266090844,-117.81546536956176,-18.524407291346677,13979.441090440952,12215.802073621548,13097.62158203125,0.4090904989968433,0.023590685336020822,-0.003315483547834508,0.04028026105229854,-0.029161258453809458,0.016408036394817138,5977146000.0,6443635500.0,226694600000.0,22680.693,263.579,0.08,6.2,0.0481,0.0444,0.01647
2021-03-15,13082.5400390625,13082.5400390625,13085.009765625,12885.6396484375,12936.1298828125,5972370000,12923.858203125,12779.41611328125,13061.36357421875,50.845103281648925,-111.33797024742307,-116.51996634513404,5.1819960977109645,13877.432426963409,12245.294721474093,13061.36357421875,0.5129746802445205,-0.0088570622698948,0.023590685336020822,-0.003315483547834508,0.04028026105229854,-0.029161258453809458,5969574000.0,6371407000.0,232666970000.0,22680.693,263.579,0.08,6.2,0.026933333333333333,0.05726666666666667,-0.04262999999999997
2021-03-16,13152.2802734375,13152.2802734375,13297.48046875,13091.7802734375,13156.650390625,5493890000,12995.4162109375,12788.64912109375,13030.289111328126,52.14854479722149,-84.91745284799799,-110.19946364570683,25.282010797708836,13776.47674438443,12284.101478271821,13030.289111328126,0.5817429535850867,0.011227235345380393,-0.0088570622698948,0.023590685336020822,-0.003315483547834508,0.04028026105229854,5799240000.0,6259996500.0,238160860000.0,22680.693,263.579,0.08,6.2,0.0905,0.0588,0.06688
2021-03-17,13202.3798828125,13202.3798828125,13280.2900390625,12950.080078125,13024.830078125,5536110000,13085.478125,12840.5541015625,13005.422607421875,53.11045905715384,-59.253346982657604,-100.01024031309699,40.75689333043938,13688.126985474377,12322.718229369373,13005.422607421875,0.644247848499573,0.005330787000595194,0.011227235345380393,-0.0088570622698948,0.023590685336020822,-0.003315483547834508,5701686000.0,6172777000.0,243696970000.0,22680.693,263.579,0.08,6.2,0.0613999999999999,0.0139,0.06997
2021-03-18,12789.1396484375,12789.1396484375,13040.3603515625,12781.5302734375,13006.2900390625,5739720000,13032.7259765625,12873.06806640625,12963.0041015625,45.06369990870228,-71.43592265673396,-94.29537678182439,22.859454125090423,13582.87888893613,12343.12931418887,12963.0041015625,0.35975840874118153,0.0038091956933263837,0.005330787000595194,0.011227235345380393,-0.0088570622698948,0.023590685336020822,5647860000.0,6134792000.0,237957250000.0,22680.693,263.579,0.08,6.2,0.0965999999999999,0.0788,-0.0258299999999999
2021-03-19,12866.990234375,12866.990234375,12906.01953125,12704.0703125,12792.669921875,7630590000,13018.666015625,12892.91611328125,12927.314599609375,46.70200868855225,-73.95628793734431,-90.22755901292838,16.271271075584067,13475.471132240558,12379.158066978192,12927.314599609375,0.44497523823640767,-0.031300435076328625,0.0038091956933263837,0.005330787000595194,0.011227235345380393,-0.0088570622698948,6074536000.0,6179430500.0,245587840000.0,22680.693,263.579,0.08,6.2,0.0981333333333333,0.0066666666666666,0.1885333333333333
2021-03-22,13086.509765625,13086.509765625,13167.4599609375,12943.1396484375,12943.1396484375,5321760000,13019.4599609375,12971.65908203125,12920.453076171874,51.12783059316941,-57.576596841670835,-83.69736657867688,26.120769737006043,13456.283441929647,12384.622710414102,12920.453076171874,0.6549526679197137,0.0060872418378050686,-0.031300435076328625,0.0038091956933263837,0.005330787000595194,0.011227235345380393,5944414000.0,6121331500.0,250909600000.0,22680.693,263.579,0.08,6.2,0.0574333333333333,0.1627111111111111,-0.20688333333333334
2021-03-23,13017.7900390625,13017.7900390625,13180.66015625,12993.5,13127.169921875,5675010000,12992.5619140625,12993.9890625,12911.607080078125,49.735499519158324,-49.56927748290582,-76.87174875952267,27.302471276616856,13434.047703083392,12389.166457072859,12911.607080078125,0.6016220354129165,0.01706067442746173,0.0060872418378050686,-0.031300435076328625,0.0038091956933263837,0.005330787000595194,5980638000.0,6029256500.0,245234590000.0,22680.693,263.579,0.08,6.2,0.092,0.0,0.15929
2021-03-24,12798.8798828125,12798.8798828125,13077.490234375,12797.849609375,13072.8203125,6248650000,12911.8619140625,12998.67001953125,12886.441552734375,45.486051147244225,-60.19376307096172,-73.53615162181049,13.342388550848767,13377.19199083818,12395.69111463057,12886.441552734375,0.4107879859871322,-0.005251188268930895,0.01706067442746173,0.0060872418378050686,-0.031300435076328625,0.0038091956933263837,6123146000.0,6047377500.0,238985940000.0,22680.693,263.579,0.08,6.2,0.0475,0.1076999999999999,-0.09766
2021-03-25,12780.509765625,12780.509765625,12845.66015625,12627.9296875,12707.580078125,5634290000,12910.1359375,12971.43095703125,12884.0515625,45.13752567786236,-69.29724388487011,-72.68837007442242,3.3911261895523097,13376.456816959992,12391.64630804001,12884.0515625,0.3948611982334017,-0.01681623037344404,-0.005251188268930895,0.01706067442746173,0.0060872418378050686,-0.031300435076328625,6102060000.0,6009573000.0,233351650000.0,22680.693,263.579,0.08,6.2,0.0746,0.0406,0.09371
2021-03-26,12979.1201171875,12979.1201171875,12992.2998046875,12721.66015625,12777.26953125,5224360000,12932.5619140625,12975.61396484375,12887.535546875,49.631113863699895,-59.79632765847418,-70.10996159123277,10.313633932758592,13381.680126615936,12393.390967134064,12887.535546875,0.5926698116981415,-0.0014352910063769597,-0.01681623037344404,-0.005251188268930895,0.01706067442746173,0.0060872418378050686,5620814000.0,5975485500.0,238576010000.0,22680.693,263.579,0.08,6.2,0.0168461538461538,0.0326923076923076,-0.0094615384615384
2021-03-29,12965.740234375,12965.740234375,13013.4697265625,12836.599609375,12950.509765625,4965090000,12908.4080078125,12963.933984375,12871.675048828125,49.33793412585859,-52.738491321884794,-66.63566753736318,13.897176215478382,13331.556436967789,12411.793660688461,12871.675048828125,0.6022711377029112,0.015540096225010513,-0.0014352910063769597,-0.01681623037344404,-0.005251188268930895,0.01706067442746173,5549480000.0,5969763500.0,233610920000.0,22680.693,263.579,0.08,6.2,0.04492222222222217,0.026,-0.0009588888888888656
2021-03-30,12896.5302734375,12896.5302734375,12929.4599609375,12798.0302734375,12904.009765625,4721950000,12884.1560546875,12938.358984375,12863.504052734375,47.76612110106077,-52.12886154524858,-63.734306338940264,11.605444793691682,13315.031677548859,12411.976427919892,12863.504052734375,0.5365716502026802,-0.0010308774933658338,0.015540096225010513,-0.0014352910063769597,-0.01681623037344404,-0.005251188268930895,5358868000.0,5958454000.0,228888970000.0,22680.693,263.579,0.08,6.2,0.0231,0.0,0.02023
2021-03-31,13091.4404296875,13091.4404296875,13167.0595703125,12966.650390625,12970.330078125,5004720000,12942.6681640625,12927.2650390625,12883.9095703125,52.36832953542782,-35.50878174537502,-58.08920142022722,22.5804196748522,13338.032509549224,12429.786631075776,12883.9095703125,0.7284963403564365,-0.0053379105000120886,-0.0010308774933658338,0.015540096225010513,-0.0014352910063769597,-0.01681623037344404,5110082000.0,5932191000.0,233893690000.0,22680.693,263.579,0.08,6.2,0.0643,0.0696,0.03879
2021-04-01,13329.51953125,13329.51953125,13333.41015625,13255.8203125,13268.8798828125,4576480000,13052.4701171875,12981.30302734375,12927.185546875,57.3154879371113,-3.090628139401815,-47.089486764062144,43.99885862466033,13377.768630122686,12476.602463627314,12927.185546875,0.9464592650428431,0.015113379499557933,-0.0053379105000120886,-0.0010308774933658338,0.015540096225010513,-0.0014352910063769597,4898520000.0,5767796000.0,238470170000.0,22680.693,263.579,0.08,6.2,0.031,0.0635,-0.12314
2021-04-05,13598.16015625,13598.16015625,13623.599609375,13420.8095703125,13434.0400390625,4459000000,13176.278125,13054.42001953125,12973.66806640625,62.09898920602711,43.77345235689609,-28.9168989398705,72.69035129676658,13497.711168289434,12449.624964523066,12973.66806640625,1.0958403875555236,0.01818585990145194,0.015113379499557933,-0.0053379105000120886,-0.0010308774933658338,0.015540096225010513,4745448000.0,5604486000.0,242929170000.0,22680.693,264.961,0.07,6.1,0.13634999999999994,0.03762916666666665,0.13351812499999996
2021-04-06,13578.4599609375,13578.4599609375,13660.2900390625,13551.599609375,13567.2001953125,4073710000,13298.8220703125,13103.6150390625,13037.637060546875,61.5542145535969,78.41995622670947,-7.449527906554506,85.86948413326398,13526.096336989602,12549.177784104148,13037.637060546875,1.0536008081668995,0.0201538115736426,0.01818585990145194,0.015113379499557933,-0.0053379105000120886,-0.0010308774933658338,4567172000.0,5507660000.0,238855460000.0,22680.693,264.961,0.07,6.1,0.0853,0.0,0.15356
2021-04-07,13616.7001953125,13616.7001953125,13648.7998046875,13532.6298828125,13553.900390625,4098740000,13442.8560546875,13163.5060546875,13078.74755859375,62.246561170131045,107.72148130304049,15.584673935364494,92.136807367676,13616.913348252023,12540.581768935477,13078.74755859375,0.9998019634993353,-0.0014487397623011988,0.0201538115736426,0.01818585990145194,0.015113379499557933,-0.0053379105000120886,4442530000.0,5395319000.0,242954200000.0,22680.693,264.961,0.07,6.1,0.0,0.0,0.0
2021-04-08,13758.509765625,13758.509765625,13763.1796875,13703.509765625,13730.73046875,4153600000,13576.269921875,13259.46904296875,13129.06953125,64.77958341491681,140.76336574614288,40.62041229752017,100.1429534486227,13723.857259480612,12534.281803019387,13129.06953125,1.029130145512142,0.002816242378370637,-0.0014487397623011988,0.0201538115736426,0.01818585990145194,0.015113379499557933,4272306000.0,5301805000.0,247107800000.0,22680.693,264.961,0.07,6.1,0.1505,0.0206,0.19239
2021-04-09,13845.0595703125,13845.0595703125,13849.3095703125,13674.919921875,13709.669921875,3926110000,13679.3779296875,13365.9240234375,13168.677490234375,66.26716424713314,171.95099905132338,66.88652964828081,105.06446940304257,13842.376359027166,12494.978621441584,13168.677490234375,1.0019914025461714,0.010414385884864874,0.002816242378370637,-0.0014487397623011988,0.0201538115736426,0.01818585990145194,4142232000.0,5197668000.0,251033910000.0,22680.693,264.961,0.07,6.1,0.0109090909090909,0.0251818181818181,-0.0364727272727272
2021-04-12,13819.349609375,13819.349609375,13839.3896484375,13747.6298828125,13792.740234375,4250900000,13723.6158203125,13449.94697265625,13212.78046875,65.38372687956601,192.3752618902654,91.98427609667773,100.39098579358766,13936.34123801594,12489.219699484058,13212.78046875,0.9191556303144864,0.006290638024166073,0.010414385884864874,0.002816242378370637,-0.0014487397623011988,0.0201538115736426,4100612000.0,5135352500.0,246783010000.0,22680.693,264.961,0.07,6.1,0.07623492063492056,0.05123333333333333,0.07317142857142854
2021-04-13,13986.490234375,13986.490234375,14002.5302734375,13874.580078125,13874.580078125,4219360000,13805.221875,13552.02197265625,13257.977978515624,68.3388112440789,219.5180218137648,117.49102524009514,102.02699657366965,14056.347873201234,12459.608083830015,13257.977978515624,0.9562498290007898,-0.001856977270984772,0.006290638024166073,0.010414385884864874,0.002816242378370637,-0.0014487397623011988,4129742000.0,5047702000.0,251002370000.0,22680.693,264.961,0.07,6.1,0.0211,0.0,0.034
2021-04-14,13803.91015625,13803.91015625,13990.5400390625,13782.1796875,13988.8603515625,4120770000,13842.6638671875,13642.7599609375,13290.55947265625,62.10214861536004,223.7172944753238,138.73627908714087,84.98101538818293,14123.216941137649,12457.902004174852,13290.55947265625,0.8082604210168193,0.0120946809889384,-0.001856977270984772,0.006290638024166073,0.010414385884864874,0.002816242378370637,4134148000.0,4979046000.0,246881600000.0,22680.693,264.961,0.07,6.1,0.0514,0.0,0.07615
2021-04-15,14026.1904296875,14026.1904296875,14040.1103515625,13931.009765625,13934.8701171875,4406880000,13896.2,13736.2349609375,13331.75,66.15209140499073,242.18959778095814,159.42694282590435,82.76265495505379,14225.31845326158,12438.18154673842,13331.75,0.8885770738395866,-0.013054031073232886,0.0120946809889384,-0.001856977270984772,0.006290638024166073,0.010414385884864874,4184804000.0,4922584500.0,251288480000.0,22680.693,264.961,0.07,6.1,0.0593999999999999,0.0328,0.03319
2021-04-16,14041.91015625,14041.91015625,14050.3798828125,13966.5400390625,14035.9599609375,4427780000,13935.5701171875,13807.4740234375,13394.388525390625,66.42535044399132,255.15619995097404,178.5727942509183,76.58340570005575,14303.307665421698,12485.46938535955,13394.388525390625,0.8562042003193145,0.01610270357612098,-0.013054031073232886,0.0120946809889384,-0.001856977270984772,0.006290638024166073,4285138000.0,4856987500.0,255716260000.0,22680.693,264.961,0.07,6.1,0.0510833333333333,0.0,0.0903833333333333
2021-04-19,13907.669921875,13907.669921875,14025.6396484375,13835.75,13970.830078125,4379610000,13953.2341796875,13838.425,13446.422509765625,61.834472415470586,251.69883309755642,193.19800202024592,58.500831077310494,14347.33370216532,12545.51131736593,13446.422509765625,0.7559893894096162,0.0011207409910269917,0.01610270357612098,-0.013054031073232886,0.0120946809889384,-0.001856977270984772,4310880000.0,4694438500.0,251336650000.0,22680.693,264.961,0.07,6.1,0.010204761904761899,0.0486333333333333,-0.0657947619047619
2021-04-20,13809.2998046875,13809.2998046875,13934.8896484375,13730.58984375,13891.9599609375,4245120000,13917.79609375,13861.508984375,13482.56201171875,58.636357571787094,238.27451828749872,202.2133052736965,36.06121301380222,14380.667164928498,12584.456858509002,13482.56201171875,0.6819039740508214,-0.009559969611061092,0.0011207409910269917,0.01610270357612098,-0.013054031073232886,0.0120946809889384,4316032000.0,4640606500.0,247091530000.0,22680.693,264.961,0.07,6.1,0.1176,0.0196,0.148
2021-04-21,13935.150390625,13935.150390625,13939.7001953125,13717.4404296875,13768.919921875,3999620000,13944.044140625,13893.35400390625,13528.430029296875,61.38782512897226,235.0808765790498,208.78681953476718,26.294057044282624,14420.271632884622,12636.588425709127,13528.430029296875,0.7280227563347288,-0.007073083970218219,-0.009559969611061092,0.0011207409910269917,0.01610270357612098,-0.013054031073232886,4291802000.0,4556837000.0,251091150000.0,22680.693,264.961,0.07,6.1,0.1028,0.0,0.22608
2021-04-22,13762.3603515625,13762.3603515625,13954.0302734375,13716.759765625,13920.8798828125,4420820000,13891.278125,13893.7390625,13576.604052734376,55.890726601294084,216.11593051098862,210.25264173001148,5.863288780977143,14404.29928227038,12748.908823198371,13576.604052734376,0.6122129814208649,0.009113466121923208,-0.007073083970218219,-0.009559969611061092,0.0011207409910269917,0.01610270357612098,4294590000.0,4465445500.0,246670330000.0,22680.693,264.961,0.07,6.1,0.0221,0.0,0.0526699999999999
2021-04-23,13941.4404296875,13941.4404296875,13989.4296875,13789.4501953125,13794.490234375,4355100000,13871.1841796875,13903.3771484375,13634.6505859375,59.89868448603004,213.08008520255316,210.81813042451984,2.261954778033328,14386.641429159497,12882.659742715501,13634.6505859375,0.703985092714375,-0.01239958193624846,0.009113466121923208,-0.007073083970218219,-0.009559969611061092,0.0011207409910269917,4280054000.0,4401486000.0,251025430000.0,22680.693,264.961,0.07,6.1,0.0890909090909091,0.0937272727272727,0.0088545454545454
2021-04-26,14026.16015625,14026.16015625,14039.400390625,13919.9296875,13954.9404296875,4506210000,13894.8822265625,13924.058203125,13687.002587890625,61.67295773536256,215.03157962739715,211.6608202650953,3.3707593623018397,14391.099394989573,12982.905780791678,13687.002587890625,0.7408458360696077,0.013012308466742617,-0.01239958193624846,0.009113466121923208,-0.007073083970218219,-0.009559969611061092,4305374000.0,4365578500.0,255531640000.0,22680.693,264.961,0.07,6.1,0.13784761904761902,0.0329238095238095,0.13299476190476187
2021-04-27,13960.2802734375,13960.2802734375,14048.33984375,13931.1796875,14048.1298828125,4691460000,13925.0783203125,13921.43720703125,13736.72958984375,59.46947845713912,208.8546506518196,211.09958634244018,-2.244935690620565,14362.463568421495,13110.995611266004,13736.72958984375,0.6786307690225382,0.0060768273543738704,0.013012308466742617,-0.01239958193624846,0.009113466121923208,-0.007073083970218219,4394642000.0,4351897000.0,250840180000.0,22680.693,264.961,0.07,6.1,0.025,0.0545,-0.06044
2021-04-28,13901.6201171875,13901.6201171875,13992.080078125,13895.150390625,13953.6103515625,4559710000,13918.372265625,13931.208203125,13786.98408203125,57.49953567430689,196.95562374044857,208.27079382204187,-11.315170081593294,14274.852274274908,13299.11588978759,13786.98408203125,0.6174866869564202,-0.004696929314837783,0.0060768273543738704,0.013012308466742617,-0.01239958193624846,0.009113466121923208,4506660000.0,4343785000.0,246280470000.0,22680.693,264.961,0.07,6.1,0.1028999999999999,0.0656,0.12816
2021-04-29,13970.2001953125,13970.2001953125,14073.48046875,13836.099609375,14063.9404296875,4928030000,13959.940234375,13925.6091796875,13830.9220703125,59.201096269470376,190.8592912387703,204.78849330538756,-13.92920206661725,14198.48853614759,13463.355604477409,13830.9220703125,0.6894597820336636,-0.00420193256159862,-0.004696929314837783,0.0060768273543738704,0.013012308466742617,-0.01239958193624846,4608102000.0,4339950500.0,251208500000.0,22680.693,264.961,0.07,6.1,0.0291999999999999,0.0991,-0.10884
2021-04-30,13860.759765625,13860.759765625,13969.2099609375,13838.8203125,13857.7900390625,4792460000,13943.8041015625,13907.494140625,13857.48408203125,55.39000256198344,175.1776370103762,198.8663220463853,-23.688685036009105,14139.254511126015,13575.713652936483,13857.48408203125,0.5058126816292866,0.004933243574985147,-0.00420193256159862,-0.004696929314837783,0.0060768273543738704,0.013012308466742617,4695574000.0,4350749500.0,246416040000.0,22680.693,264.961,0.07,6.1,0.1592727272727272,0.0193636363636363,0.2556090909090909
2021-05-03,13799.7197265625,13799.7197265625,13955.0,13784.66015625,13923.0400390625,4761430000,13898.516015625,13896.69912109375,13867.562060546876,53.32796493448423,156.025823464508,190.29822233000985,-34.272398865501856,14123.514662715026,13611.609458378725,13867.562060546876,0.36747090396876275,-0.007833848345582095,0.004933243574985147,-0.00420193256159862,-0.004696929314837783,0.0060768273543738704,4746618000.0,4365871000.0,241654610000.0,22680.693,264.961,0.07,6.1,0.05085,0.016983333333333333,0.061306666666666655
2021-05-04,13544.669921875,13544.669921875,13705.3798828125,13396.1103515625,13680.6298828125,5879730000,13815.3939453125,13870.2361328125,13865.87255859375,45.676374711668466,118.89691591401788,176.01796104681148,-57.1210451327936,14130.170221735194,13601.574895452306,13865.87255859375,-0.10765319091537373,-0.004403801818561259,-0.007833848345582095,0.004933243574985147,-0.00420193256159862,-0.004696929314837783,4984272000.0,4456172000.0,235774880000.0,22680.693,264.961,0.07,6.1,0.0607,0.0669,-0.04009
2021-05-05,13503.3701171875,13503.3701171875,13676.8603515625,13478.580078125,13649.1201171875,4535690000,13735.7439453125,13827.05810546875,13860.2060546875,44.561404538350146,85.15779405848843,157.8459276491469,-72.68813359065845,14150.571315802592,13569.840793572408,13860.2060546875,-0.11446044910751416,-0.01848224527318232,-0.004403801818561259,-0.007833848345582095,0.004933243574985147,-0.00420193256159862,4979468000.0,4478019500.0,231239190000.0,22680.693,264.961,0.07,6.1,0.1238,0.0,0.16801
2021-05-06,13613.73046875,13613.73046875,13617.33984375,13403.4599609375,13490.9404296875,5021400000,13664.45,13812.1951171875,13852.96708984375,48.20013597737659,66.55722470591172,139.58818706049985,-73.03096235458813,14160.706540510959,13545.227639176543,13852.96708984375,0.11130004525733826,-0.003049155492582334,-0.01848224527318232,-0.004403801818561259,-0.007833848345582095,0.004933243574985147,4998142000.0,4521409500.0,236260590000.0,23425.91,266.614,0.07,6.1,0.0732,0.0396,0.0738
2021-05-07,13719.6298828125,13719.6298828125,13814.650390625,13669.7802734375,13715.5595703125,4391100000,13636.2240234375,13790.0140625,13846.69560546875,51.49039925047432,59.67345867448057,123.605241383296,-63.93178270881543,14160.172409512475,13533.218801425026,13846.69560546875,0.29732834931141,0.008172800612347153,-0.003049155492582334,-0.01848224527318232,-0.004403801818561259,-0.007833848345582095,4917870000.0,4544659000.0,240651690000.0,23425.91,266.614,0.07,6.1,0.0408333333333333,0.1095833333333333,-0.141975
2021-05-10,13359.080078125,13359.080078125,13648.490234375,13358.6201171875,13647.73046875,4818670000,13548.09609375,13723.3060546875,13823.68212890625,41.763847130221414,24.838347493308902,103.85186260529859,-79.01351511198969,14205.69902123969,13441.66523657281,13823.68212890625,-0.10809097726459409,0.007778868129172167,0.008172800612347153,-0.003049155492582334,-0.01848224527318232,-0.004403801818561259,4929318000.0,4573047500.0,235833020000.0,23425.91,266.614,0.07,6.1,0.04797037037037033,0.0764222222222222,-0.04080444444444443
2021-05-11,13351.26953125,13351.26953125,13381.66015625,13094.759765625,13102.6396484375,4738390000,13509.416015625,13662.40498046875,13791.92109375,41.58060542298758,-3.3602401912939968,82.40944204598009,-85.76968223727408,14219.81488769708,13364.027299802918,13791.92109375,-0.014907634480082543,-0.026279849220946172,0.007778868129172167,0.008172800612347153,-0.003049155492582334,-0.01848224527318232,4701050000.0,4598999000.0,231094630000.0,23425.91,266.614,0.07,6.1,0.0753,0.1686,-0.2848199999999999
2021-05-12,13001.6298828125,13001.6298828125,13236.8896484375,12967.1796875,13155.0703125,4752930000,13409.06796875,13572.40595703125,13751.807080078124,34.32107362397059,-53.30633936152299,55.26628576447948,-108.57262512600246,14306.580812688875,13197.033347467373,13751.807080078124,-0.17611095584438527,-0.0005846620298196603,-0.026279849220946172,0.007778868129172167,0.008172800612347153,-0.003049155492582334,4744498000.0,4630607000.0,226341700000.0,23425.91,266.614,0.07,6.1,0.041,0.0564,-0.0548999999999999
2021-05-13,13109.150390625,13109.150390625,13226.6396484375,13006.76953125,13133.73046875,4698110000,13308.151953125,13486.3009765625,13705.955078125,37.91101752017729,-83.25328436328164,27.562371738927258,-110.81565610220889,14314.248510549187,13097.661645700813,13705.955078125,0.0094434234464785,-0.026187745488856495,-0.0005846620298196603,-0.026279849220946172,0.007778868129172167,0.008172800612347153,4679840000.0,4645168500.0,231039810000.0,23425.91,266.614,0.07,6.1,0.0482999999999999,0.104,-0.10747
2021-05-14,13393.1201171875,13393.1201171875,13430.0,13220.1904296875,13238.990234375,4022610000,13242.85,13439.53701171875,13673.515576171874,46.26484566741588,-83.11437950368236,5.427021490405337,-88.5414009940877,14275.538962183247,13071.492190160501,13673.515576171874,0.2671224527986383,0.008269771465701847,-0.026187745488856495,-0.0005846620298196603,-0.026279849220946172,0.007778868129172167,4606142000.0,4624910000.0,235062420000.0,23425.91,266.614,0.07,6.1,0.1118181818181818,0.0604545454545454,0.0480090909090908
2021-05-17,13312.91015625,13312.91015625,13350.1396484375,13196.5703125,13329.8603515625,3997780000,13233.616015625,13390.8560546875,13643.777587890625,44.445803763990284,-88.45689389640393,-13.349761586956516,-75.10713230944741,14255.775833419912,13031.779342361338,13643.777587890625,0.2296826959410036,0.02166194742609573,0.008269771465701847,-0.026187745488856495,-0.0005846620298196603,-0.026279849220946172,4441964000.0,4605818500.0,231064640000.0,23425.91,266.614,0.07,6.1,0.028849999999999997,0.11226666666666667,-0.15430666666666668
2021-05-18,13217.6796875,13217.6796875,13400.51953125,13212.849609375,13352.259765625,4301300000,13206.898046875,13358.15703125,13614.19658203125,42.31838506391757,-99.23130132492952,-30.52606953455112,-68.7052317903784,14249.265562591678,12979.127601470824,13614.19658203125,0.18781588562132423,-0.005988892822260783,0.02166194742609573,0.008269771465701847,-0.026187745488856495,-0.0005846620298196603,4354546000.0,4608627500.0,226763340000.0,23425.91,266.614,0.07,6.1,0.0108,0.0544,-0.09237
2021-05-19,13237.91015625,13237.91015625,13243.98046875,12994.349609375,12998.5302734375,4333520000,13254.1541015625,13331.61103515625,13579.3345703125,42.94318992886826,-104.92812101879099,-45.406479831399096,-59.52164118739189,14216.764909555042,12941.904231069957,13579.3345703125,0.232186881418122,-0.007153242050934483,-0.005988892822260783,0.02166194742609573,0.008269771465701847,-0.026187745488856495,4270664000.0,4625322500.0,231096860000.0,23425.91,266.614,0.07,6.1,0.013,0.1166,-0.2089
2021-05-20,13494.08984375,13494.08984375,13526.009765625,13293.099609375,13294.58984375,3990760000,13331.1419921875,13319.64697265625,13565.921044921875,50.28668996225301,-87.7596927616305,-53.877122417445385,-33.88257034418512,14198.406135426249,12933.435954417502,13565.921044921875,0.44321510320931534,0.0015305612806710833,-0.007153242050934483,-0.005988892822260783,0.02166194742609573,0.008269771465701847,4129194000.0,4603819500.0,235087620000.0,23425.91,266.614,0.07,6.1,0.1054,0.0618,0.11286
2021-05-21,13411.740234375,13411.740234375,13573.83984375,13401.5302734375,13573.2197265625,3733940000,13334.866015625,13288.8580078125,13539.43603515625,48.141731646758316,-79.87773413124523,-59.07724476020536,-20.800489371039873,14149.682818762682,12929.189251549818,13539.43603515625,0.39537363881986043,0.01935197357258467,0.0015305612806710833,-0.007153242050934483,-0.005988892822260783,0.02166194742609573,4071460000.0,4572761500.0,231353680000.0,23425.91,266.614,0.07,6.1,0.01275,0.03825,-0.0313666666666666
2021-05-24,13641.75,13641.75,13687.6103515625,13500.1201171875,13504.3896484375,3509470000,13400.633984375,13317.125,13520.21552734375,54.03868470622722,-54.44376547773754,-58.1505489037118,3.7067834259742583,14088.700979496753,12951.730075190746,13520.21552734375,0.6068932126547547,-0.0061026427368231495,0.01935197357258467,0.0015305612806710833,-0.007153242050934483,-0.005988892822260783,3973798000.0,4522924500.0,234863150000.0,23425.91,266.614,0.07,6.1,0.0423333333333333,0.016476190476190433,0.038547619047619
2021-05-25,13657.73046875,13657.73046875,13734.41015625,13614.5400390625,13701.2998046875,4128990000,13488.644140625,13347.77109375,13505.088037109375,54.42643362714447,-32.621629960283826,-53.04476511502621,20.423135154742383,14039.338358560444,12970.837715658306,13505.088037109375,0.6428566586783092,0.01714988223791214,-0.0061026427368231495,0.01935197357258467,0.0015305612806710833,-0.007153242050934483,3939336000.0,4494801000.0,238992140000.0,23425.91,266.614,0.07,6.1,0.0361,0.0,0.07088
2021-05-26,13702.740234375,13702.740234375,13726.0595703125,13661.0595703125,13687.7099609375,4264500000,13581.61015625,13417.88212890625,13495.14404296875,55.563535992680094,-11.562236157889856,-44.748259323598944,33.18602316570909,14005.172363859117,12985.115722078383,13495.14404296875,0.703514376460355,0.0011714383235288395,0.01714988223791214,-0.0061026427368231495,0.01935197357258467,0.0015305612806710833,3925532000.0,4480040500.0,243256640000.0,23425.91,266.614,0.07,6.1,0.0259,0.0299,-0.01531
2021-05-27,13657.849609375,13657.849609375,13724.759765625,13652.1298828125,13686.8603515625,5087180000,13614.362109375,13472.75205078125,13479.526513671875,54.1133472492801,1.4880337574668374,-35.50100070738579,36.98903446485263,13945.535058331921,13013.51796901183,13479.526513671875,0.6913302854062597,0.003295552341436636,0.0011714383235288395,0.01714988223791214,-0.0061026427368231495,0.01935197357258467,4144816000.0,4487998000.0,238169460000.0,23425.91,266.614,0.07,6.1,0.0872,0.0086,0.12974
2021-05-28,13686.509765625,13686.509765625,13765.7998046875,13684.830078125,13717.0,4447940000,13669.316015625,13502.091015625,13470.814013671876,54.92226492592354,13.981926824968468,-25.604415200914943,39.58634202588341,13912.703246905288,13028.924780438463,13470.814013671876,0.7440608819260262,-0.003276032693620423,0.003295552341436636,0.0011714383235288395,0.01714988223791214,-0.0061026427368231495,4287616000.0,4470772000.0,242617400000.0,23425.91,266.614,0.07,6.1,0.0418461538461538,0.0164615384615384,0.0681615384615384
2021-06-01,13654.58984375,13654.58984375,13773.4501953125,13602.1201171875,13764.26953125,4186280000,13671.883984375,13536.258984375,13463.55751953125,53.78503737863972,21.064932733126625,-16.27054561410663,37.335478347233256,13887.090380924732,13040.024658137769,13463.55751953125,0.7255224347766391,0.0020984384123199362,-0.003276032693620423,0.003295552341436636,0.0011714383235288395,0.01714988223791214,4422978000.0,4442014500.0,238431120000.0,23425.91,266.614,0.07,6.1,0.0841678571428571,0.019067857142857123,0.11289464285714286
2021-06-02,13675.7900390625,13675.7900390625,13712.6796875,13610.16015625,13655.7099609375,5097630000,13675.4958984375,13582.07001953125,13470.113525390625,54.45950239727411,28.06542379455277,-7.403351732374751,35.46877552692752,13902.891382229263,13037.335668551987,13470.113525390625,0.7376236565963697,-0.002332217813132309,0.0020984384123199362,-0.003276032693620423,0.003295552341436636,0.0011714383235288395,4616706000.0,4402909500.0,243528750000.0,23425.91,266.614,0.07,6.1,0.0703,0.0,0.12667
2021-06-03,13529.6796875,13529.6796875,13608.5400390625,13469.849609375,13568.91015625,5396250000,13640.8837890625,13611.24697265625,13471.42900390625,49.13705083607875,21.57477850385112,-1.6077256851295767,23.182504188980698,13904.792037717702,13038.0659700948,13471.42900390625,0.5672077208356138,0.0015526057944688088,-0.002332217813132309,0.0020984384123199362,-0.003276032693620423,0.003295552341436636,4843056000.0,4445937500.0,238132500000.0,23425.91,266.614,0.07,6.1,0.0118999999999999,0.0128,-0.00516
2021-06-04,13770.76953125,13770.76953125,13784.76953125,13613.580078125,13619.7900390625,4360710000,13663.4677734375,13638.91494140625,13479.28095703125,56.663269105291896,35.475886925623854,5.80899683702111,29.666890088602745,13928.886327072922,13029.675586989577,13479.28095703125,0.8241604678695604,-0.010683869169178628,0.0015526057944688088,-0.002332217813132309,0.0020984384123199362,-0.003276032693620423,4697762000.0,4412903000.0,242493210000.0,23425.91,266.614,0.07,6.1,0.0644166666666666,0.0104166666666666,0.0568083333333333
2021-06-07,13802.8896484375,13802.8896484375,13808.419921875,13710.1103515625,13744.150390625,4639210000,13686.74375,13678.0298828125,13483.4439453125,57.56419811904989,48.52507367643375,14.352212204903639,34.17286147153011,13943.832126206988,13023.055764418012,13483.4439453125,0.8469308253139226,0.017819331227238333,-0.010683869169178628,0.0015526057944688088,-0.002332217813132309,0.0020984384123199362,4736016000.0,4425308500.0,247132420000.0,23425.91,268.383,0.06,5.8,0.052833333333333336,0.04886666666666667,0.030866666666666664
2021-06-08,13810.8603515625,13810.8603515625,13913.400390625,13746.419921875,13873.4599609375,5958410000,13717.9978515625,13694.94091796875,13506.032958984375,57.798656037017174,58.83164276266507,23.248098316455927,35.583544446209146,13984.699291974457,13027.366625994293,13506.032958984375,0.8184132364960385,0.0023324852772106386,0.017819331227238333,-0.010683869169178628,0.0015526057944688088,-0.002332217813132309,5090442000.0,4482295500.0,253090830000.0,23425.91,268.383,0.06,5.8,0.0673,0.0123,0.07873
2021-06-09,13814.9404296875,13814.9404296875,13900.7099609375,13811.0498046875,13865.509765625,5640490000,13745.8279296875,13710.6619140625,13529.21650390625,57.926798944948814,66.56162029874213,31.91080271291317,34.65081758582896,14021.055052275751,13037.377955536747,13529.21650390625,0.7904651604967285,0.0005774662645297024,0.0023324852772106386,0.017819331227238333,-0.010683869169178628,0.0015526057944688088,5199014000.0,4527400500.0,258731320000.0,23425.91,268.383,0.06,5.8,0.0554,0.0,0.04108
2021-06-10,13960.349609375,13960.349609375,13962.98046875,13817.830078125,13834.259765625,4919880000,13831.9619140625,13736.4228515625,13577.152490234375,62.31824401610157,83.4589262032332,42.22042741097718,41.238498792256024,14038.414017847179,13115.890962621572,13577.152490234375,0.915379449835985,0.0002954253407201346,0.0005774662645297024,0.0023324852772106386,0.017819331227238333,-0.010683869169178628,5103740000.0,4535748000.0,263651200000.0,23425.91,268.383,0.06,5.8,0.0469,0.0147999999999999,0.02668
2021-06-11,13998.2998046875,13998.2998046875,13998.650390625,13934.0,13959.4697265625,4157580000,13877.46796875,13770.46787109375,13621.6099609375,63.392190201739496,98.77382331910849,53.53110659260344,45.242716726505044,14063.955431135073,13179.264490739926,13621.6099609375,0.925786934793016,0.01052550175135214,0.0002954253407201346,0.0005774662645297024,0.0023324852772106386,0.017819331227238333,5063114000.0,4508721500.0,267808780000.0,23425.91,268.383,0.06,5.8,0.0328333333333333,0.0,0.0676833333333333
2021-06-14,14128.2001953125,14128.2001953125,14129.330078125,13963.9404296875,14002.1396484375,4415160000,13942.530078125,13814.6369140625,13658.36396484375,66.8725237171199,120.00947104300758,66.82677948268427,53.182691560323306,14141.08413377131,13175.643795916189,13658.36396484375,0.9866548579403325,0.0027184272868792103,0.01052550175135214,0.0002954253407201346,0.0005774662645297024,0.0023324852772106386,5018304000.0,4528349000.0,272223940000.0,23425.91,268.383,0.06,5.8,0.11205396825396823,0.016404761904761866,0.1263242857142857
2021-06-15,14030.41015625,14030.41015625,14126.259765625,14008.9296875,14120.8095703125,4554580000,13986.4400390625,13852.2189453125,13694.23896484375,62.087131297302484,127.47854268446281,78.95713212303998,48.521410561422826,14175.504585613966,13212.973344073533,13694.23896484375,0.8492574338348156,0.009279726283723422,0.0027184272868792103,0.01052550175135214,0.0002954253407201346,0.0005774662645297024,4737538000.0,4556189000.0,267669360000.0,23425.91,268.383,0.06,5.8,0.0459,0.0593999999999999,-0.0681799999999999
2021-06-16,13983.009765625,13983.009765625,14100.1103515625,13843.599609375,14053.1201171875,4683030000,14020.05390625,13882.94091796875,13732.50546875,59.85141719290111,128.0964047732432,88.78498665308064,39.31141812016256,14174.31327725839,13290.697660241609,13732.50546875,0.7834991732273139,-0.006921620426566744,0.009279726283723422,0.0027184272868792103,0.01052550175135214,0.0002954253407201346,4546046000.0,4575275500.0,262986330000.0,23425.91,268.383,0.06,5.8,0.0878999999999999,0.0491,0.04252
2021-06-17,14163.8095703125,14163.8095703125,14205.4296875,13946.51953125,13946.7001953125,4558280000,14060.7458984375,13946.35390625,13778.800439453125,65.02481020616509,141.54347311105448,99.33668394467541,42.20678916637907,14195.733194856655,13361.867684049595,13778.800439453125,0.9617160991425849,-0.0033784037741679818,-0.006921620426566744,0.009279726283723422,0.0027184272868792103,0.01052550175135214,4473726000.0,4586513500.0,267544610000.0,23425.91,268.383,0.06,5.8,0.0723,0.0809,-0.0134399999999999
2021-06-18,14049.580078125,14049.580078125,14140.6201171875,14024.599609375,14125.1201171875,6126070000,14071.001953125,13974.2349609375,13806.574951171875,59.78337020233434,141.3535703167654,107.74006121909342,33.61350909767198,14217.617118658927,13395.532783684823,13806.574951171875,0.795596347740624,0.01292996341402608,-0.0033784037741679818,-0.006921620426566744,0.009279726283723422,0.0027184272868792103,4867424000.0,4693279000.0,261418540000.0,23425.91,268.383,0.06,5.8,0.0911538461538461,0.0303076923076923,0.0933
2021-06-21,14137.23046875,14137.23046875,14150.91015625,13967.8896484375,14055.0400390625,4562010000,14072.8080078125,14007.66904296875,13842.849462890625,62.29486519577799,146.58597313101927,115.5092436014786,31.07672952954067,14234.784262814039,13450.91466296721,13842.849462890625,0.8755484406040224,-0.008064884776968873,0.01292996341402608,-0.0033784037741679818,-0.006921620426566744,0.009279726283723422,4896794000.0,4734682500.0,265980550000.0,23425.91,268.383,0.06,5.8,0.056566666666666675,0.08248333333333334,-0.07112166666666668
2021-06-22,14270.419921875,14270.419921875,14288.490234375,14128.009765625,14140.2998046875,4433140000,14120.8099609375,14053.625,13874.282958984375,65.79085039162115,159.639738284568,124.33534253809648,35.30439574647153,14297.870500423098,13450.695417545652,13874.282958984375,0.9675975142530615,0.006238648424907067,-0.008064884776968873,0.01292996341402608,-0.0033784037741679818,-0.006921620426566744,4872506000.0,4780866000.0,270413690000.0,23425.91,268.383,0.06,5.8,0.0892,0.0189,0.08656
2021-06-23,14274.240234375,14274.240234375,14324.740234375,14247.580078125,14275.08984375,4417470000,14179.0560546875,14099.55498046875,13905.108447265626,65.88854779765565,168.35254516230998,133.13878306293918,35.2137620993708,14351.460220634575,13458.756673896676,13905.108447265626,0.9134987347795904,0.009421184256662718,0.006238648424907067,-0.008064884776968873,0.01292996341402608,-0.0033784037741679818,4819394000.0,4795290000.0,274831160000.0,23425.91,268.383,0.06,5.8,0.1516,0.0,0.27393
2021-06-24,14365.9599609375,14365.9599609375,14429.1396484375,14337.650390625,14358.2998046875,4324620000,14219.4861328125,14140.116015625,13938.26943359375,68.23412696392698,180.576944177923,142.62641528593596,37.950528891987034,14418.572025789144,13457.966841398356,13938.26943359375,0.9452302926253612,0.00026770848516832757,0.009421184256662718,0.006238648424907067,-0.008064884776968873,0.01292996341402608,4772662000.0,4798296000.0,279155780000.0,23425.91,268.383,0.06,5.8,0.0644,0.0,0.13984
2021-06-25,14345.1796875,14345.1796875,14401.7099609375,14324.259765625,14396.6298828125,7468090000,14278.6060546875,14174.80400390625,13972.6359375,67.1082294567164,186.43892223014882,151.38891667477856,35.05000555537026,14466.620765827665,13478.651109172333,13972.6359375,0.8770801537176847,0.006425541749088826,0.00026770848516832757,0.009421184256662718,0.006238648424907067,-0.008064884776968873,5041066000.0,4917341500.0,271687690000.0,23425.91,268.383,0.06,5.8,0.0849999999999999,0.0524,0.0316199999999999
2021-06-28,14524.98046875,14524.98046875,14530.0703125,14400.58984375,14401.6298828125,4283000000,14356.1560546875,14214.48203125,14014.55947265625,71.49148520250479,203.2500622598982,161.7611457918025,41.48891646809568,14547.113287956212,13482.005657356289,14014.55947265625,0.9792201101838454,-0.0014464938990504939,0.006425541749088826,0.00026770848516832757,0.009421184256662718,0.006238648424907067,4985264000.0,4909094500.0,275970690000.0,23425.91,268.383,0.06,5.8,0.04733333333333333,0.06385238095238094,-0.023315238095238108
2021-06-29,14572.75,14572.75,14575.1904296875,14481.849609375,14523.6298828125,4901300000,14416.6220703125,14268.716015625,14060.46748046875,72.53855825271891,217.9156181976232,172.99204027296665,44.92357792465654,14619.980815404188,13500.954145533311,14060.46748046875,0.9577929492872252,0.01253388142685119,-0.0014464938990504939,0.006425541749088826,0.00026770848516832757,0.009421184256662718,5078896000.0,4944845500.0,280871990000.0,23425.91,268.383,0.06,5.8,0.0663,0.0318,0.1158599999999999
2021-06-30,14554.7998046875,14554.7998046875,14582.2998046875,14530.8701171875,14560.0703125,5293810000,14472.733984375,14325.89501953125,14104.41796875,71.47621029037074,225.49043284529762,183.49171878743286,41.99871405786476,14674.693409364389,13534.142528135611,14104.41796875,0.8948809679163803,0.003288784542793355,0.01253388142685119,-0.0014464938990504939,0.006425541749088826,0.00026770848516832757,5254164000.0,4954654500.0,275578180000.0,23425.91,268.383,0.06,5.8,0.0564,0.0389,0.0577799999999999
2021-07-01,14560.0498046875,14560.0498046875,14576.6396484375,14483.419921875,14530.6298828125,4410470000,14511.551953125,14365.51904296875,14155.936474609374,71.60718310473933,229.2742285624754,192.64822074244137,36.62600782003403,14692.781060639854,13619.091888578894,14155.936474609374,0.8763783230694457,-0.0012317644447684684,0.003288784542793355,0.01253388142685119,-0.0014464938990504939,0.006425541749088826,5271334000.0,4905365500.0,279988650000.0,23425.91,268.383,0.06,5.8,0.059,0.0387,-0.0160199999999999
2021-07-02,14727.6298828125,14727.6298828125,14738.1396484375,14626.8203125,14633.509765625,3751420000,14588.0419921875,14433.3240234375,14203.7794921875,75.47780727058242,242.99414051539134,202.71740469703138,40.27673581835995,14766.041973029083,13641.517011345915,14203.7794921875,0.9658414961646661,0.0003607057513981271,-0.0012317644447684684,0.003288784542793355,0.01253388142685119,-0.0014464938990504939,4528000000.0,4874901000.0,283740070000.0,23425.91,268.383,0.06,5.8,0.0379166666666666,0.0356666666666666,0.013525
2021-07-06,14786.3603515625,14786.3603515625,14797.4501953125,14635.3095703125,14755.150390625,4489540000,14640.31796875,14498.23701171875,14252.95302734375,76.67777157885948,255.65924692562112,213.30577314274933,42.35347378287179,14839.106909090657,13666.799145596844,14252.95302734375,0.9550062200637852,0.011509581380075184,0.0003607057513981271,-0.0012317644447684684,0.003288784542793355,0.01253388142685119,4569308000.0,4867417500.0,288229610000.0,23425.91,270.654,0.08,5.9,0.10075624999999999,0.06787499999999998,0.047798125000000025
2021-07-07,14810.5400390625,14810.5400390625,14891.1904296875,14735.75,14889.759765625,4605630000,14687.8759765625,14552.2490234375,14302.93701171875,77.17302701583881,264.5974193618349,223.56410238656645,41.03331697526846,14900.735981614698,13705.138041822802,14302.93701171875,0.9245599715838441,0.00398777462614941,0.011509581380075184,0.0003607057513981271,-0.0012317644447684684,0.003288784542793355,4510174000.0,4799778500.0,292835240000.0,23425.91,270.654,0.08,5.9,0.0791999999999999,0.0,0.12506
2021-07-08,14722.1396484375,14722.1396484375,14763.669921875,14551.759765625,14577.669921875,4575010000,14721.3439453125,14597.03896484375,14348.29697265625,71.2185892846905,261.5330227949162,231.1578864682364,30.37513632667978,14927.573618750574,13769.020326561926,14348.29697265625,0.822680603733831,0.0016352697300148211,0.00398777462614941,0.011509581380075184,0.0003607057513981271,-0.0012317644447684684,4366414000.0,4746504500.0,288260230000.0,23425.91,270.654,0.08,5.9,0.0,0.0673,-0.11419
2021-07-09,14826.08984375,14826.08984375,14838.7197265625,14685.5400390625,14709.3203125,3826500000,14774.551953125,14643.051953125,14391.583984375,73.7804540374275,264.44403225835777,237.81511562626068,26.628916632097088,14978.139382879332,13805.028585870668,14391.583984375,0.8703877421322475,-0.005968748633867871,0.0016352697300148211,0.00398777462614941,0.011509581380075184,0.0003607057513981271,4249620000.0,4691835500.0,292086730000.0,23425.91,270.654,0.08,5.9,0.0,0.0623529411764705,-0.0980470588235294
2021-07-12,14877.8896484375,14877.8896484375,14899.4599609375,14813.7900390625,14878.7099609375,3897090000,14804.60390625,14696.32294921875,14435.5634765625,74.97579527384084,267.8433086249188,243.82075422599232,24.022554398926474,15029.80978504509,13841.31716807991,14435.5634765625,0.8721741015139675,0.007060807586044993,-0.005968748633867871,0.0016352697300148211,0.00398777462614941,0.011509581380075184,4278754000.0,4678811000.0,295983820000.0,23425.91,270.654,0.08,5.9,0.04013333333333333,0.011466666666666667,0.05481333333333333
2021-07-13,14874.5400390625,14874.5400390625,15002.2802734375,14843.7998046875,14871.0400390625,4583460000,14822.23984375,14731.27890625,14472.88046875,74.73851484251114,267.1870086357558,248.49400510794501,18.69300352781076,15079.465089407202,13866.295848092797,14472.88046875,0.8310828832730077,0.003493827788271231,0.007060807586044993,-0.005968748633867871,0.0016352697300148211,0.00398777462614941,4297538000.0,4687226000.0,291400360000.0,23425.91,270.654,0.08,5.9,0.0339,0.0854,-0.09171
2021-07-14,14900.4404296875,14900.4404296875,15001.1298828125,14871.73046875,14984.8603515625,4496220000,14840.219921875,14764.04794921875,14516.381982421875,75.38714868506831,265.6940753193394,251.9340191502239,13.7600561691155,15114.082522386743,13918.681442457008,14516.381982421875,0.8212799902173412,-0.0002251400873477527,0.003493827788271231,0.007060807586044993,-0.005968748633867871,0.0016352697300148211,4275656000.0,4684308000.0,295896580000.0,23425.91,270.654,0.08,5.9,0.0,0.0153,-0.04404
2021-07-15,14794.6904296875,14794.6904296875,14907.509765625,14717.5498046875,14903.490234375,4512550000,14854.730078125,14788.03701171875,14556.966015625,67.73928595462091,253.0606480734932,252.15934493487777,0.9013031386154466,15110.794145653355,14003.137885596643,14556.966015625,0.7146193026077686,0.0017412565737819907,-0.0002251400873477527,0.003493827788271231,0.007060807586044993,-0.005968748633867871,4263164000.0,4675784000.0,291384030000.0,23425.91,270.654,0.08,5.9,0.0691,0.0140999999999999,0.03502
2021-07-16,14681.3798828125,14681.3798828125,14875.9697265625,14667.099609375,14842.080078125,4069530000,14825.7880859375,14800.17001953125,14582.84453125,60.64055704072709,231.23976375041093,247.97542869798443,-16.735664947573497,15106.889418256646,14058.799644243356,14582.84453125,0.594014228557152,-0.007097105652615787,0.0017412565737819907,-0.0002251400873477527,0.003493827788271231,0.007060807586044993,4311770000.0,4651346500.0,287314500000.0,23425.91,270.654,0.08,5.9,0.0176428571428571,0.0303571428571428,-0.04185
2021-07-19,14549.08984375,14549.08984375,14578.9599609375,14455.0703125,14517.9599609375,4537130000,14760.028125,14782.316015625,14607.82001953125,53.580786955738674,200.95536677719429,238.5714163138264,-37.61604953663212,15068.655041672891,14146.984997389607,14607.82001953125,0.4362785238106339,-0.007658865686545724,-0.007097105652615787,0.0017412565737819907,-0.0002251400873477527,0.003493827788271231,4439778000.0,4571899500.0,282777370000.0,23425.91,270.654,0.08,5.9,0.009095238095238068,0.08816547619047617,-0.1462038095238095
2021-07-20,14728.2099609375,14728.2099609375,14790.599609375,14530.7802734375,14601.33984375,4652450000,14730.762109375,14776.5009765625,14637.368994140625,60.317238176325965,189.22696975869258,228.70252700279966,-39.47555724410708,15043.720859667448,14231.017128613801,14637.368994140625,0.611776239391817,-0.009010736056041413,-0.007658865686545724,-0.007097105652615787,0.0017412565737819907,-0.0002251400873477527,4453576000.0,4576421500.0,287429820000.0,23425.91,270.654,0.08,5.9,0.0,0.0,0.0
2021-07-21,14842.6298828125,14842.6298828125,14843.169921875,14710.1103515625,14723.669921875,4098520000,14719.2,14779.7099609375,14665.9794921875,63.91929361704824,187.00913714723356,220.36384903168644,-33.35471188445288,15043.070276243076,14288.888708131924,14665.9794921875,0.7342279340867759,0.012311431100581638,-0.009010736056041413,-0.007658865686545724,-0.007097105652615787,0.0017412565737819907,4374036000.0,4559690500.0,291528340000.0,23425.91,270.654,0.08,5.9,0.1062,0.0186,0.16771
2021-07-22,14940.169921875,14940.169921875,14941.3798828125,14865.4697265625,14865.4697265625,3597540000,14748.2958984375,14801.51298828125,14699.2759765625,66.69470726416964,190.92133252333042,214.47534573001525,-23.55401320668483,15047.19779489148,14351.35415823352,14699.2759765625,0.8461897653752799,0.007768759555877303,0.012311431100581638,-0.009010736056041413,-0.007658865686545724,-0.007097105652615787,4191034000.0,4518694000.0,295125880000.0,23425.91,270.654,0.08,5.9,0.1568999999999999,0.0255,0.1845699999999999
2021-07-23,15111.7900390625,15111.7900390625,15125.83984375,14948.0400390625,15004.4296875,3997250000,14834.3779296875,14830.0830078125,14736.56748046875,70.93156848552705,205.5011948583251,212.68051555567723,-7.179320697352125,15093.820367649665,14379.314593287834,14736.56748046875,1.0251497917268546,0.00657161431852793,0.007768759555877303,0.012311431100581638,-0.009010736056041413,-0.007658865686545724,4176578000.0,4502325500.0,299123130000.0,23425.91,270.654,0.08,5.9,0.0991,0.0,0.20092
2021-07-26,15125.9501953125,15125.9501953125,15142.349609375,15048.23046875,15088.2802734375,4437090000,14949.75,14854.8890625,14775.606005859376,71.25647287438596,215.71185507966584,213.28678346047496,2.4250716191908737,15123.28858507765,14427.923426641102,14775.606005859376,1.0038276439401064,0.01148715965647873,0.00657161431852793,0.007768759555877303,0.012311431100581638,-0.009010736056041413,4156570000.0,4350775500.0,303560220000.0,23425.91,270.654,0.08,5.9,0.06879999999999996,0.048133333333333306,0.034353333333333375
2021-07-27,14956.9697265625,14956.9697265625,15107.740234375,14787.7998046875,15103.009765625,4329230000,14995.501953125,14863.13203125,14797.20546875,62.30652226378337,207.7734819045927,212.18412314929853,-4.410641244705829,15132.794185980527,14461.616751519474,14797.20546875,0.7380358003853158,0.0009370270638617839,0.01148715965647873,0.00657161431852793,0.007768759555877303,0.012311431100581638,4091926000.0,4353087000.0,299230990000.0,23425.91,270.654,0.08,5.9,0.1294,0.06,0.1603699999999999
2021-07-28,15018.099609375,15018.099609375,15078.849609375,14913.5498046875,15005.169921875,4268210000,15030.5958984375,14874.89794921875,14819.47294921875,64.06491827649077,204.0626276823332,210.55982405590547,-6.4971963735722795,15151.433992925991,14487.51190551151,14819.47294921875,0.7991716406510335,-0.01117156056763735,0.0009370270638617839,0.01148715965647873,0.00657161431852793,0.007768759555877303,4125864000.0,4321432500.0,303499200000.0,23425.91,270.654,0.08,5.9,0.025,0.0,0.04588
2021-07-29,15048.3603515625,15048.3603515625,15091.9599609375,15004.419921875,15015.2998046875,3928640000,15052.233984375,14900.26494140625,14844.1509765625,64.9369080421584,201.24372557235984,208.69660435919636,-7.452878786836521,15166.510242601347,14521.791710523652,14844.1509765625,0.8167419033883007,0.004087049979377699,-0.01117156056763735,0.0009370270638617839,0.01148715965647873,0.00657161431852793,4192084000.0,4253174000.0,307427840000.0,23425.91,270.654,0.08,5.9,0.0948,0.0322999999999999,0.12836
2021-07-30,14959.900390625,14959.900390625,14990.8603515625,14882.3896484375,14882.3896484375,3645050000,15021.8560546875,14928.1169921875,14864.143505859374,60.32834026134539,189.68517318266822,204.89431812389074,-15.209144941222519,15160.893989154893,14567.393022563856,14864.143505859374,0.661342424285568,0.00201495149017461,0.004087049979377699,-0.01117156056763735,0.0009370270638617839,0.01148715965647873,4121644000.0,4214903000.0,303782790000.0,23425.91,270.654,0.08,5.9,0.1074166666666666,0.0741666666666666,0.0250083333333333
2021-08-02,14963.6201171875,14963.6201171875,15059.8896484375,14945.1298828125,15046.099609375,3746130000,14989.3900390625,14969.57001953125,14875.943017578125,60.455429912587476,178.76440322213784,199.66833514354016,-20.903931921402318,15168.576825652857,14583.309209503394,14875.943017578125,0.6498068527799494,-0.005878378698468301,0.00201495149017461,0.004087049979377699,-0.01117156056763735,0.0009370270638617839,3983452000.0,4214638500.0,307528920000.0,23425.91,270.654,0.08,5.9,0.02874999999999997,0.05805833333333333,-0.0365416666666667
2021-08-03,15061.419921875,15061.419921875,15063.66015625,14864.5302734375,14997.2001953125,4141370000,15010.280078125,15002.891015625,14889.69599609375,63.74409899011991,175.97273706605665,194.92921552804347,-18.95647846198682,15190.347160052243,14589.044832135256,14889.69599609375,0.7855866638270496,0.0002486464792794685,-0.005878378698468301,0.00201495149017461,0.004087049979377699,-0.01117156056763735,3945880000.0,4197230000.0,311670290000.0,23425.91,270.654,0.08,5.9,0.0941999999999999,0.0140999999999999,0.1723
2021-08-04,15083.3896484375,15083.3896484375,15117.3798828125,15017.1396484375,15059.16015625,4337330000,15023.3380859375,15026.9669921875,14903.3384765625,64.459142656083,173.53271770013998,190.64991596246279,-17.117198262322802,15213.478360556637,14593.198592568362,14903.3384765625,0.7902741330076782,0.00653583851511752,0.0002486464792794685,-0.005878378698468301,0.00201495149017461,0.004087049979377699,3959704000.0,4183815000.0,316007620000.0,23425.91,270.654,0.08,5.9,0.0973,0.0269,0.0678
2021-08-05,15181.6396484375,15181.6396484375,15184.26953125,15083.83984375,15105.400390625,4107300000,15049.9939453125,15051.11396484375,14926.3134765625,67.54209581388088,177.48104762484763,188.01614229493975,-10.535094670092121,15247.806233544561,14604.820719580439,14926.3134765625,0.8970947499281405,0.001458675654517183,0.00653583851511752,0.0002486464792794685,-0.005878378698468301,0.00201495149017461,3995436000.0,4160429500.0,320114920000.0,23982.379,271.903,0.1,5.4,0.0,0.0433,-0.07364
2021-08-06,15109.3603515625,15109.3603515625,15162.33984375,15063.01953125,15125.740234375,4173090000,15079.8859375,15050.87099609375,14940.477001953124,63.19885153863477,172.78602262853747,184.9701183616593,-12.184095733121836,15268.27598997538,14612.678013930868,14940.477001953124,0.757601999671075,0.006513787834830476,0.001458675654517183,0.00653583851511752,0.0002486464792794685,-0.005878378698468301,4101044000.0,4177759000.0,315941830000.0,23982.379,271.903,0.1,5.4,0.0786999999999999,0.0155,0.0691799999999999
2021-08-09,15133.1103515625,15133.1103515625,15154.6796875,15081.75,15136.1396484375,4111640000,15113.783984375,15051.58701171875,14953.238037109375,64.01762531210446,169.03309965275548,181.78271461987856,-12.74961496712308,15290.51237142756,14615.96370279119,14953.238037109375,0.7666557993758183,-0.004760967757684753,0.006513787834830476,0.001458675654517183,0.00653583851511752,0.0002486464792794685,4174146000.0,4188486500.0,320053470000.0,23982.379,271.903,0.1,5.4,0.0863,0.022933333333333333,0.09403999999999997
2021-08-10,15053.580078125,15053.580078125,15169.4501953125,15010.16015625,15157.3701171875,3991770000,15112.216015625,15061.248046875,14962.1900390625,59.2627625301665,157.822176937083,176.99060708331945,-19.16843014623646,15300.172839098444,14624.207239026555,14962.1900390625,0.6351992454242952,0.0015718732922762602,-0.004760967757684753,0.006513787834830476,0.001458675654517183,0.00653583851511752,4144226000.0,4158902000.0,316061700000.0,23982.379,271.903,0.1,5.4,0.0211,0.0351,-0.04416
2021-08-11,15027.759765625,15027.759765625,15127.7802734375,14972.599609375,15101.8203125,4002340000,15101.0900390625,15062.2140625,14968.556005859375,57.76273281630463,145.18040712352558,170.62856709136068,-25.448159967835096,15306.43784021446,14630.67417150429,14968.556005859375,0.5876101550097057,-0.00525538184747909,0.0015718732922762602,-0.004760967757684753,0.006513787834830476,0.001458675654517183,4077228000.0,4134208000.0,312059360000.0,23982.379,271.903,0.1,5.4,0.0672,0.0,0.11215
2021-08-12,15088.98046875,15088.98046875,15097.91015625,14956.25,15012.599609375,4049000000,15082.558203125,15066.27607421875,14983.2705078125,60.326840502074695,138.50511185366122,164.2038760438208,-25.69876419015958,15314.844780755619,14651.696234869381,14983.2705078125,0.6594061565742082,-0.0017152273655832717,-0.00525538184747909,0.0015718732922762602,-0.004760967757684753,0.006513787834830476,4065568000.0,4111030500.0,316108360000.0,23982.379,271.903,0.1,5.4,0.0432,0.0124,0.06542
2021-08-13,15136.6796875,15136.6796875,15150.48046875,15079.2998046875,15101.83984375,4061070000,15088.0220703125,15083.95400390625,15006.035498046875,62.24974609512772,135.5018397122749,158.46346877751162,-22.961629065236735,15311.857478982616,14700.213517111133,15006.035498046875,0.7135951592710662,0.004073840950334917,-0.0017152273655832717,-0.00525538184747909,0.0015718732922762602,-0.004760967757684753,4043164000.0,4110607500.0,320169430000.0,23982.379,271.903,0.1,5.4,0.0756,0.0792,0.07756
2021-08-16,15140.76953125,15140.76953125,15142.0302734375,14931.150390625,15090.0498046875,3973920000,15089.55390625,15101.6689453125,15035.619482421875,62.41794448648508,131.930923550648,153.15695973213892,-21.22603618149091,15258.567829143865,14812.671135699884,15035.619482421875,0.7358170634008873,0.0031611956055472845,0.004073840950334917,-0.0017152273655832717,-0.00525538184747909,0.0015718732922762602,4015620000.0,4082447000.0,324143350000.0,23982.379,271.903,0.1,5.4,0.09298888888888886,0.09076666666666662,-0.038237777777777766
2021-08-17,15002.830078125,15002.830078125,15062.7001953125,14906.2197265625,15018.9404296875,4168880000,15079.40390625,15095.8099609375,15049.35048828125,53.72365701885989,116.6259938465173,145.8507665550146,-29.224772708497284,15220.358063306157,14878.342913256343,15049.35048828125,0.36398143430349583,0.00027019424566265826,0.0031611956055472845,0.004073840950334917,-0.0017152273655832717,-0.00525538184747909,4051042000.0,4058268500.0,319974470000.0,23982.379,271.903,0.1,5.4,0.0109,0.0208,-0.02474
2021-08-18,14857.919921875,14857.919921875,15039.900390625,14846.509765625,14975.01953125,3841840000,15045.4359375,15073.26298828125,15050.114990234375,46.41005062854375,91.74609635642628,135.02983251529693,-43.28373615887065,15217.325931493768,14882.904048974982,15050.114990234375,-0.07470840996351026,-0.009110465147778468,0.00027019424566265826,0.0031611956055472845,0.004073840950334917,-0.0017152273655832717,4018942000.0,4045434500.0,316132630000.0,23982.379,271.903,0.1,5.4,0.0387,0.1111,-0.13432
2021-08-19,14933.9404296875,14933.9404296875,15000.1904296875,14773.1904296875,14773.1904296875,4191490000,15014.4279296875,15048.49306640625,15049.803515625,50.2372984960959,77.272073631495,123.47828073853655,-46.20620710704155,15217.89765578907,14881.709375460932,15049.803515625,0.1553625075079582,-0.009658854729101218,-0.009110465147778468,0.00027019424566265826,0.0031611956055472845,0.004073840950334917,4047440000.0,4075132000.0,320324120000.0,23982.379,271.903,0.1,5.4,0.1779,0.0395,0.2666499999999999
2021-08-20,15092.5703125,15092.5703125,15103.9404296875,14968.8701171875,14974.0595703125,3886340000,15005.6060546875,15046.8140625,15048.842529296875,57.1191534373246,77.70566957129085,114.32375850508743,-36.61808893379657,15215.659472605676,14882.025585988074,15048.842529296875,0.6310651734044156,0.005116497343654158,-0.009658854729101218,-0.009110465147778468,0.00027019424566265826,0.0031611956055472845,4012494000.0,4069586500.0,324210460000.0,23982.379,271.903,0.1,5.4,0.009,0.0638571428571428,-0.07185
2021-08-23,15312.8203125,15312.8203125,15341.4697265625,15140.1396484375,15140.1396484375,3906780000,15040.0162109375,15064.78505859375,15058.18603515625,64.46684520899151,94.72964736376525,110.404936276823,-15.675288913057742,15260.371539120108,14856.000531192392,15058.18603515625,1.129704584037014,0.01062210496682825,0.005116497343654158,-0.009658854729101218,-0.009110465147778468,0.00027019424566265826,3999066000.0,4043071000.0,328117240000.0,23982.379,271.903,0.1,5.4,0.057480555555555535,0.055499999999999994,0.017955277777777733
2021-08-24,15357.6796875,15357.6796875,15384.419921875,15319.5498046875,15338.919921875,3809750000,15110.9861328125,15095.19501953125,15078.221533203125,65.75396754768039,110.56650720272592,110.43725046200359,0.12925674072232596,15314.68603085728,14841.75703554897,15078.221533203125,1.0909093269163845,0.014593273076725977,0.01062210496682825,0.005116497343654158,-0.009658854729101218,-0.009110465147778468,3927240000.0,4017097000.0,331926990000.0,23982.379,271.903,0.1,5.4,0.0373,0.0233,0.0131799999999999
2021-08-25,15368.919921875,15368.919921875,15404.3603515625,15341.919921875,15384.830078125,3654150000,15213.1861328125,15129.31103515625,15095.762548828125,66.08546391425502,122.61094306997256,112.87198898359739,9.738954086375173,15363.436974580934,14828.088123075315,15095.762548828125,1.0102418213444284,0.0029295305557384133,0.014593273076725977,0.01062210496682825,0.005116497343654158,-0.009658854729101218,3889702000.0,3986394000.0,335581140000.0,23982.379,271.903,0.1,5.4,0.1837,0.0,0.26917
2021-08-26,15278.51953125,15278.51953125,15369.2802734375,15265.23046875,15348.98046875,3630900000,15282.101953125,15148.26494140625,15107.2705078125,60.97348395025619,123.43876402072055,114.98534399102203,8.45342002969852,15385.928976524585,14828.612039100415,15107.2705078125,0.8072740337463737,0.0007318966539033855,0.0029295305557384133,0.014593273076725977,0.01062210496682825,0.005116497343654158,3777584000.0,3971507000.0,331950240000.0,23982.379,271.903,0.1,5.4,0.0676,0.0701,0.0257799999999999
2021-08-27,15432.9501953125,15432.9501953125,15447.0302734375,15292.740234375,15305.75,4048610000,15350.1779296875,15177.8919921875,15130.922998046875,65.83539999855155,134.99988738004504,118.98825266882665,16.01163471121839,15435.968491428155,14825.877504665596,15130.922998046875,0.9950527115116522,-0.005882026263688833,0.0007318966539033855,0.0029295305557384133,0.014593273076725977,0.01062210496682825,3810038000.0,3991685000.0,335998850000.0,23982.379,271.903,0.1,5.4,0.0726363636363636,0.0,0.1378181818181818
2021-08-30,15605.08984375,15605.08984375,15620.6201171875,15459.740234375,15460.9296875,4061760000,15408.6318359375,15224.3240234375,15162.996484375,70.2799630689399,156.2512250739037,126.44084714984207,29.810377924061626,15523.7764435624,14802.216525187601,15162.996484375,1.1126911267060764,0.010107698180221947,-0.005882026263688833,0.0007318966539033855,0.0029295305557384133,0.014593273076725977,3841034000.0,4007466500.0,340060610000.0,23982.379,271.903,0.1,5.4,0.048466666666666665,0.011037037037037033,0.0859855555555555
2021-08-31,15582.509765625,15582.509765625,15604.4501953125,15522.7802734375,15601.33984375,4188020000,15453.5978515625,15282.2919921875,15189.0509765625,69.01171340747365,169.31923298847687,135.01652431756904,34.30270867090783,15591.769949715153,14786.332003409845,15189.0509765625,0.9885029205134529,0.01115403382107627,0.010107698180221947,-0.005882026263688833,0.0007318966539033855,0.0029295305557384133,3916688000.0,4009799000.0,335872590000.0,23982.379,271.903,0.1,5.4,0.0462999999999999,0.0174,0.0554
2021-09-01,15611.5703125,15611.5703125,15696.419921875,15603.669921875,15637.1298828125,4271690000,15502.1279296875,15357.65703125,15215.460009765626,69.76785855119603,179.9463570826465,144.00249087058452,35.94386621206198,15656.458099303632,14774.461920227619,15215.460009765626,0.949106597206966,-0.0014469687999933978,0.01115403382107627,0.010107698180221947,-0.005882026263688833,0.0007318966539033855,4040196000.0,4006517000.0,340144280000.0,23982.379,271.903,0.1,5.4,0.0435,0.089,-0.12319
2021-09-02,15604.25,15604.25,15681.759765625,15554.2900390625,15656.2802734375,4050510000,15567.2740234375,15424.68798828125,15236.59052734375,69.30907459142932,185.63782416972936,152.3295575304135,33.30826663931586,15710.068278800267,14763.112775887232,15236.59052734375,0.8882542226379725,0.0018649464888580436,-0.0014469687999933978,0.01115403382107627,0.010107698180221947,-0.005882026263688833,4124118000.0,4003677500.0,336093770000.0,23982.379,271.903,0.1,5.4,0.0933,0.0,0.1097799999999999
2021-09-03,15652.8603515625,15652.8603515625,15668.1201171875,15554.9697265625,15578.9599609375,3706990000,15611.2560546875,15480.7169921875,15263.76552734375,70.68751893665271,191.85916888773318,160.23547980187743,31.623689085855744,15767.89250524271,14759.638549444791,15263.76552734375,0.8859095439013929,-0.00046890302214752655,0.0018649464888580436,-0.0014469687999933978,0.01115403382107627,0.010107698180221947,4055794000.0,3980372500.0,339800760000.0,23982.379,271.903,0.1,5.4,0.0,0.0578999999999999,-0.09343
2021-09-07,15675.759765625,15675.759765625,15701.400390625,15610.23046875,15662.2998046875,4014250000,15625.3900390625,15517.0109375,15290.897998046876,71.34054052512724,196.37374642519717,167.46313312654138,28.91061329865579,15823.049362516109,14758.746633577643,15290.897998046876,0.8616093026107193,0.003115199484915898,-0.00046890302214752655,0.0018649464888580436,-0.0014469687999933978,0.01115403382107627,4046292000.0,3975503000.0,343815010000.0,23982.379,272.676,0.09,5.1,0.07742499999999997,0.036574999999999996,0.06668499999999997
2021-09-08,15620.849609375,15620.849609375,15669.009765625,15528.4501953125,15669.009765625,4131560000,15633.0580078125,15543.3279296875,15319.261474609375,67.45964455824827,193.2926337816134,172.6290332575558,20.663600524057614,15858.576369346154,14779.946579872596,15319.261474609375,0.7796030090294648,0.0014629539616517473,0.003115199484915898,-0.00046890302214752655,0.0018649464888580436,-0.0014469687999933978,4035000000.0,3982492500.0,339683450000.0,23982.379,272.676,0.09,5.1,0.0945999999999999,0.0601,0.04912
2021-09-09,15561.0498046875,15561.0498046875,15675.4599609375,15556.740234375,15639.4404296875,4031140000,15622.95390625,15562.54091796875,15345.9259765625,63.41378283319243,183.90553679197728,174.8843339644401,9.021202827537195,15877.23143463356,14814.620518491438,15345.9259765625,0.7024483513740115,-0.0035028704873629746,0.0014629539616517473,0.003115199484915898,-0.00046890302214752655,0.0018649464888580436,3986890000.0,3983932500.0,335652310000.0,23982.379,272.676,0.09,5.1,0.0596999999999999,0.1378,-0.14426
2021-09-10,15440.75,15440.75,15673.5,15433.4296875,15648.0498046875,4587150000,15590.25390625,15578.76396484375,15363.514453125,56.121758667235945,164.8586184142914,172.87919085441035,-8.02057244011894,15882.144143085714,14844.884763164288,15363.514453125,0.574461169857871,-0.003828204366784882,-0.0035028704873629746,0.0014629539616517473,0.003115199484915898,-0.00046890302214752655,4094218000.0,4010840000.0,331065160000.0,23982.379,272.676,0.09,5.1,0.0632307692307692,0.049076923076923,0.0464384615384615
2021-09-13,15434.5,15434.5,15562.2802734375,15351.7001953125,15545.66015625,4723370000,15546.5818359375,15578.9189453125,15378.40546875,55.762993478648994,147.5585129227784,167.81505526808397,-20.256542345305576,15886.609670923779,14870.20126657622,15378.40546875,0.5551889683419218,-0.0077308283308277215,-0.003828204366784882,-0.0035028704873629746,0.0014629539616517473,0.003115199484915898,4297494000.0,4043955000.0,326341790000.0,23982.379,272.676,0.09,5.1,0.0584,0.06446666666666663,-0.028783809523809503
2021-09-14,15382.900390625,15382.900390625,15525.9697265625,15352.0595703125,15505.7802734375,4593140000,15488.0099609375,15556.7,15390.51201171875,52.764050347004726,128.20651256848578,159.89334672816435,-31.68683415967857,15886.264003117834,14894.760020319667,15390.51201171875,0.492323156310205,-0.00040477308420894254,-0.0077308283308277215,-0.003828204366784882,-0.0035028704873629746,0.0014629539616517473,4413272000.0,4074916000.0,321748650000.0,23982.379,272.676,0.09,5.1,0.0158,0.0786999999999999,-0.10062
2021-09-15,15503.5302734375,15503.5302734375,15518.9501953125,15316.400390625,15419.9501953125,4465140000,15464.54609375,15548.80205078125,15415.547021484375,58.39704689945247,121.20654268542421,152.15598591961634,-30.94944323419213,15878.341391464322,14952.752651504428,15415.547021484375,0.5950565279747644,-0.003343134495772504,-0.00040477308420894254,-0.0077308283308277215,-0.003828204366784882,-0.0035028704873629746,4479988000.0,4089729000.0,326213790000.0,23982.379,272.676,0.09,5.1,0.0574,0.027,0.0558899999999999
2021-09-16,15515.91015625,15515.91015625,15539.1396484375,15370.8798828125,15452.669921875,3701500000,15455.5181640625,15539.23603515625,15448.446533203125,58.93823809914503,115.32853365455958,144.790495466605,-29.461961812045416,15830.91103623548,15065.98203017077,15448.446533203125,0.5881959273501098,0.007841816546248825,-0.003343134495772504,-0.00040477308420894254,-0.0077308283308277215,-0.003828204366784882,4414060000.0,4082712000.0,329915290000.0,23982.379,272.676,0.09,5.1,0.0365,0.0906,-0.0049799999999999
2021-09-17,15333.4697265625,15333.4697265625,15485.2099609375,15291.0400390625,15481.4296875,6709540000,15434.062109375,15512.1580078125,15468.422998046875,48.85259798267777,94.85531812933004,134.80345999915002,-39.94814186981998,15771.16404039734,15165.681955696411,15468.422998046875,0.2771143442649768,0.0007985202463023366,0.007841816546248825,-0.003343134495772504,-0.00040477308420894254,-0.0077308283308277215,4838538000.0,4208614500.0,323205750000.0,23982.379,272.676,0.09,5.1,0.0554615384615384,0.0,0.0972692307692307
2021-09-20,15012.1904296875,15012.1904296875,15157.259765625,14821.0302734375,15068.650390625,4879490000,15349.6001953125,15448.091015625,15464.40400390625,36.88301393387111,52.10495956962586,118.2637599132452,-66.15880034361933,15789.465140781764,15139.342867030735,15464.40400390625,-0.19558234270239633,-0.011758280877516625,0.0007985202463023366,0.007841816546248825,-0.003343134495772504,-0.00040477308420894254,4869762000.0,4258272000.0,318326260000.0,23982.379,272.676,0.09,5.1,0.0253,0.04756666666666667,-0.059186666666666665
2021-09-21,15027.76953125,15027.76953125,15139.900390625,14986.98046875,15096.9697265625,4083010000,15278.5740234375,15383.2919921875,15450.15146484375,37.68038506264965,19.26007752276746,98.46302343514965,-79.20294591238219,15824.462587243903,15075.840342443596,15450.15146484375,-0.06421237350009451,-0.020952811242613945,-0.011758280877516625,0.0007985202463023366,0.007841816546248825,-0.003343134495772504,4767736000.0,4267083500.0,322409270000.0,23982.379,272.676,0.09,5.1,0.0914,0.0986999999999999,0.0490199999999999
2021-09-22,15176.509765625,15176.509765625,15230.33984375,15029.900390625,15073.9599609375,4252490000,15213.169921875,15338.8580078125,15441.09296875,44.84466456337771,5.172737606879309,79.8049662694956,-74.63222866261628,15833.173653408492,15049.012284091506,15441.09296875,0.16259087290227706,0.00103776338539463,-0.020952811242613945,-0.011758280877516625,0.0007985202463023366,0.007841816546248825,4725206000.0,4289220500.0,326661760000.0,23982.379,272.676,0.09,5.1,0.0246,0.0534,-0.094
2021-09-23,15316.580078125,15316.580078125,15356.919921875,15199.4296875,15231.2001953125,4196130000,15173.30390625,15314.41103515625,15438.4759765625,50.60363762282662,5.250399494922021,64.89405291458088,-59.64365341965886,15833.274269862597,15043.677683262404,15438.4759765625,0.3456225615635526,0.009897692007166947,0.00103776338539463,-0.020952811242613945,-0.011758280877516625,0.0007985202463023366,4824132000.0,4316319500.0,330857890000.0,23982.379,272.676,0.09,5.1,0.2412,0.0,0.4455999999999999
2021-09-24,15329.6796875,15329.6796875,15345.5400390625,15209.16015625,15222.9697265625,3992150000,15172.5458984375,15303.30400390625,15441.033984375,51.11768859084,6.296395175069847,53.174521366678675,-46.87812619160883,15832.113930139914,15049.954038610087,15441.033984375,0.3576323101185836,0.009229415370407557,0.009897692007166947,0.00103776338539463,-0.020952811242613945,-0.011758280877516625,4280654000.0,4334382000.0,334850040000.0,23982.379,272.676,0.09,5.1,0.0742,0.0675,0.05648
2021-09-27,15204.8203125,15204.8203125,15240.580078125,15106.4501953125,15205.23046875,4650790000,15211.071875,15280.33603515625,15429.627490234376,46.18422047539678,-2.9161383538757946,41.95638942256778,-44.872527776443576,15834.755443476446,15024.499536992305,15429.627490234376,0.2225479309248628,0.0008552568072104361,0.009229415370407557,0.009897692007166947,0.00103776338539463,-0.020952811242613945,4234914000.0,4364491000.0,330199250000.0,23982.379,272.676,0.09,5.1,0.10376666666666663,0.0,0.18966333333333332
2021-09-28,14770.2998046875,14770.2998046875,15040.5703125,14758.98046875,15001.98046875,4989510000,15159.5779296875,15219.0759765625,15387.88798828125,33.91645684981994,-44.76330754417177,24.612450029219875,-69.37575757339164,15879.650311451696,14896.125665110805,15387.88798828125,-0.12793361192465094,-0.008144943504710733,0.0008552568072104361,0.009229415370407557,0.009897692007166947,0.00103776338539463,4416214000.0,4410878500.0,325209740000.0,23982.379,272.676,0.09,5.1,0.038,0.0331,-0.03848
2021-09-29,14752.8896484375,14752.8896484375,14914.919921875,14727.41015625,14835.509765625,5294600000,15074.85390625,15144.0119140625,15346.406982421875,33.53212188904311,-78.42827242210478,4.004305538954943,-82.43257796105972,15904.528860315795,14788.285104527955,15346.406982421875,-0.03170943255621881,-0.028577812751609866,-0.008144943504710733,0.0008552568072104361,0.009229415370407557,0.009897692007166947,4624636000.0,4466207500.0,319915140000.0,23982.379,272.676,0.09,5.1,0.0681,0.0118999999999999,0.05628
2021-09-30,14689.6201171875,14689.6201171875,14888.2197265625,14684.5498046875,14830.2998046875,5950950000,14949.4619140625,15061.38291015625,15300.30947265625,32.10818166588544,-108.95732976325417,-18.58802152148688,-90.36930824176729,15915.585693358471,14685.03325195403,15300.30947265625,0.003727484566391337,-0.0011787273433999657,-0.028577812751609866,-0.008144943504710733,0.0008552568072104361,0.009229415370407557,4975600000.0,4550170500.0,313964190000.0,23982.379,272.676,0.09,5.1,0.0,0.1877,-0.34815
2021-10-01,14791.8701171875,14791.8701171875,14830.83984375,14555.1201171875,14731.3798828125,4710720000,14841.9,15007.22294921875,15259.690478515626,36.7805274228086,-123.47773275403233,-39.565963767995974,-83.91176898603635,15897.33674445164,14622.04421257961,15259.690478515626,0.1331662346980093,-0.004288619569299157,-0.0011787273433999657,-0.028577812751609866,-0.008144943504710733,0.0008552568072104361,5119314000.0,4583181000.0,318674910000.0,23982.379,272.676,0.09,5.1,0.016090909090909,0.069090909090909,-0.0490636363636363
2021-10-04,14472.1201171875,14472.1201171875,14727.599609375,14384.9296875,14713.599609375,4557110000,14695.3599609375,14953.21591796875,15200.653466796875,29.859999194345022,-158.95408572112137,-63.44358815862106,-95.51049756250032,15900.622302511027,14500.684631082724,15200.653466796875,-0.02040413261119033,0.006960697362102808,-0.004288619569299157,-0.0011787273433999657,-0.028577812751609866,-0.008144943504710733,5100578000.0,4625687000.0,314117800000.0,23982.379,272.676,0.09,5.1,0.0734222222222222,0.1251111111111111,-0.09458629629629627
2021-10-05,14674.150390625,14674.150390625,14763.6396484375,14520.23046875,14533.4296875,4176390000,14676.130078125,14917.85400390625,15150.572998046875,37.8208040072773,-168.82113149552242,-84.51909682600133,-84.30203466952109,15850.740074219299,14450.405921874451,15150.572998046875,0.15977934150637577,-0.02161660408500099,0.006960697362102808,-0.004288619569299157,-0.0011787273433999657,-0.028577812751609866,4937954000.0,4633794000.0,318294190000.0,23982.379,272.676,0.09,5.1,0.0173,0.0191,-0.00516
2021-10-06,14766.75,14766.75,14775.6396484375,14499.48046875,14529.8896484375,4465910000,14678.9021484375,14876.87802734375,15107.868017578125,41.119484119116315,-167.24097194987553,-101.06347185077618,-66.17750009909935,15791.249221926792,14424.486813229458,15107.868017578125,0.2504189349901381,0.013959963834017763,-0.02161660408500099,0.006960697362102808,-0.004288619569299157,-0.0011787273433999657,4772216000.0,4650511500.0,322760100000.0,23982.379,273.91,0.08,4.7,0.1086999999999999,0.1176,-0.03772
2021-10-07,14897.1298828125,14897.1298828125,15010.3203125,14878.2197265625,14899.0703125,3984180000,14720.4041015625,14834.9330078125,15074.672021484375,45.5032917241468,-153.69640077722033,-111.59005763606501,-42.10634314115532,15729.258147185932,14420.085895782819,15074.672021484375,0.3643859595392482,0.006310389829053298,0.013959963834017763,-0.02161660408500099,0.006960697362102808,-0.004288619569299157,4378862000.0,4648163500.0,326744280000.0,23982.379,273.91,0.08,4.7,0.0198,0.0876,-0.12777
2021-10-08,14820.75,14820.75,14948.349609375,14805.5,14942.3603515625,3571380000,14726.180078125,14784.0400390625,15043.672021484375,43.46183120709876,-147.42601343579736,-118.75724879601148,-28.668764639785877,15683.826203151857,14403.517839816894,15043.672021484375,0.3258841167734738,0.008829287609832814,0.006310389829053298,0.013959963834017763,-0.02161660408500099,0.006960697362102808,4150994000.0,4597375000.0,323172900000.0,23982.379,273.91,0.08,4.7,0.05975,0.1515833333333333,-0.0631
2021-10-11,14713.73046875,14713.73046875,14907.5703125,14709.0498046875,14765.6904296875,3539540000,14774.5021484375,14734.9310546875,15007.633544921875,40.70616209818041,-149.37041885564213,-124.87988280793762,-24.49053604770451,15636.195315286144,14379.071774557606,15007.633544921875,0.2662098698736085,-0.0051271542514120805,0.008829287609832814,0.006310389829053298,0.013959963834017763,-0.02161660408500099,3947480000.0,4538183500.0,319633360000.0,23982.379,273.91,0.08,4.7,0.062175,0.12892499999999998,-0.10918499999999993
2021-10-12,14662.1103515625,14662.1103515625,14784.7802734375,14636.330078125,14772.2900390625,4063830000,14772.094140625,14724.112109375,14971.59404296875,39.40824554122458,-153.30943052596922,-130.56579235154393,-22.743638174425286,15592.164439106324,14351.023646831178,14971.59404296875,0.25064578222513056,-0.007220925476106088,-0.0051271542514120805,0.008829287609832814,0.006310389829053298,0.013959963834017763,3924968000.0,4511718000.0,315569530000.0,23982.379,273.91,0.08,4.7,0.0657,0.0827,-0.02035
2021-10-13,14774.599609375,14774.599609375,14800.830078125,14676.580078125,14751.7998046875,4053580000,14773.6640625,14726.28310546875,14935.147509765626,43.62655050159874,-145.67493271538842,-133.58762042431283,-12.087312291075591,15507.960483119554,14362.334536411698,14935.147509765626,0.35986010455508066,-0.0035082956900110984,-0.007220925476106088,-0.0051271542514120805,0.008829287609832814,0.006310389829053298,3842502000.0,4491140000.0,319623110000.0,23982.379,273.91,0.08,4.7,0.0675,0.038,-0.00861
2021-10-14,15052.419921875,15052.419921875,15059.8896484375,14901.58984375,14925.580078125,4262400000,14804.7220703125,14762.5630859375,14911.972998046875,52.434146187624435,-115.87107123740861,-130.044310586932,14.173239349523385,15419.655294852051,14404.290701241698,14911.972998046875,0.6383216676176735,0.007672105523371053,-0.0035082956900110984,-0.007220925476106088,-0.0051271542514120805,0.008829287609832814,3898146000.0,4519185000.0,323885510000.0,23982.379,273.91,0.08,4.7,0.0,0.0,0.0
2021-10-15,15146.919921875,15146.919921875,15150.1396484375,15064.58984375,15106.9697265625,4494440000,14869.9560546875,14798.06806640625,14902.6455078125,55.00904668898072,-83.66153792859404,-120.76775605526441,37.10621812667037,15383.887709052937,14421.403306572063,14902.6455078125,0.7537957118399684,0.018803914816325262,0.007672105523371053,-0.0035082956900110984,-0.007220925476106088,-0.0051271542514120805,4082758000.0,4408430000.0,328379950000.0,23982.379,273.91,0.08,4.7,0.1969,0.0382,0.2801099999999999
2021-10-18,15300.8896484375,15300.8896484375,15307.509765625,15074.7099609375,15091.580078125,4167740000,14987.387890625,14880.94501953125,14917.08046875,58.9117949409303,-45.190255434608844,-105.65225593113331,60.46200049652447,15428.52891980234,14405.63201769766,14917.08046875,0.8752178532340711,0.006278060304620414,0.018803914816325262,0.007672105523371053,-0.0035082956900110984,-0.007220925476106088,4208398000.0,4372842500.0,332547690000.0,23982.379,273.91,0.08,4.7,0.07126666666666666,0.0252,0.08262333333333337
2021-10-19,15410.7197265625,15410.7197265625,15414.9697265625,15320.6201171875,15349.4501953125,4483400000,15137.109765625,14954.601953125,14936.227978515624,61.4787393927553,-5.772574821834496,-85.67631970927356,79.90374488743906,15491.88743814143,14380.568518889819,14936.227978515624,0.9269627195462576,0.010165084872478802,0.006278060304620414,0.018803914816325262,0.007672105523371053,-0.0035082956900110984,4292312000.0,4392862000.0,337031090000.0,23982.379,273.91,0.08,4.7,0.2039,0.0526,0.30341
2021-10-20,15388.7099609375,15388.7099609375,15457.1103515625,15333.4296875,15448.0,4117050000,15259.9318359375,15016.79794921875,14946.83798828125,60.66086481786024,23.420242928310472,-63.85700718175676,87.27725011006723,15529.274066119428,14364.401910443072,14946.83798828125,0.8793308737813273,0.007178019098792454,0.010165084872478802,0.006278060304620414,0.018803914816325262,0.007672105523371053,4305006000.0,4386090000.0,332914040000.0,23982.379,273.91,0.08,4.7,0.0334,0.1506,-0.2042799999999999
2021-10-21,15489.58984375,15489.58984375,15497.580078125,15350.5,15365.8095703125,4961860000,15347.3658203125,15076.0439453125,14955.4884765625,63.08490376416705,54.07260939077969,-40.27108386724947,94.34369325802916,15565.5315677598,14345.4453853652,14955.4884765625,0.9377570821589404,-0.0014282114019025238,0.007178019098792454,0.010165084872478802,0.006278060304620414,0.018803914816325262,4444898000.0,4424376500.0,337875900000.0,23982.379,273.91,0.08,4.7,0.0632,0.014,0.1331399999999999
2021-10-22,15355.0703125,15355.0703125,15474.2802734375,15291.9501953125,15422.0703125,5775770000,15388.9958984375,15129.4759765625,14956.7580078125,57.95649799589423,66.74088136974206,-18.86869081985117,85.60957218959322,15570.176225135861,14343.339790489137,14956.7580078125,0.8246661848628561,0.006555447667060621,-0.0014282114019025238,0.007178019098792454,0.010165084872478802,0.006278060304620414,4701164000.0,4513557500.0,332100130000.0,23982.379,273.91,0.08,4.7,0.0564545454545454,0.1215454545454545,-0.0966636363636363
2021-10-25,15514.1904296875,15514.1904296875,15555.650390625,15338.490234375,15417.25,5750200000,15431.6560546875,15209.52197265625,14972.226513671874,61.90184583068078,88.59892852069788,2.624833048258641,85.97409547243925,15626.242379223024,14318.210648120725,14972.226513671874,0.914335450072686,-0.008684512153449786,0.006555447667060621,-0.0014282114019025238,0.007178019098792454,0.010165084872478802,5017656000.0,4568528000.0,337850330000.0,23982.379,273.91,0.08,4.7,0.056400000000000006,0.011399999999999999,0.07660666666666667
2021-10-26,15559.490234375,15559.490234375,15710.7900390625,15518.58984375,15615.3603515625,7173230000,15461.41015625,15299.2599609375,15011.68603515625,62.96728316767344,108.3281643716382,23.765499312934555,84.56266505870364,15708.250956980675,14315.121113331825,15011.68603515625,0.8932183361918047,0.010362708470176507,-0.008684512153449786,0.006555447667060621,-0.0014282114019025238,0.007178019098792454,5555622000.0,4677714000.0,345023560000.0,23982.379,273.91,0.08,4.7,0.0673,0.0,0.09374
2021-10-27,15598.3896484375,15598.3896484375,15729.75,15578.6796875,15603.16015625,6130110000,15503.34609375,15381.63896484375,15053.96103515625,63.90086456942868,125.65412105332689,44.143223661013025,81.51089739231386,15786.112130657988,14321.809939654511,15053.96103515625,0.8718007229833871,0.002919894846773019,0.010362708470176507,-0.008684512153449786,0.006555447667060621,-0.0014282114019025238,5958234000.0,4719489500.0,351153670000.0,23982.379,273.91,0.08,4.7,0.0679999999999999,0.0336999999999999,0.0613
2021-10-28,15778.16015625,15778.16015625,15784.0,15650.009765625,15674.3896484375,5714890000,15561.06015625,15454.21298828125,15108.388037109375,67.92517094239417,152.13730003338605,65.74203893548763,86.39526109789843,15886.873600402545,14329.902473816204,15108.388037109375,0.9301763261397793,0.0025000442480154206,0.002919894846773019,0.010362708470176507,-0.008684512153449786,0.006555447667060621,6108840000.0,4707686500.0,356868560000.0,23982.379,273.91,0.08,4.7,0.1437999999999999,0.1308,-0.0617
2021-10-29,15850.4697265625,15850.4697265625,15856.900390625,15638.740234375,15638.740234375,5338290000,15660.1400390625,15524.56796875,15161.318017578125,69.40271080313585,176.92075584003032,87.97778231639617,88.94297352363415,15991.430109153964,14331.205926002287,15161.318017578125,0.9150955732232062,0.011524940193458288,0.0025000442480154206,0.002919894846773019,0.010362708470176507,-0.008684512153449786,6021344000.0,4739065000.0,362206850000.0,23982.379,273.91,0.08,4.7,0.1756363636363636,0.0392727272727272,0.241990909090909
2021-11-01,15905.2802734375,15905.2802734375,15910.349609375,15785.3095703125,15879.6103515625,5273950000,15738.3580078125,15585.00703125,15232.976025390624,70.51157772987206,198.6941536633003,110.121056585777,88.57309707752331,16060.012280221776,14405.939770559473,15232.976025390624,0.9064539154841127,0.004582889867793316,0.011524940193458288,0.0025000442480154206,0.002919894846773019,0.010362708470176507,5926094000.0,4774907000.0,367480800000.0,23982.379,273.91,0.08,4.7,0.04925555555555553,0.0221111111111111,0.034545925925925834
2021-11-02,15972.490234375,15972.490234375,15988.330078125,15877.26953125,15885.33984375,5129370000,15820.9580078125,15641.18408203125,15297.893017578124,71.85836793923357,218.85024110773338,131.86689349016828,86.9833476175651,16143.844173322459,14451.94186183379,15297.893017578124,0.8987211390492822,0.0034579761874908854,0.004582889867793316,0.011524940193458288,0.0025000442480154206,0.002919894846773019,5517322000.0,4822556000.0,372610170000.0,23982.379,273.91,0.08,4.7,0.0224,0.0099,0.0356
2021-11-03,16144.5,16144.5,16157.599609375,15950.58984375,16000.599609375,5325110000,15930.180078125,15716.7630859375,15366.780517578125,75.00474089940151,245.8696044133976,154.66743567481416,91.20216873858345,16253.997238801609,14479.563796354641,15366.780517578125,0.9382917182564986,0.004225638264906406,0.0034579761874908854,0.004582889867793316,0.011524940193458288,0.0025000442480154206,5356322000.0,4865516000.0,377935280000.0,23982.379,273.91,0.08,4.7,0.0328,0.12,-0.1693
2021-11-04,16346.240234375,16346.240234375,16387.94921875,16169.5595703125,16193.2197265625,5297250000,16043.79609375,15802.428125,15439.23603515625,78.0977035382014,280.3299265042915,179.79993384070963,100.52999266358188,16398.70439145735,14479.767678855145,15439.23603515625,0.9726597772934332,0.01076912636044769,0.004225638264906406,0.0034579761874908854,0.004582889867793316,0.011524940193458288,5272794000.0,4931169500.0,383232530000.0,23982.379,273.91,0.08,4.7,0.0187,0.0,0.03182
2021-11-05,16359.3798828125,16359.3798828125,16454.48046875,16302.0595703125,16397.58984375,5566400000,16145.578125,15902.85908203125,15516.167529296876,78.28616797571857,305.1822883995301,204.87640475247372,100.30588364705636,16512.848693636766,14519.486364956983,15516.167529296876,0.9230100776882296,0.01249591095264635,0.01076912636044769,0.004225638264906406,0.0034579761874908854,0.004582889867793316,5318416000.0,5030920500.0,388798930000.0,24813.6,276.55,0.08,4.5,0.1274545454545454,0.0255454545454545,0.1613
2021-11-08,16336.0302734375,16336.0302734375,16401.9296875,16314.0,16351.490234375,5723650000,16231.728125,15985.04306640625,15597.28251953125,77.0178972326286,319.31300436845413,227.7637246756698,91.54927969278432,16582.990945640526,14611.574093421976,15597.28251953125,0.8747293491353153,0.0008038330679778216,0.01249591095264635,0.01076912636044769,0.004225638264906406,0.0034579761874908854,5408356000.0,5140126000.0,383075280000.0,24813.6,276.55,0.08,4.5,0.07355238095238094,0.020900000000000002,0.10420095238095235
2021-11-09,16219.9404296875,16219.9404296875,16401.890625,16168.6298828125,16389.990234375,5574660000,16281.2181640625,16051.0880859375,15675.1740234375,70.87049415392666,317.4844552202503,245.70787078458594,71.77658443566438,16593.64121253827,14756.706834336728,15675.1740234375,0.7965628019784552,-0.0014272918376039279,0.0008038330679778216,0.01249591095264635,0.01076912636044769,0.004225638264906406,5497414000.0,5215667500.0,377500620000.0,24813.6,276.55,0.08,4.5,0.0898,0.015,0.10782
2021-11-10,15985.5703125,15985.5703125,16224.509765625,15905.2802734375,16087.01953125,5369110000,16249.4322265625,16089.80615234375,15735.72255859375,60.39049358597776,293.737583089518,255.31381324557236,38.42376984394565,16558.938776494215,14912.506340693288,15735.72255859375,0.6517509910965203,-0.007106368059244028,-0.0014272918376039279,0.0008038330679778216,0.01249591095264635,0.01076912636044769,5506214000.0,5281444000.0,372131510000.0,24813.6,276.55,0.08,4.5,0.0,0.0786,-0.12821
2021-11-11,16032.4697265625,16032.4697265625,16116.25,16019.3896484375,16114.0498046875,4570460000,16186.678125,16115.237109375,15784.725048828124,61.613760629730976,275.526310797326,259.3563127559231,16.16999804140289,16551.417875411087,15018.03222224516,15784.725048828124,0.6615671029808234,-0.014449505422259756,-0.007106368059244028,-0.0014272918376039279,0.0008038330679778216,0.01249591095264635,5360856000.0,5296847000.0,376701970000.0,24813.6,276.55,0.08,4.5,0.0444,0.0633,-0.0281
2021-11-12,16199.8896484375,16199.8896484375,16218.5498046875,16012.7802734375,16078.1298828125,5446540000,16154.780078125,16150.1791015625,15837.37353515625,65.68754500804363,271.47375435560934,261.77980107586035,9.693953279748996,16563.178203910902,15111.568866401598,15837.37353515625,0.7497339359247036,0.0029338592959569088,-0.014449505422259756,-0.007106368059244028,-0.0014272918376039279,0.0008038330679778216,5336884000.0,5344452000.0,382148510000.0,24813.6,276.55,0.08,4.5,0.0530714285714285,0.0222142857142857,0.0799428571428571
2021-11-15,16189.1201171875,16189.1201171875,16256.73046875,16096.3701171875,16227.009765625,5020180000,16125.398046875,16178.5630859375,15881.78505859375,65.2081443103075,264.34584861801886,262.29301058429206,2.0528380337268004,16577.444837904357,15186.125279283144,15881.78505859375,0.7208946583761938,0.010442553438764213,0.0029338592959569088,-0.014449505422259756,-0.007106368059244028,-0.0014272918376039279,5196190000.0,5387074000.0,377128330000.0,24813.6,276.55,0.08,4.5,0.06976666666666666,0.0405,0.04133333333333337
2021-11-16,16309.76953125,16309.76953125,16329.5,16156.6904296875,16170.2900390625,5533020000,16143.3638671875,16212.291015625,15926.737548828125,68.02365721000349,265.3732734654277,262.9090631605192,2.4642103049084767,16610.31646582039,15243.158631835859,15926.737548828125,0.7801666149295604,-0.000664790408065441,0.010442553438764213,0.0029338592959569088,-0.014449505422259756,-0.007106368059244028,5187862000.0,5439555000.0,382661350000.0,24813.6,276.55,0.08,4.5,0.0112,0.0,0.02846
2021-11-17,16308.0703125,16308.0703125,16398.94921875,16276.76953125,16329.0703125,5049320000,16207.8638671875,16228.648046875,15972.70556640625,67.94026683356395,263.0184888904314,262.9309483065017,0.08754058392969455,16626.964562822406,15318.446569990092,15972.70556640625,0.756293568701984,0.007452499776958943,-0.000664790408065441,0.010442553438764213,0.0029338592959569088,-0.014449505422259756,5123904000.0,5486168500.0,377612030000.0,24813.6,276.55,0.08,4.5,0.0336,0.1248,-0.15467
2021-11-18,16482.970703125,16482.970703125,16501.919921875,16309.509765625,16398.759765625,5391360000,16297.9640625,16242.32109375,16022.374609375,71.7756291571944,272.12837841696637,264.77043432859466,7.35794408837171,16673.024469946617,15371.724748803383,16022.374609375,0.8539508126116802,-0.00010418410552914814,0.007452499776958943,-0.000664790408065441,0.010442553438764213,0.0029338592959569088,5288084000.0,5507643500.0,383003390000.0,24813.6,276.55,0.08,4.5,0.0351,0.016,0.03865
2021-11-19,16573.33984375,16573.33984375,16625.859375,16523.830078125,16558.560546875,4875310000,16372.6541015625,16263.71708984375,16083.2880859375,73.53718566928441,283.37351244440106,268.49104995175594,14.882462492645118,16698.0107067173,15468.565465157697,16083.2880859375,0.8985958392021178,0.01072477535805949,-0.00010418410552914814,0.007452499776958943,-0.000664790408065441,0.010442553438764213,5173838000.0,5462620500.0,387878700000.0,24813.6,276.55,0.08,4.5,0.0,0.0540999999999999,-0.07615
2021-11-22,16380.98046875,16380.98046875,16764.859375,16374.7802734375,16644.76953125,5567830000,16411.026171875,16268.212109375,16126.627587890625,64.33302536106319,273.60956745228395,269.51475345186157,4.094814000422389,16692.70939176368,15560.54578401757,16126.627587890625,0.7246608874540096,0.0054825760630556886,0.01072477535805949,-0.00010418410552914814,0.007452499776958943,-0.000664790408065441,5283368000.0,5453502000.0,382310870000.0,24813.6,276.55,0.08,4.5,0.08849999999999998,0.09189999999999997,-0.036696666666666676
2021-11-23,16306.7197265625,16306.7197265625,16417.5,16121.7001953125,16330.1796875,5434380000,16410.4162109375,16276.8900390625,16163.9890625,61.150946322272674,256.9177614013097,266.9953550417512,-10.077593640441535,16667.660153207922,15660.31797179208,16163.9890625,0.6416903478239023,-0.011606554672354719,0.0054825760630556886,0.01072477535805949,-0.00010418410552914814,0.007452499776958943,5263640000.0,5366559500.0,376876490000.0,24813.6,276.55,0.08,4.5,0.0334,0.0174,0.03657
2021-11-24,16367.8095703125,16367.8095703125,16370.5595703125,16106.01953125,16202.259765625,4197090000,16422.3640625,16315.11396484375,16202.46005859375,62.781842335693206,245.78556173001925,262.7533963794049,-16.967834649385622,16637.0297665455,15767.890350642,16202.46005859375,0.6902450961182836,-0.004533351488280379,-0.011606554672354719,0.0054825760630556886,0.01072477535805949,-0.00010418410552914814,5093194000.0,5269908500.0,381073580000.0,24813.6,276.55,0.08,4.5,0.0756,0.0185,0.09682
2021-11-26,16025.580078125,16025.580078125,16302.580078125,15988.9501953125,16237.41015625,3502170000,16330.8859375,16314.425,16214.8310546875,50.09453924062789,206.962419457157,251.59520099495532,-44.63278153779831,16610.926932781287,15818.735176593715,16214.8310546875,0.2611045872614576,0.003746298751335475,-0.004533351488280379,-0.011606554672354719,0.0054825760630556886,0.01072477535805949,4715356000.0,5159272500.0,377571410000.0,24813.6,276.55,0.08,4.5,0.1183,0.10575000000000001,0.008650000000000005
2021-11-29,16399.240234375,16399.240234375,16437.16015625,16214.5595703125,16263.4296875,4836230000,16296.066015625,16334.36005859375,16242.269580078126,59.6761993279863,203.9945293492783,242.07506666581995,-38.08053731654164,16606.86794646344,15877.671213692809,16242.269580078126,0.7152651640394146,-0.020908692193500777,0.003746298751335475,-0.004533351488280379,-0.011606554672354719,0.0054825760630556886,4707540000.0,5134169500.0,382407640000.0,24813.6,276.55,0.08,4.5,0.0631,0.13799999999999998,-0.10228000000000004
2021-11-30,16135.919921875,16135.919921875,16454.560546875,16073.759765625,16333.9501953125,6631470000,16247.05390625,16329.0400390625,16253.8015625,52.08672042545793,178.3389263661902,229.32783860589402,-50.98891223970381,16586.736067296595,15920.867057703406,16253.8015625,0.32296572009407637,0.02331648242549722,-0.020908692193500777,0.003746298751335475,-0.004533351488280379,-0.011606554672354719,4920268000.0,5202045500.0,375776170000.0,24813.6,276.55,0.08,4.5,0.0293,0.0,0.04404
2021-12-01,15877.7197265625,15877.7197265625,16427.189453125,15864.0,16347.9599609375,6320260000,16161.25390625,16285.83505859375,16249.063037109376,45.91980834453918,135.60886370361368,210.58404362543797,-74.97517992182429,16601.010397956015,15897.115676262738,16249.063037109376,-0.027555185601590152,-0.016056860484795266,0.02331648242549722,-0.020908692193500777,0.003746298751335475,-0.004533351488280379,5097444000.0,5261590000.0,369455910000.0,24813.6,276.55,0.08,4.5,0.0519,0.1046,-0.10475
2021-12-02,15990.759765625,15990.759765625,16066.3203125,15770.919921875,15791.2998046875,5418340000,16085.8439453125,16254.10400390625,16241.376025390626,48.77903706782546,109.60293323844962,190.3878215480403,-80.78488830959068,16609.292874171362,15873.45917660989,16241.376025390626,0.1594118200944599,-0.016001578872640865,-0.016056860484795266,0.02331648242549722,-0.020908692193500777,0.003746298751335475,5341694000.0,5266251500.0,374874250000.0,24813.6,276.55,0.08,4.5,0.0688999999999999,0.0376,0.05112
2021-12-03,15712.0400390625,15712.0400390625,16089.6103515625,15543.3095703125,16039.41015625,5900290000,16023.1359375,16177.0109375,16209.666015625,42.77406134869764,65.74482795461881,165.459222829356,-99.7143948747372,16643.02812892029,15776.303902329711,16209.666015625,-0.07414568705435334,0.007119412674440273,-0.016001578872640865,-0.016056860484795266,0.02331648242549722,-0.020908692193500777,5821318000.0,5296403500.0,368973960000.0,24813.6,276.55,0.08,4.5,0.0223,0.0754999999999999,-0.05437
2021-12-06,15846.16015625,15846.16015625,15898.58984375,15557.7802734375,15744.91015625,5115230000,15912.519921875,16104.29296875,16184.005029296875,46.20587562067576,41.33287643432959,140.63395355035072,-99.30107711602113,16640.217230447524,15727.792828146228,16184.005029296875,0.12972836741896468,-0.01743004901878753,0.007119412674440273,-0.016001578872640865,-0.016056860484795266,0.02331648242549722,5877118000.0,5273845000.0,374089190000.0,24813.6,278.919,0.08,4.1,0.040866666666666634,0.0560333333333333,-0.024066666666666698
2021-12-07,16325.66015625,16325.66015625,16343.669921875,16128.4404296875,16139.5595703125,5116490000,15950.46796875,16098.7609375,16183.4865234375,56.296658573275295,59.986385910633544,124.5044400224073,-64.51805411177375,16638.994243042427,15727.978803832573,16183.4865234375,0.6560606183972145,0.008536136418571871,-0.01743004901878753,0.007119412674440273,-0.016001578872640865,-0.016056860484795266,5574122000.0,5243487000.0,379205680000.0,24813.6,278.919,0.08,4.1,0.1597,0.0623,0.19414
2021-12-08,16394.33984375,16394.33984375,16401.099609375,16250.3896484375,16313.8798828125,4615390000,16053.7919921875,16107.52294921875,16192.206494140624,57.52562880220663,79.39607483468353,115.48276698486255,-36.08669215017902,16657.23033508421,15727.18265319704,16192.206494140624,0.7173365447234115,0.03025969668815165,0.008536136418571871,-0.01743004901878753,0.007119412674440273,-0.016001578872640865,5233148000.0,5195523500.0,383821070000.0,24813.6,278.919,0.08,4.1,0.2587,0.0,0.35788
2021-12-09,16149.5703125,16149.5703125,16413.279296875,16141.3896484375,16337.8095703125,4515600000,16085.5541015625,16085.6990234375,16200.406494140625,51.921737931598265,74.17252292521152,107.22071817293235,-33.04819524772083,16655.77184254146,15745.04114573979,16200.406494140625,0.44418088484427626,0.004206855149665012,0.03025969668815165,0.008536136418571871,-0.01743004901878753,0.007119412674440273,5052600000.0,5152848000.0,379305470000.0,24813.6,278.919,0.08,4.1,0.0153,0.0713999999999999,-0.09663
2021-12-10,16331.98046875,16331.98046875,16339.1201171875,16139.0,16278.2998046875,4426210000,16209.5421875,16116.3390625,16215.38203125,55.40801159997973,83.78596311949696,102.53376716224528,-18.747804042748328,16667.178963078462,15763.585099421536,16215.38203125,0.629038545069481,-0.014930124273550005,0.004206855149665012,0.03025969668815165,0.008536136418571871,-0.01743004901878753,4757784000.0,5145635500.0,383731680000.0,24813.6,278.919,0.08,4.1,0.0143333333333333,0.0172499999999999,-0.0106666666666666
2021-12-13,16082.5498046875,16082.5498046875,16332.6298828125,16075.5400390625,16317.900390625,4573920000,16256.8201171875,16084.67001953125,16209.5150390625,50.06226107803012,70.465432085879,96.12010014697204,-25.654668061093034,16665.189940647168,15753.840137477831,16209.5150390625,0.3606844112617773,0.011295047033468952,-0.014930124273550005,0.004206855149665012,0.03025969668815165,0.008536136418571871,4649522000.0,5102004500.0,379157760000.0,24813.6,278.919,0.08,4.1,0.0778333333333333,0.055666666666666635,0.07186333333333333
2021-12-14,15914.900390625,15914.900390625,15995.2099609375,15742.7998046875,15877.650390625,4865990000,16174.6681640625,16062.56806640625,16195.804052734375,46.79437679245105,45.85235129859029,86.0665503772957,-40.214199078705406,16670.18124908905,15721.426856379696,16195.804052734375,0.20392372961014937,-0.015272530146589802,0.011295047033468952,-0.014930124273550005,0.004206855149665012,0.03025969668815165,4599422000.0,5094295000.0,374291770000.0,24813.6,278.919,0.08,4.1,0.0121999999999999,0.0265,-0.04767
2021-12-15,16289.58984375,16289.58984375,16301.26953125,15746.9404296875,15908.4501953125,5343920000,16153.7181640625,16103.755078125,16194.795068359375,54.01861948565566,55.93582157152741,80.04040461614204,-24.10458304461463,16668.2365501688,15721.35358654995,16194.795068359375,0.600112452153889,-0.010424305604428197,-0.015272530146589802,0.011295047033468952,-0.014930124273550005,0.004206855149665012,4745128000.0,5084840000.0,379635690000.0,24813.6,278.919,0.08,4.1,0.0573999999999999,0.047,0.0381699999999999
2021-12-16,15863.9404296875,15863.9404296875,16340.5302734375,15802.6298828125,16335.0302734375,4906480000,16096.5921875,16091.07314453125,16172.58857421875,46.32371203635269,29.243592070164595,69.88104210694655,-40.637450036781956,16664.944546783372,15680.232601654128,16172.58857421875,0.1865599670462614,0.023543311232140596,-0.010424305604428197,-0.015272530146589802,0.011295047033468952,-0.014930124273550005,4823304000.0,5077698000.0,374729210000.0,24813.6,278.919,0.08,4.1,0.0,0.0348,-0.05464
2021-12-17,15801.4599609375,15801.4599609375,15960.25,15664.099609375,15714.5400390625,7668770000,15990.4880859375,16100.01513671875,16138.513037109375,45.303550185840265,3.013419403056105,56.50751756616847,-53.49409816311236,16634.739843219577,15642.286230999172,16138.513037109375,0.1603840501746073,-0.0261301492637529,0.023543311232140596,-0.010424305604428197,-0.015272530146589802,0.011295047033468952,5471816000.0,5191568500.0,367060440000.0,24813.6,278.919,0.08,4.1,0.1157999999999999,0.1452,-0.08206
2021-12-20,15627.6396484375,15627.6396484375,15662.6103515625,15508.740234375,15566.830078125,4602640000,15899.5060546875,16078.1630859375,16091.22802734375,42.49947156431432,-31.437634474626975,38.91848715800938,-70.35612163263636,16593.19149408844,15589.26456059906,16091.22802734375,0.038224980880887736,-0.0039385213923947004,-0.0261301492637529,0.023543311232140596,-0.010424305604428197,-0.015272530146589802,5477560000.0,5177935000.0,362457800000.0,24813.6,278.919,0.08,4.1,0.0871380952380952,0.060319047619047605,0.04451380952380953
2021-12-21,15986.2802734375,15986.2802734375,15997.6103515625,15617.48046875,15794.3798828125,4581720000,15913.78203125,16044.22509765625,16071.493017578125,49.45147639078361,-29.461428715265356,25.242503983354432,-54.70393269861979,16556.23123684492,15586.754798311327,16071.493017578125,0.4121043681375955,-0.011000269147895092,-0.0039385213923947004,-0.0261301492637529,0.023543311232140596,-0.010424305604428197,5420706000.0,5128629500.0,367039520000.0,24813.6,278.919,0.08,4.1,0.0231,0.0,0.04019
2021-12-22,16180.1396484375,16180.1396484375,16186.25,15947.5595703125,15963.5400390625,4107900000,15891.8919921875,16022.805078125,16065.164013671874,52.7751675628998,-12.11281105519447,17.77144097564465,-29.88425203083912,16540.178535500596,15590.149491843153,16065.164013671874,0.6210232840071814,0.022949123032527607,-0.011000269147895092,-0.0039385213923947004,-0.0261301492637529,0.023543311232140596,5173502000.0,5062305500.0,371147420000.0,24813.6,278.919,0.08,4.1,0.0753,0.0955999999999999,-0.0089499999999999
2021-12-23,16308.2099609375,16308.2099609375,16360.75,16188.0302734375,16203.759765625,3935010000,15980.7458984375,16038.66904296875,16062.184033203124,54.88561051464863,11.833883676261394,16.583929515768002,-4.750045839506608,16529.895972127713,15594.472094278533,16062.184033203124,0.7630101000843211,0.012126609297731017,0.022949123032527607,-0.011000269147895092,-0.0039385213923947004,-0.0261301492637529,4979208000.0,5049201500.0,375082430000.0,24813.6,278.919,0.08,4.1,0.0601428571428571,0.0174285714285714,0.05345
2021-12-27,16567.5,16567.5,16567.640625,16361.0703125,16361.0703125,3743920000,16133.95390625,16062.22099609375,16089.280029296875,58.89114621179845,51.14478569960738,23.496100752535877,27.648684947071505,16608.064883049752,15570.495175544,16089.280029296875,0.9609039443265288,0.007915278562652395,0.012126609297731017,0.022949123032527607,-0.011000269147895092,-0.0039385213923947004,4194238000.0,5061289000.0,378826350000.0,24813.6,278.919,0.08,4.1,0.04264166666666665,0.039583333333333325,0.014776666666666676
2021-12-28,16488.66015625,16488.66015625,16607.189453125,16458.490234375,16602.919921875,3648500000,16306.1580078125,16102.83203125,16093.751025390626,57.22737370821612,75.07186059596643,33.81125272122199,41.26060787474444,16625.17088165411,15562.331169127143,16093.751025390626,0.8715603831931085,0.01589935619443028,0.007915278562652395,0.012126609297731017,0.022949123032527607,-0.011000269147895092,4003410000.0,5001902500.0,375177850000.0,24813.6,278.919,0.08,4.1,0.0782,0.0354,0.04215
2021-12-29,16491.009765625,16491.009765625,16548.919921875,16396.16015625,16510.630859375,3714380000,16407.10390625,16160.44296875,16111.505517578125,57.26612184620627,93.15005779429885,45.679013735837366,47.47104405846148,16671.79968904483,15551.21134611142,16111.505517578125,0.8386651756999639,-0.004758704919269663,0.01589935619443028,0.007915278562652395,0.012126609297731017,0.022949123032527607,3829942000.0,4856048000.0,378892230000.0,24813.6,278.919,0.08,4.1,0.0603999999999999,0.0216,0.06805
2021-12-30,16429.099609375,16429.099609375,16569.619140625,16415.119140625,16485.400390625,3750920000,16456.8958984375,16174.3939453125,16139.07451171875,55.830927611666866,101.31364646485235,56.80594028164037,44.50770618321199,16705.164447954085,15572.984575483415,16139.07451171875,0.7561652125323077,0.0001424985021665215,-0.004758704919269663,0.01589935619443028,0.007915278562652395,0.012126609297731017,3758546000.0,4727581000.0,375141310000.0,24813.6,278.919,0.08,4.1,0.0378,0.041,0.03066
2021-12-31,16320.080078125,16320.080078125,16464.619140625,16317.259765625,16411.259765625,3392580000,16459.269921875,16220.00791015625,16155.54052734375,53.29784334359964,97.85833428121441,65.01641908155518,32.841915199659226,16722.623141450993,15588.457913236507,16155.54052734375,0.6450754675668238,-0.0037541761923548522,0.0001424985021665215,-0.004758704919269663,0.01589935619443028,0.007915278562652395,3650060000.0,4626293000.0,371748730000.0,24813.6,278.919,0.08,4.1,0.0403636363636363,0.0392727272727272,-0.0118272727272727
2022-01-03,16501.76953125,16501.76953125,16504.140625,16306.6396484375,16395.509765625,4429960000,16446.123828125,16290.0388671875,16195.027001953125,56.814446601165926,108.52973171675512,73.71908160859518,34.81065010815995,16741.694608034024,15648.359395872227,16195.027001953125,0.7805567093100092,-0.006635758126865898,-0.0037541761923548522,0.0001424985021665215,-0.004758704919269663,0.01589935619443028,3787268000.0,4552776500.0,376178690000.0,24813.6,278.919,0.08,4.1,0.19783703703703703,0.0026666666666666666,0.26176555555555553
2022-01-04,16279.73046875,16279.73046875,16513.869140625,16151.900390625,16513.869140625,5131110000,16404.337890625,16355.24794921875,16216.705517578124,51.691820951238526,97.94118931762932,78.56350315040201,19.37768616722731,16738.96446328651,15694.446571869741,16216.705517578124,0.5603387952372828,0.011132877550553921,-0.006635758126865898,-0.0037541761923548522,0.0001424985021665215,-0.004758704919269663,4083790000.0,4553570500.0,371047580000.0,24813.6,278.919,0.08,4.1,0.2746,0.0779,0.2106799999999999
2022-01-05,15771.7802734375,15771.7802734375,16249.23046875,15763.83984375,16190.5498046875,5031850000,16260.4919921875,16333.79794921875,16189.0115234375,42.29644548199385,48.00894035529018,72.45259059137965,-24.443650236089468,16744.62055743349,15633.402489441512,16189.0115234375,0.12452801838080507,-0.013455469856097357,0.011132877550553921,-0.006635758126865898,-0.0037541761923548522,0.0001424985021665215,4347284000.0,4549338500.0,366015730000.0,24813.6,280.845,0.08,3.9,0.0754,0.0,0.17844
2022-01-06,15765.3603515625,15765.3603515625,15900.599609375,15608.5703125,15675.2197265625,4790820000,16127.744140625,16292.32001953125,16157.562548828126,42.19206569824832,7.828991527472681,59.527870778598256,-51.698879251125575,16735.010925168175,15580.114172488076,16157.562548828126,0.16040064070189317,-0.031201388517306472,-0.013455469856097357,0.011132877550553921,-0.006635758126865898,-0.0037541761923548522,4555264000.0,4558110000.0,361224910000.0,24813.6,280.845,0.08,3.9,0.0243999999999999,0.0818,-0.1275299999999999
2022-01-07,15592.1904296875,15592.1904296875,15835.0,15526.7998046875,15774.1298828125,4238070000,15982.1662109375,16220.71806640625,16129.6935546875,39.369768264043714,-37.55436945902329,40.11142273107395,-77.66579219009725,16760.13527459108,15499.251834783918,16129.6935546875,0.07370910900201537,-0.0004070511865937876,-0.031201388517306472,-0.013455469856097357,0.011132877550553921,-0.006635758126865898,4724362000.0,4544233500.0,356986840000.0,24813.6,280.845,0.08,3.9,0.0423,0.0794999999999999,-0.07118
2022-01-10,15614.4296875,15614.4296875,15627.919921875,15165.5302734375,15383.1796875,5317180000,15804.6982421875,16125.41103515625,16093.816015625,39.92553736645988,-70.90909189406557,17.907319806046047,-88.81641170011162,16756.625430396398,15431.0066008536,16093.816015625,0.13836789472103564,-0.010984203215998023,-0.0004070511865937876,-0.031201388517306472,-0.013455469856097357,0.011132877550553921,4901806000.0,4588782000.0,362304020000.0,24813.6,280.845,0.08,3.9,0.05433333333333334,0.05173333333333333,0.010663333333333339
2022-01-11,15844.1201171875,15844.1201171875,15848.5595703125,15496.91015625,15582.7197265625,4390710000,15717.576171875,16060.95703125,16081.89453125,45.48378811954973,-77.91074508725796,-1.2562931726147548,-76.6544519146432,16754.0679424381,15409.7211200619,16081.89453125,0.3231301550278353,0.00142630747827166,-0.010984203215998023,-0.0004070511865937876,-0.031201388517306472,-0.013455469856097357,4753726000.0,4579621500.0,366694730000.0,24813.6,280.845,0.08,3.9,0.0987,0.0126,0.139
2022-01-12,15905.099609375,15905.099609375,16017.3896484375,15815.9501953125,15955.48046875,4338530000,15744.2400390625,16002.366015625,16081.4044921875,46.88873679189504,-77.64403815429068,-16.533842168949942,-61.11019598534074,16754.104597184043,15408.704387190955,16081.4044921875,0.3689572950093377,0.014710138908971881,0.00142630747827166,-0.010984203215998023,-0.0004070511865937876,-0.031201388517306472,4615062000.0,4553248500.0,371033260000.0,24813.6,280.845,0.08,3.9,0.1858,0.0,0.3686899999999999
2022-01-13,15495.6201171875,15495.6201171875,15990.3798828125,15468.08984375,15970.08984375,4302020000,15690.2919921875,15909.01806640625,16041.706005859374,39.52297812502327,-109.21527810320003,-35.07012935579996,-74.14514874740007,16755.1525841789,15328.259427539846,16041.706005859374,0.11729027423599128,0.003848714332918446,0.014710138908971881,0.00142630747827166,-0.010984203215998023,-0.0004070511865937876,4517302000.0,4501153500.0,366731240000.0,24813.6,280.845,0.08,3.9,0.0167,0.0856,-0.07966
2022-01-14,15611.58984375,15611.58984375,15617.1796875,15396.4697265625,15396.4697265625,4374020000,15694.171875,15838.16904296875,16029.0884765625,42.288083034539056,-123.4548152251009,-52.74706652966015,-70.70774869544076,16764.364130919075,15293.812822205924,16029.0884765625,0.21609380078152868,-0.025745169929406786,0.003848714332918446,0.014710138908971881,0.00142630747827166,-0.010984203215998023,4544492000.0,4474530500.0,371105260000.0,24813.6,280.845,0.08,3.9,0.0255,0.089,-0.13301
2022-01-18,15210.759765625,15210.759765625,15446.2998046875,15182.9599609375,15378.0595703125,5060790000,15613.437890625,15709.06806640625,15999.553466796875,36.13794306920519,-165.17930421405435,-75.23351406653899,-89.94579014751537,16816.272792347445,15182.834141246305,15999.553466796875,0.01709621867945245,0.007484032628927828,-0.025745169929406786,0.003848714332918446,0.014710138908971881,0.00142630747827166,4493214000.0,4344131500.0,366044470000.0,24813.6,280.845,0.08,3.9,0.04842499999999995,0.067575,-0.040615
2022-01-19,15047.83984375,15047.83984375,15382.0,15038.4404296875,15287.25,4665340000,15454.1818359375,15585.87900390625,15970.5634765625,33.97509387258772,-208.983506685865,-101.9835125904042,-106.99999409546079,16878.890476663873,15062.236476461128,15970.5634765625,-0.007924807205731906,-0.025675160706676525,0.007484032628927828,-0.025745169929406786,0.003848714332918446,0.014710138908971881,4548140000.0,4347266500.0,361379130000.0,24813.6,280.845,0.08,3.9,0.0443,0.0951999999999999,-0.06676
2022-01-20,14846.4599609375,14846.4599609375,15347.6201171875,14832.6904296875,15176.3798828125,5102050000,15242.45390625,15493.34697265625,15913.5724609375,31.468064533963286,-256.98595218943956,-132.98400051021127,-124.00195167922828,16951.528690588075,14875.616231286926,15913.5724609375,-0.014045038469127415,-0.01071083393501393,-0.025675160706676525,0.007484032628927828,-0.025745169929406786,0.003848714332918446,4700844000.0,4373283000.0,356277080000.0,24813.6,280.845,0.08,3.9,0.0780999999999999,0.0834,0.00406
2022-01-21,14438.400390625,14438.400390625,14868.4501953125,14432.6396484375,14728.66015625,5870830000,15031.0099609375,15360.6509765625,15826.485498046875,27.10371313735733,-324.2178515440701,-171.23077071698305,-152.98708082708703,17046.564803420326,14606.406192673425,15826.485498046875,-0.0688503613283566,-0.013382643947804973,-0.01071083393501393,-0.025675160706676525,0.007484032628927828,-0.025745169929406786,5014606000.0,4461429500.0,350406250000.0,24813.6,280.845,0.08,3.9,0.0385,0.0786,-0.10665
2022-01-24,14509.580078125,14509.580078125,14532.5703125,13724.849609375,14160.91015625,6998770000,14810.6080078125,15252.38994140625,15736.55400390625,28.954695376973774,-367.5194745251156,-210.48851147860955,-157.03096304650603,17067.26391600562,14405.84409180688,15736.55400390625,0.03897768603619325,-0.027485311069853968,-0.013382643947804973,-0.01071083393501393,-0.025675160706676525,0.007484032628927828,5539556000.0,4614617500.0,357405020000.0,24813.6,280.845,0.08,3.9,0.11236666666666663,0.11793333333333333,-0.0090566666666666
2022-01-25,14149.1201171875,14149.1201171875,14410.4296875,14033.8095703125,14237.599609375,5019380000,14598.280078125,15105.858984375,15615.635009765625,25.432798519699617,-426.01163215456654,-253.59313561380097,-172.41849654076557,17062.831513111374,14168.438506419876,15615.635009765625,-0.006674418155279557,0.004929887354157225,-0.027485311069853968,-0.013382643947804973,-0.01071083393501393,-0.025675160706676525,5531274000.0,4678390500.0,352385640000.0,24813.6,280.845,0.08,3.9,0.0,0.1714,-0.28665
2022-01-26,14172.759765625,14172.759765625,14646.5400390625,14006.400390625,14492.51953125,5771140000,14423.2640625,14938.72294921875,15499.839990234375,26.067923511859476,-465.09820384468185,-295.89414925997715,-169.2040545847047,17021.60077781612,13978.079202652632,15499.839990234375,0.06396556034333686,-0.024842894073891064,0.004929887354157225,-0.027485311069853968,-0.013382643947804973,-0.01071083393501393,5752434000.0,4784522500.0,358156780000.0,24813.6,280.845,0.08,3.9,0.0582,0.0346999999999999,0.0474
2022-01-27,14003.1103515625,14003.1103515625,14419.4501953125,13972.8798828125,14346.4599609375,5177380000,14254.594140625,14748.5240234375,15375.44501953125,24.457919690740056,-503.9546083835794,-337.5062410846976,-166.4483672988818,16961.445644231328,13789.444394831171,15375.44501953125,0.06735998504784148,0.0016707504241755267,-0.024842894073891064,0.004929887354157225,-0.027485311069853968,-0.013382643947804973,5767500000.0,4857672500.0,352979400000.0,24813.6,280.845,0.08,3.9,0.09,0.0152,0.1472399999999999
2022-01-28,14454.6103515625,14454.6103515625,14457.7802734375,13880.48046875,14091.3095703125,4971930000,14257.8361328125,14644.423046875,15276.720556640625,35.818942046675346,-492.63749389543955,-368.532491646846,-124.10500224859356,16832.08198100687,13721.359132274376,15276.720556640625,0.23571730910932703,-0.011970104402247217,0.0016707504241755267,-0.024842894073891064,0.004929887354157225,-0.027485311069853968,5587720000.0,4918723000.0,357951330000.0,24813.6,280.845,0.08,3.9,0.0846,0.0,0.16133
2022-01-31,14930.0498046875,14930.0498046875,14934.51953125,14442.8798828125,14505.0703125,5124940000,14341.930078125,14576.26904296875,15207.21904296875,45.17014932293633,-440.229912279141,-382.871975773305,-57.357936505835994,16688.74960453536,13725.688481402145,15207.21904296875,0.40645848102243465,0.032242836674469366,-0.011970104402247217,0.0016707504241755267,-0.024842894073891064,0.004929887354157225,5212954000.0,5005341000.0,363076270000.0,24813.6,280.845,0.08,3.9,0.06036666666666667,0.08816666666666663,-0.08149666666666662
2022-02-01,15019.6796875,15019.6796875,15034.419921875,14749.490234375,14966.599609375,4671850000,14516.0419921875,14557.16103515625,15133.11455078125,46.745437196346984,-387.0030139533628,-383.6981834093166,-3.30483054404624,16484.55910742257,13781.669994139931,15133.11455078125,0.45803199519957927,0.03289188996184911,0.032242836674469366,-0.011970104402247217,0.0016707504241755267,-0.024842894073891064,5143448000.0,5017435500.0,367748120000.0,24813.6,280.845,0.08,3.9,0.1716,0.0635,0.2131399999999999
2022-02-02,15139.740234375,15139.740234375,15196.400390625,14960.849609375,15173.0302734375,4673140000,14709.4380859375,14566.35107421875,15076.1150390625,48.8647516884851,-331.31325780549196,-373.2211982885517,41.90794048305975,16315.448331864776,13836.781746260225,15076.1150390625,0.5256691221328507,0.006003321086334168,0.03289188996184911,0.032242836674469366,-0.011970104402247217,0.0016707504241755267,4923848000.0,4994537000.0,372421260000.0,24813.6,280.845,0.08,3.9,0.1508,0.2291,-0.12155
2022-02-03,14501.1103515625,14501.1103515625,14856.509765625,14471.2001953125,14693.849609375,4326300000,14809.0380859375,14531.81611328125,15012.58154296875,39.79320898507896,-334.8508667709157,-365.5471319850245,30.69626521410885,16231.873699175496,13793.289386762004,15012.58154296875,0.2902589675482486,0.007993549088461505,0.006003321086334168,0.03289188996184911,0.032242836674469366,-0.011970104402247217,4753632000.0,4959259500.0,368094960000.0,24813.6,280.845,0.08,3.9,0.0858,0.0545,0.06875
2022-02-04,14694.349609375,14694.349609375,14832.0498046875,14452.2802734375,14566.2802734375,4121340000,14856.9859375,14557.41103515625,14959.031005859375,43.227628155782554,-318.39143594372945,-356.11599277676555,37.724556833036104,16132.325144848677,13785.736866870073,14959.031005859375,0.38720586437413873,-0.04218235405139126,0.007993549088461505,0.006003321086334168,0.03289188996184911,0.032242836674469366,4583514000.0,4925785500.0,372216300000.0,24813.6,280.845,0.08,3.9,0.1193,0.0531,0.09012
2022-02-07,14571.25,14571.25,14813.8603515625,14524.6298828125,14716.4296875,4268730000,14785.2259765625,14563.57802734375,14907.983984375,41.599668324184414,-311.68738990740167,-347.23027220289276,35.5428822954911,16053.80551757713,13762.16245117287,14907.983984375,0.35306002085946236,0.013325824928411611,-0.04218235405139126,0.007993549088461505,0.006003321086334168,0.03289188996184911,4412272000.0,4927318500.0,367947570000.0,25250.347,282.543,0.08,4.0,0.09196666666666664,0.0258,0.09973
2022-02-08,14747.0302734375,14747.0302734375,14785.2197265625,14485.7802734375,14533.25,4293770000,14730.69609375,14623.36904296875,14864.614013671875,44.79668972315293,-288.8605811442394,-335.5563339911621,46.69575284692269,15962.50957592636,13766.71845141739,14864.614013671875,0.44645039825421945,-0.008377343172539131,0.013325824928411611,-0.04218235405139126,0.007993549088461505,0.006003321086334168,4336656000.0,4876148000.0,372241340000.0,25250.347,282.543,0.08,4.0,0.0496,0.0169,0.03987
2022-02-09,15056.9599609375,15056.9599609375,15057.900390625,14870.3603515625,14930.990234375,4729730000,14714.1400390625,14711.7890625,14825.256005859375,49.99455752787321,-242.96073503470507,-317.03721419987073,74.07647916516567,15827.581025392166,13822.930986326584,14825.256005859375,0.6155832442385444,0.012063499935661026,-0.008377343172539131,0.013325824928411611,-0.04218235405139126,0.007993549088461505,4347974000.0,4893099000.0,376971070000.0,25250.347,282.543,0.08,4.0,0.0412,0.0091,0.02873
2022-02-10,14705.6396484375,14705.6396484375,15037.259765625,14636.6201171875,14770.6796875,5212510000,14755.0458984375,14782.0419921875,14765.2830078125,44.84043550314926,-232.25608583168287,-300.08098852623317,67.8249026945503,15629.595818842632,13900.97019678237,14765.2830078125,0.46549665895619735,0.02101641359333528,0.012063499935661026,-0.008377343172539131,0.013325824928411611,-0.04218235405139126,4525216000.0,4936798000.0,371758560000.0,25250.347,282.543,0.08,4.0,0.047,0.0,0.0651799999999999
2022-02-11,14253.83984375,14253.83984375,14769.6396484375,14194.5400390625,14739.4599609375,5237320000,14666.9439453125,14761.96494140625,14703.193994140625,39.238119356677174,-257.2634694701228,-291.5174847150111,34.25401524488831,15523.91318095019,13882.47480733106,14703.193994140625,0.22624366676656552,-0.02333275199053697,0.02101641359333528,0.012063499935661026,-0.008377343172539131,0.013325824928411611,4748412000.0,4983563000.0,366521240000.0,25250.347,282.543,0.08,4.0,0.1095,0.0873,0.0429199999999999
2022-02-14,14268.58984375,14268.58984375,14400.7802734375,14119.73046875,14233.400390625,4347350000,14606.4119140625,14695.8189453125,14636.043994140626,39.50385886622603,-272.74773335243117,-287.76353444249514,15.015801090063974,15357.594987347054,13914.493000934197,14636.043994140626,0.24537201538748304,-0.030722893766508497,-0.02333275199053697,0.02101641359333528,0.012063499935661026,-0.008377343172539131,4764136000.0,4982229500.0,370868590000.0,25250.347,282.543,0.08,4.0,0.0521,0.1536,-0.20708333333333329
2022-02-15,14620.8203125,14620.8203125,14624.5302734375,14444.4599609375,14482.1103515625,4416840000,14581.169921875,14655.9330078125,14606.547021484375,45.62007861933343,-253.6728858003662,-280.94540471406935,27.272518913703152,15275.4899951547,13937.604047814051,14606.547021484375,0.5106685409499936,0.001034808876884341,-0.030722893766508497,-0.02333275199053697,0.02101641359333528,0.012063499935661026,4788750000.0,4950032000.0,375285430000.0,25250.347,282.543,0.08,4.0,0.0467,0.105,-0.09502
2022-02-16,14603.6396484375,14603.6396484375,14647.7900390625,14399.2900390625,14514.83984375,4238560000,14490.505859375,14602.32294921875,14584.33701171875,45.37908317452562,-237.2078828765225,-272.19790034656,34.990017470037515,15220.270762284812,13948.403261152687,14584.33701171875,0.5151766097502833,0.0246857238596907,0.001034808876884341,-0.030722893766508497,-0.02333275199053697,0.02101641359333528,4690516000.0,4928693000.0,371046870000.0,25250.347,282.543,0.08,4.0,0.0634,0.0844999999999999,-0.06022
2022-02-17,14171.740234375,14171.740234375,14497.4599609375,14155.4296875,14485.080078125,4278370000,14383.7259765625,14569.3859375,14550.601025390624,39.70123044774296,-256.0582425864577,-268.96996879453957,12.91172620808186,15199.441459341355,13901.760591439894,14550.601025390624,0.20804779481083258,-0.0011750820880968016,0.0246857238596907,0.001034808876884341,-0.030722893766508497,-0.02333275199053697,4503688000.0,4887509000.0,366768500000.0,25250.347,282.543,0.08,4.0,0.0,0.1934,-0.37186
2022-02-18,14009.5400390625,14009.5400390625,14225.7197265625,13918.759765625,14207.5498046875,4501940000,14334.866015625,14500.90498046875,14529.1580078125,37.78897058732573,-280.8480471979565,-271.34558447522295,-9.502462722733526,15220.56131229617,13837.754703328832,14529.1580078125,0.12422947259556066,-0.029574778922233258,-0.0011750820880968016,0.0246857238596907,0.001034808876884341,-0.030722893766508497,4356612000.0,4819064500.0,362266560000.0,25250.347,282.543,0.08,4.0,0.0174,0.1094,-0.14435
2022-02-22,13870.5302734375,13870.5302734375,14109.259765625,13720.919921875,13892.8095703125,4849170000,14255.2541015625,14430.8330078125,14497.205517578124,36.18056026556041,-308.1588093542814,-278.70822945103464,-29.450579903246762,15248.859270369505,13745.551764786744,14497.205517578124,0.08313569125852803,-0.011445326588690019,-0.029574778922233258,-0.0011750820880968016,0.0246857238596907,0.001034808876884341,4456976000.0,4711584500.0,357417390000.0,25250.347,282.543,0.08,4.0,0.057925,0.14742499999999994,-0.16263999999999998
2022-02-23,13509.4296875,13509.4296875,14035.9296875,13502.580078125,14016.9404296875,4639330000,14032.9759765625,14307.07294921875,14465.22099609375,32.33094162274014,-354.85009357599665,-293.93660227602703,-60.91349129996962,15325.789771489628,13604.652220697873,14465.22099609375,-0.05532534756101819,-0.009922507465441543,-0.011445326588690019,-0.029574778922233258,-0.0011750820880968016,0.0246857238596907,4501474000.0,4692582000.0,352778060000.0,25250.347,282.543,0.08,4.0,0.0,0.0792,-0.18166
2022-02-24,13974.669921875,13974.669921875,13989.099609375,13065.4404296875,13065.4404296875,6180200000,13907.18203125,14198.8439453125,14455.31650390625,41.03585026502178,-350.2745272630855,-305.2041872734387,-45.070339989646754,15334.418107209034,13576.214900603465,14455.31650390625,0.22662626241070397,-0.026033654000165996,-0.009922507465441543,-0.011445326588690019,-0.029574778922233258,-0.0011750820880968016,4889802000.0,4713035000.0,358958260000.0,25250.347,282.543,0.08,4.0,0.0895,0.1483,-0.11049
2022-02-25,14189.16015625,14189.16015625,14193.0,13850.2900390625,13973.900390625,4628720000,13910.666015625,14147.19599609375,14464.618994140625,44.57573382980615,-325.5876172699136,-309.28087327273374,-16.306743997179865,15327.35775536977,13601.880232911479,14464.618994140625,0.34035791002471144,0.03443818467077686,-0.026033654000165996,-0.009922507465441543,-0.011445326588690019,-0.029574778922233258,4959872000.0,4685602000.0,363586980000.0,25250.347,282.543,0.08,4.0,0.0356,0.0323,0.0236099999999999
2022-02-28,14237.8095703125,14237.8095703125,14296.599609375,14009.3603515625,14058.6103515625,5928130000,13956.319921875,14145.59296875,14453.778955078125,45.376735391885994,-298.6547559851497,-307.1556498152169,8.500893830067241,15322.474713215475,13585.083196940775,14453.778955078125,0.3756933122197436,0.015348500935914888,0.03443818467077686,-0.026033654000165996,-0.009922507465441543,-0.011445326588690019,5245110000.0,4733412000.0,369515110000.0,25250.347,282.543,0.08,4.0,0.016299999999999967,0.0977666666666666,-0.15518666666666658
2022-03-01,14005.990234375,14005.990234375,14271.580078125,13906.919921875,14197.66015625,6131350000,13983.4119140625,14119.3330078125,14407.5759765625,42.243788736460566,-292.6427489452617,-304.25306964122586,11.610320695964162,15267.86846448735,13547.283488637651,14407.5759765625,0.2665992974341878,0.003428632387454611,0.015348500935914888,0.03443818467077686,-0.026033654000165996,-0.009922507465441543,5501546000.0,4783732500.0,363383760000.0,25250.347,282.543,0.08,4.0,0.0,0.1045,-0.18673
2022-03-02,14243.6904296875,14243.6904296875,14292.7197265625,13962.6904296875,14075.1103515625,5246390000,14130.2640625,14081.62001953125,14368.776513671875,46.335206091652495,-265.63568797517655,-296.52959330801605,30.893905332839495,15181.513227150826,13556.039800192924,14368.776513671875,0.42304636796279355,-0.01628195227592244,0.003428632387454611,0.015348500935914888,0.03443818467077686,-0.026033654000165996,5622958000.0,4812459500.0,368630150000.0,25250.347,282.543,0.08,4.0,0.0,0.1679999999999999,-0.26433
2022-03-03,14035.2099609375,14035.2099609375,14342.5595703125,13965.1103515625,14339.7001953125,5092580000,14142.3720703125,14024.77705078125,14313.55,43.429319689835324,-258.0800429789542,-288.8396832422037,30.75964026324948,15052.461263960895,13574.638736039104,14313.55,0.3116553010909105,0.016971323793237403,-0.01628195227592244,0.003428632387454611,0.015348500935914888,0.03443818467077686,5405434000.0,4833431500.0,363537570000.0,25250.347,282.543,0.08,4.0,0.0194,0.0403,-0.06765
2022-03-04,13837.830078125,13837.830078125,13992.9697265625,13738.6103515625,13957.599609375,5343900000,14072.1060546875,13991.38603515625,14280.385986328125,40.819235050665164,-264.9646987421256,-284.0646863421881,19.09998760006249,15043.011001249517,13517.760971406733,14280.385986328125,0.20984697620445764,-0.014636689120641977,0.016971323793237403,-0.01628195227592244,0.003428632387454611,0.015348500935914888,5548470000.0,4884311500.0,358193670000.0,25250.347,282.543,0.08,4.0,0.0231,0.06,-0.0203299999999999
2022-03-07,13319.3798828125,13319.3798828125,13879.099609375,13314.4404296875,13853.5302734375,6195370000,13888.4201171875,13922.37001953125,14211.6375,34.88810106196452,-308.69696942204973,-288.9911429581604,-19.70582646388931,15060.193561592847,13363.081438407155,14211.6375,-0.025750541167911326,-0.014063194163952186,-0.014636689120641977,0.016971323793237403,-0.01628195227592244,0.003428632387454611,5601918000.0,4988013000.0,351998300000.0,25250.347,282.543,0.08,4.0,0.018199999999999997,0.13206666666666667,-0.23416666666666666
2022-03-08,13267.6103515625,13267.6103515625,13663.26953125,13129.400390625,13275.23046875,6683960000,13740.744140625,13862.07802734375,14146.455517578124,34.35135530077865,-343.57199345136905,-299.90731305680214,-43.664680394566915,15075.191771691341,13217.719263464907,14146.455517578124,0.02685966434315096,-0.03746614840516593,-0.014063194163952186,-0.014636689120641977,0.016971323793237403,-0.01628195227592244,5712440000.0,5108774500.0,345314340000.0,25250.347,284.5,0.08,3.9,0.0,0.257,-0.61327
2022-03-09,13742.2001953125,13742.2001953125,13793.1103515625,13504.48046875,13610.48046875,5396550000,13640.44609375,13885.355078125,14096.214013671875,43.00773156933582,-329.12136099911186,-305.75012264526407,-23.371238353847787,14996.432179627624,13195.995847716127,14096.214013671875,0.3033733200754041,-0.003886782395688293,-0.03746614840516593,-0.014063194163952186,-0.014636689120641977,0.016971323793237403,5742472000.0,5163913500.0,350710890000.0,25250.347,284.5,0.08,3.9,0.0944,0.0,0.22067
2022-03-10,13591.0,13591.0,13633.6904296875,13399.4599609375,13577.83984375,5071250000,13551.6041015625,13846.9880859375,14022.916015625,41.14624804599907,-326.11052367826414,-309.8222028518641,-16.288320826400025,14827.393229207506,13218.438802042494,14022.916015625,0.23155484808476598,0.03577055936784501,-0.003886782395688293,-0.03746614840516593,-0.014063194163952186,-0.014636689120641977,5738206000.0,5180989500.0,345639640000.0,25250.347,284.5,0.08,3.9,0.0865,0.1538999999999999,-0.2359499999999999
2022-03-11,13301.830078125,13301.830078125,13714.4404296875,13285.1904296875,13701.7998046875,5288210000,13444.4041015625,13758.255078125,13952.725537109374,37.77847702916837,-343.1029323806961,-316.47834875763056,-26.62458362306552,14751.335031833072,13154.116042385676,13952.725537109374,0.09248201825501061,-0.011002619170405792,0.03577055936784501,-0.003886782395688293,-0.03746614840516593,-0.014063194163952186,5727068000.0,5184774500.0,340351430000.0,25250.347,284.5,0.08,3.9,0.0159,0.1931,-0.3235599999999999
2022-03-14,13046.6396484375,13046.6396484375,13386.669921875,13020.400390625,13248.08984375,5876710000,13389.8560546875,13639.1380859375,13892.36552734375,35.051888020415674,-372.86313948866336,-327.75530690383715,-45.10783258482621,14773.381273717996,13011.349780969505,13892.36552734375,0.020027943662316694,-0.021276574341476007,-0.011002619170405792,0.03577055936784501,-0.003886782395688293,-0.03746614840516593,5663336000.0,5216744000.0,334474720000.0,25250.347,284.5,0.08,3.9,0.06376666666666667,0.1323,-0.15658333333333332
2022-03-15,13458.5595703125,13458.5595703125,13488.1796875,13092.4501953125,13174.9697265625,5440100000,13428.0458984375,13584.39501953125,13851.864013671875,42.29198622463752,-359.07067961469147,-334.01838144600805,-25.05229816868342,14734.53125864,12969.19676870375,13851.864013671875,0.2772068434613894,-0.019184610552736125,-0.021276574341476007,-0.011002619170405792,0.03577055936784501,-0.003886782395688293,5414564000.0,5271381500.0,339914820000.0,25250.347,284.5,0.08,3.9,0.0296999999999999,0.2093999999999999,-0.36511
2022-03-16,13956.7900390625,13956.7900390625,13960.25,13475.08984375,13633.1201171875,6552210000,13470.9638671875,13555.70498046875,13818.6625,49.608988233621695,-304.427767054005,-328.10025856760745,23.672491513602438,14626.31026473775,13011.014735262252,13818.6625,0.5855122400464706,0.03157287492985472,-0.019184610552736125,-0.021276574341476007,-0.011002619170405792,0.03577055936784501,5645696000.0,5378150000.0,346467030000.0,25250.347,284.5,0.08,3.9,0.0,0.0259,-0.04215
2022-03-17,14118.599609375,14118.599609375,14125.669921875,13827.33984375,13878.990234375,5612090000,13576.4837890625,13564.0439453125,13794.410498046875,51.74874432982765,-245.23922007065812,-311.52805086821763,66.28883079755951,14528.599744479816,13060.221251613933,13794.410498046875,0.7207803457372867,0.03701959828219792,0.03157287492985472,-0.019184610552736125,-0.021276574341476007,-0.011002619170405792,5753864000.0,5446826500.0,352079120000.0,25250.347,284.5,0.08,3.9,0.1295,0.0123,0.31545
2022-03-18,14420.080078125,14420.080078125,14427.4697265625,14014.4296875,14061.2900390625,8149290000,13800.1337890625,13622.2689453125,13806.827490234375,55.53708307045485,-172.02195390056295,-283.6268314746867,111.60487757412375,14575.477961085367,13038.177019383382,13806.827490234375,0.898915118865196,0.011593609265427407,0.03701959828219792,0.03157287492985472,-0.019184610552736125,-0.021276574341476007,6326080000.0,5640372500.0,360228410000.0,25250.347,284.5,0.08,3.9,0.1625,0.0905,0.17045
2022-03-21,14376.08984375,14376.08984375,14470.6796875,14190.5302734375,14377.150390625,5673940000,14066.023828125,13727.93994140625,13825.15498046875,54.860252809803974,-116.20682726273299,-250.14283063229598,133.936003369563,14630.748734276178,13019.56122666132,13825.15498046875,0.8419433558647897,0.021353425771052592,0.011593609265427407,0.03701959828219792,0.03157287492985472,-0.019184610552736125,6285526000.0,5698972500.0,354554470000.0,25250.347,284.5,0.08,3.9,0.11563333333333332,0.08069999999999997,0.062370000000000037
2022-03-22,14654.330078125,14654.330078125,14688.9697265625,14385.5498046875,14396.0302734375,5445100000,14305.1779296875,13866.6119140625,13864.344970703125,58.32020879648881,-48.956930690213994,-209.9056506438796,160.9487199536656,14751.376267308082,12977.313674098168,13864.344970703125,0.9452972011503322,-0.0030506234456861847,0.021353425771052592,0.011593609265427407,0.03701959828219792,0.03157287492985472,6286526000.0,5728769000.0,359999570000.0,25250.347,284.5,0.08,3.9,0.1528,0.0747,0.14734
2022-03-23,14447.5498046875,14447.5498046875,14681.330078125,14446.0400390625,14525.2197265625,5024230000,14403.3298828125,13937.146875,13911.2509765625,54.94929654872317,-12.205644012283301,-170.36564931756035,158.16000530527705,14818.25019642083,13004.25175670417,13911.2509765625,0.7956445917388817,0.019354375035153693,-0.0030506234456861847,0.021353425771052592,0.011593609265427407,0.03701959828219792,5980930000.0,5748014000.0,354975340000.0,25250.347,284.5,0.08,3.9,0.0166,0.2032999999999999,-0.3657
2022-03-24,14765.6904296875,14765.6904296875,14767.73046875,14440.669921875,14529.7197265625,5149520000,14532.748046875,14054.61591796875,13950.802001953125,58.88666280526769,42.10593408594832,-127.87133263685863,169.97726672280695,14935.135618072245,12966.468385834005,13950.802001953125,0.913928984233614,-0.014110523806623365,0.019354375035153693,-0.0030506234456861847,0.021353425771052592,0.011593609265427407,5888416000.0,5696480000.0,360124860000.0,25250.347,284.5,0.08,3.9,0.0331,0.1131,-0.14081
2022-03-25,14754.3095703125,14754.3095703125,14805.8798828125,14577.58984375,14766.900390625,5585100000,14599.5939453125,14199.8638671875,13979.05947265625,58.68905596554044,83.27002576164705,-85.64306095715749,168.91308671880455,15022.855710266618,12935.263235045883,13979.05947265625,0.8713608411882579,0.022020386107046264,-0.014110523806623365,0.019354375035153693,-0.0030506234456861847,0.021353425771052592,5375578000.0,5744299000.0,354539760000.0,25250.347,284.5,0.08,3.9,0.0446,0.0,0.04042
2022-03-28,14987.400390625,14987.400390625,14989.080078125,14705.919921875,14763.16015625,5129500000,14721.8560546875,14393.93994140625,14016.539013671874,61.535971572496656,133.16628808791575,-41.88119114814284,175.0474792360586,15149.479366610425,12883.598660733323,14016.539013671874,0.9284697664951934,-0.0007707637803456846,0.022020386107046264,-0.014110523806623365,0.019354375035153693,-0.0030506234456861847,5266690000.0,5704367500.0,359669260000.0,25250.347,284.5,0.08,3.9,0.18343333333333334,0.09786666666666666,0.15555666666666668
2022-03-29,15239.3203125,15239.3203125,15265.419921875,15039.6103515625,15142.9296875,6060890000,14838.8541015625,14572.016015625,14078.205517578124,64.39210078845738,190.83741287387784,4.662529656261295,186.17488321761655,15336.099198106873,12820.311837049376,14078.205517578124,0.9615313729987925,0.01579815166556542,-0.0007707637803456846,0.022020386107046264,-0.014110523806623365,0.019354375035153693,5389848000.0,5700844500.0,365730150000.0,25250.347,284.5,0.08,3.9,0.0,0.015,-0.03182
2022-03-30,15071.5498046875,15071.5498046875,15229.009765625,15010.33984375,15177.150390625,5479200000,14963.6541015625,14683.4919921875,14119.598486328125,61.13628432868551,220.4631548849702,47.82265470200308,172.64050018296712,15452.658953156675,12786.538019499574,14119.598486328125,0.8570548156094292,0.016808780396137424,0.01579815166556542,-0.0007707637803456846,0.022020386107046264,-0.014110523806623365,5480842000.0,5712485000.0,360250950000.0,25250.347,284.5,0.08,3.9,0.011,0.0424,-0.06597
2022-03-31,14838.490234375,14838.490234375,15088.3798828125,14835.16015625,15074.23046875,5453890000,14978.2140625,14755.4810546875,14159.7625,56.83701559953669,222.57015905807748,82.77215557321796,139.79800348485952,15530.003312593333,12789.521687406668,14159.7625,0.7476673180863851,-0.011009054496668558,0.016808780396137424,0.01579815166556542,-0.0007707637803456846,0.022020386107046264,5541716000.0,5730550500.0,354797060000.0,25250.347,284.5,0.08,3.9,0.0191,0.0618,-0.0750499999999999
2022-04-01,14861.2099609375,14861.2099609375,14925.9296875,14723.830078125,14886.91015625,5002790000,14999.594140625,14799.59404296875,14210.931494140625,57.153340487047096,223.49693357409524,110.91711117339342,112.57982240070181,15606.747210248268,12815.115778032981,14210.931494140625,0.7329385101817864,-0.015463543784993816,-0.011009054496668558,0.016808780396137424,0.01579815166556542,-0.0007707637803456846,5425254000.0,5713495000.0,359799850000.0,25250.347,284.5,0.08,3.9,0.0,0.018,-0.0295999999999999
2022-04-04,15159.580078125,15159.580078125,15161.8896484375,14884.5703125,14903.3798828125,4630100000,15034.030078125,14877.94306640625,14302.94150390625,61.17722392648381,245.47767015204045,137.82922296912284,107.64844718291761,15693.903701025818,12911.979306786681,14302.94150390625,0.8079302140607035,0.0015311346507387302,-0.015463543784993816,-0.011009054496668558,0.016808780396137424,0.01579815166556542,5325374000.0,5635231500.0,364429950000.0,25250.347,284.5,0.08,3.9,0.12126666666666663,0.06369999999999999,0.07238
2022-04-05,14820.6396484375,14820.6396484375,15120.669921875,14782.5703125,15109.26953125,4727710000,14950.2939453125,14894.5740234375,14380.59296875,54.87289282595776,232.8635956422877,156.8360975037558,76.02749813853188,15699.7387038548,13061.447233645198,14380.59296875,0.6667922913962727,0.02007710798594209,0.0015311346507387302,-0.015463543784993816,-0.011009054496668558,0.016808780396137424,5058738000.0,5537419000.0,359702240000.0,25250.347,287.674,0.2,3.7,0.0,0.0677,-0.09071
2022-04-06,14498.8896484375,14498.8896484375,14639.349609375,14395.400390625,14600.2998046875,5360420000,14835.7619140625,14899.7080078125,14418.42744140625,49.64306165239797,194.66039087661557,164.40095617832776,30.259434698287805,15703.443174215034,13133.411708597465,14418.42744140625,0.5313078684474067,-0.02235816743872643,0.02007710798594209,0.0015311346507387302,-0.015463543784993816,-0.011009054496668558,5034982000.0,5535612500.0,354341820000.0,25250.347,287.674,0.2,3.7,0.007,0.0978,-0.1603
2022-04-07,14531.8095703125,14531.8095703125,14624.240234375,14315.6904296875,14469.5,4856090000,14774.42578125,14876.319921875,14465.467919921875,50.16639336968912,165.13684369266593,164.5481336811954,0.588710011470539,15690.425406911148,13240.510432932602,14465.467919921875,0.5270791644180569,-0.021709589304664156,-0.02235816743872643,0.02007710798594209,0.0015311346507387302,-0.015463543784993816,4915422000.0,5524854500.0,359197910000.0,25250.347,287.674,0.2,3.7,0.0374,0.0306999999999999,-0.0072099999999999
2022-04-08,14327.259765625,14327.259765625,14490.1904296875,14307.6796875,14450.5302734375,4574080000,14667.6357421875,14833.61494140625,14516.739404296875,46.90458815518307,123.8065947422183,156.3998258934,-32.5932311511817,15616.016408635804,13417.462399957947,14516.739404296875,0.41381624562144703,0.0022705133064135907,-0.021709589304664156,-0.02235816743872643,0.02007710798594209,0.0015311346507387302,4829680000.0,5489148000.0,354623830000.0,25250.347,287.674,0.2,3.7,0.0209999999999999,0.0384,-0.01796
2022-04-11,13990.2099609375,13990.2099609375,14187.669921875,13979.1396484375,14149.599609375,4946680000,14433.76171875,14733.8958984375,14563.917919921874,42.05262045656166,63.12728029323807,137.74531677336762,-74.61803648012955,15459.694077827142,13668.141762016607,14563.917919921874,0.1797704683690373,-0.014076003659267644,0.0022705133064135907,-0.021709589304664156,-0.02235816743872643,0.02007710798594209,4892996000.0,5442646500.0,349677150000.0,25250.347,287.674,0.2,3.7,0.06413333333333333,0.06926666666666666,-0.07397333333333327
2022-04-12,13940.240234375,13940.240234375,14264.740234375,13882.75,14175.66015625,4991720000,14257.6818359375,14603.987890625,14588.001953125,41.36937135094212,10.880918645396378,112.37243714777338,-101.491518502377,15378.341900686686,13797.662005563314,14588.001953125,0.0902005708123199,-0.023525071102303508,-0.014076003659267644,0.0022705133064135907,-0.021709589304664156,-0.02235816743872643,4945798000.0,5420227500.0,344685430000.0,25250.347,287.674,0.2,3.7,0.0185,0.0,0.03612
2022-04-13,14217.2900390625,14217.2900390625,14258.8095703125,13919.48046875,13939.6103515625,4909720000,14201.3619140625,14518.5619140625,14601.026953125,46.554208065295505,-8.076000432916771,88.28274963163535,-96.35875006455213,15355.331468717382,13846.722437532617,14601.026953125,0.24563527983049588,-0.0035717638764551918,-0.023525071102303508,-0.014076003659267644,0.0022705133064135907,-0.021709589304664156,4855658000.0,5338103000.0,349595150000.0,25250.347,287.674,0.2,3.7,0.1118,0.0618,0.04204
2022-04-14,13893.2099609375,13893.2099609375,14235.3896484375,13884.8203125,14225.4697265625,4642240000,14073.6419921875,14424.03388671875,14589.757470703125,41.88785278515525,-48.68879511184787,60.888440682938715,-109.57723579478659,15380.275144316944,13799.239797089307,14589.757470703125,0.059435839946887115,0.01987410546945445,-0.0035717638764551918,-0.023525071102303508,-0.014076003659267644,0.0022705133064135907,4812888000.0,5289610500.0,344952910000.0,25250.347,287.674,0.2,3.7,0.0,0.1403,-0.23446
2022-04-18,13910.759765625,13910.759765625,13997.9296875,13788.9599609375,13859.4697265625,4365230000,13990.3419921875,14328.9888671875,14564.291455078124,42.225574611319324,-78.55309375859542,33.000133794631886,-111.55322755322732,15408.79548521005,13719.787424946198,14564.291455078124,0.11306774974713175,-0.022794785590965594,0.01987410546945445,-0.0035717638764551918,-0.023525071102303508,-0.014076003659267644,4771118000.0,5100407500.0,349318140000.0,25250.347,287.674,0.2,3.7,0.0136,0.06717499999999994,-0.101775
2022-04-19,14210.259765625,14210.259765625,14236.509765625,13844.740234375,13882.75,4562840000,14034.351953125,14234.0568359375,14555.999951171874,47.800833017789,-77.16411869540934,10.967283296623641,-88.13140199203298,15411.469305904062,13700.530596439687,14555.999951171874,0.2979236873686075,0.001263192936466373,-0.022794785590965594,0.01987410546945445,-0.0035717638764551918,-0.023525071102303508,4694350000.0,5044852500.0,353880980000.0,25250.347,287.674,0.2,3.7,0.0285999999999999,0.1059,-0.1615599999999999
2022-04-20,13998.5302734375,13998.5302734375,14263.6103515625,13962.8603515625,14246.2001953125,4678930000,14046.0099609375,14151.8458984375,14523.2099609375,44.52934814400476,-92.08662913441731,-9.64349918958455,-82.44312994483276,15412.418016485368,13634.001905389632,14523.2099609375,0.20497360869232734,0.021530096489775996,0.001263192936466373,-0.022794785590965594,0.01987410546945445,-0.0035717638764551918,4631792000.0,5006544000.0,349202050000.0,25250.347,287.674,0.2,3.7,0.0342,0.0744,-0.07854
2022-04-21,13720.4501953125,13720.4501953125,14277.2099609375,13682.6796875,14174.919921875,5233110000,13946.6419921875,14074.001953125,14486.85498046875,40.59927251831689,-124.91166059222087,-32.69713147011181,-92.21452912210906,15445.806949927091,13527.903011010409,14486.85498046875,0.10039459244807152,-0.014899762261889049,0.021530096489775996,0.001263192936466373,-0.022794785590965594,0.01987410546945445,4696470000.0,5016988000.0,343968940000.0,25250.347,287.674,0.2,3.7,0.0,0.3106,-0.53946
2022-04-22,13356.8701171875,13356.8701171875,13769.400390625,13342.7900390625,13714.6298828125,4475090000,13839.3740234375,13956.5080078125,14416.41396484375,36.11164568943505,-178.20932211936451,-61.79956959996235,-116.40975251940216,15489.32687429964,13343.50105538786,14416.41396484375,0.00623026420961781,-0.019864948154783235,-0.014899762261889049,0.021530096489775996,0.001263192936466373,-0.022794785590965594,4663040000.0,4983266500.0,339493850000.0,25250.347,287.674,0.2,3.7,0.0477,0.1399999999999999,-0.22154
2022-04-25,13533.2197265625,13533.2197265625,13541.76953125,13239.73046875,13275.41015625,4845160000,13763.866015625,13877.10400390625,14355.35947265625,39.59904286489384,-203.8680986691852,-90.21327541380693,-113.65482325537828,15484.796279730688,13225.922665581811,14355.35947265625,0.13603995330056376,-0.026499136176246996,-0.019864948154783235,-0.014899762261889049,0.021530096489775996,0.001263192936466373,4759026000.0,4946269500.0,344339010000.0,25250.347,287.674,0.2,3.7,0.0123,0.04569999999999993,-0.05171
2022-04-26,13009.7099609375,13009.7099609375,13447.66015625,13009.650390625,13447.66015625,5168160000,13523.7560546875,13779.05400390625,14256.474951171875,33.715438155050734,-263.4093083387688,-124.8524819987993,-138.55682633996952,15494.041710259804,13018.908192083945,14256.474951171875,-0.003716256548949448,0.013202914142893096,-0.026499136176246996,-0.019864948154783235,-0.014899762261889049,0.021530096489775996,4880090000.0,4948202500.0,339170850000.0,25250.347,287.674,0.2,3.7,0.0239,0.0769,-0.1097399999999999
2022-04-27,13003.3603515625,13003.3603515625,13241.9404296875,12936.41015625,13009.400390625,4810720000,13324.7220703125,13685.366015625,14144.676953125,33.65013224619766,-307.5631102996813,-161.3946076589757,-146.16850264070558,15412.023945307472,12877.329960942527,14144.676953125,0.049722132690329324,-0.03868331233826605,0.013202914142893096,-0.026499136176246996,-0.019864948154783235,-0.014899762261889049,4906448000.0,4885694000.0,334360130000.0,25250.347,287.674,0.2,3.7,0.1129,0.0,0.2274899999999999
2022-04-28,13456.0595703125,13456.0595703125,13542.5595703125,13038.169921875,13254.9599609375,5067150000,13271.8439453125,13609.24296875,14063.90244140625,42.240203119151474,-302.53879398359095,-189.62344492389877,-112.91534905969218,15287.69379577669,12840.11108703581,14063.90244140625,0.2516558403019423,-0.0004880669433880991,-0.03868331233826605,0.013202914142893096,-0.026499136176246996,-0.019864948154783235,4873256000.0,4865091500.0,339427280000.0,25250.347,287.674,0.2,3.7,0.2036,0.0,0.31364
2022-04-29,12854.7998046875,12854.7998046875,13428.5302734375,12835.48046875,13274.9404296875,4733070000,13171.4298828125,13505.401953125,13964.717919921875,35.640331318185076,-343.11837026461944,-220.3224299920429,-122.79594027257653,15244.446643351679,12684.989196492072,13964.717919921875,0.06634632992386018,0.03481401780083737,-0.0004880669433880991,-0.03868331233826605,0.013202914142893096,-0.026499136176246996,4924852000.0,4829050500.0,334694210000.0,25250.347,287.674,0.2,3.7,0.0837,0.0799,-0.0007599999999999
2022-05-02,13075.849609375,13075.849609375,13083.5703125,12716.6298828125,12864.830078125,4918240000,13079.955859375,13421.9109375,13875.44990234375,39.38978507324178,-353.36770207366317,-246.93148440836697,-106.4362176652962,15140.86973624179,12610.030068445709,13875.44990234375,0.184057309855167,-0.044683197371653494,0.03481401780083737,-0.0004880669433880991,-0.03868331233826605,0.013202914142893096,4939468000.0,4824823000.0,339612450000.0,25250.347,287.674,0.2,3.7,0.09653333333333332,0.0605,0.039099999999999996
2022-05-03,13089.900390625,13089.900390625,13178.740234375,12982.7001953125,13045.349609375,4547280000,13095.9939453125,13309.875,13771.96591796875,39.63053521288326,-356.24996294030825,-268.7951801147552,-87.45478282555302,14929.097941339613,12614.833894597887,13771.96591796875,0.20527756834660413,0.017195896322468984,-0.044683197371653494,0.03481401780083737,-0.0004880669433880991,-0.03868331233826605,4815292000.0,4820682000.0,344159730000.0,25250.347,287.674,0.2,3.7,0.0919,0.0091,0.155
2022-05-04,13535.7099609375,13535.7099609375,13556.669921875,12887.5302734375,13110.2998046875,5498050000,13202.4638671875,13263.59296875,13707.71943359375,46.84491701357861,-318.8851592873616,-278.8131759492765,-40.07198333808509,14757.389260062075,12658.049607125424,13707.71943359375,0.4180649627535808,0.001074559716557566,0.017195896322468984,-0.044683197371653494,0.03481401780083737,-0.0004880669433880991,4952758000.0,4859199000.0,349657780000.0,25250.347,287.674,0.2,3.7,0.0,0.054,-0.10516
2022-05-05,12850.5498046875,12850.5498046875,13344.7900390625,12710.58984375,13344.7900390625,5308920000,13081.3619140625,13176.6029296875,13625.30244140625,39.10938512739147,-340.63337220271933,-291.1772151999651,-49.45615700275425,14672.254940070263,12578.349942742236,13625.30244140625,0.12999628077329717,0.03405752198326795,0.001074559716557566,0.017195896322468984,-0.044683197371653494,0.03481401780083737,5001112000.0,4856624000.0,344348860000.0,25250.347,287.674,0.2,3.7,0.0967,0.0487,0.1046899999999999
2022-05-06,12693.5302734375,12693.5302734375,12926.580078125,12522.76953125,12776.8603515625,5324480000,13049.1080078125,13110.2689453125,13533.3884765625,37.57792138121537,-366.3164831369413,-306.20506878736035,-60.11141434958097,14567.949247666204,12498.827705458798,13533.3884765625,0.09409914497868843,-0.05061870845543337,0.03405752198326795,0.001074559716557566,0.017195896322468984,-0.044683197371653494,5119394000.0,4880043500.0,339024380000.0,25861.292,288.561,0.33,3.7,0.0084,0.0409,-0.08619
2022-05-09,12187.7197265625,12187.7197265625,12542.3203125,12136.1904296875,12465.91015625,5939140000,12871.48203125,12975.7189453125,13426.411474609375,33.08366144018176,-422.61359107672433,-329.48677324523317,-93.12681783149117,14553.654233729634,12299.168715489115,13426.411474609375,-0.04943433347648819,-0.012218895972273769,-0.05061870845543337,0.03405752198326795,0.001074559716557566,0.017195896322468984,5323574000.0,4948296500.0,333085240000.0,25861.292,288.561,0.33,3.7,0.041633333333333335,0.04523333333333333,0.0034233333333333663
2022-05-10,12345.8603515625,12345.8603515625,12537.8896484375,12173.4697265625,12496.83984375,6218260000,12722.6740234375,12909.333984375,13344.193994140625,35.673975366435016,-449.2896959745394,-353.4473577910944,-95.84233818344501,14536.294294131969,12152.093694149282,13344.193994140625,0.08127112182365241,-0.039847901724665236,-0.012218895972273769,-0.05061870845543337,0.03405752198326795,0.001074559716557566,5657770000.0,5011875500.0,339303500000.0,25861.292,288.561,0.33,3.7,0.0,0.0474,-0.05236
2022-05-11,11967.5595703125,11967.5595703125,12470.8896484375,11939.08984375,12240.2099609375,6152370000,12409.0439453125,12805.75390625,13245.5599609375,32.43903264004966,-495.2475077637155,-381.80738778561863,-113.44011997809685,14551.055842617001,11940.064079258,13245.5599609375,0.010530669395573927,0.012975407094022673,-0.039847901724665236,-0.012218895972273769,-0.05061870845543337,0.03405752198326795,5788634000.0,5069908000.0,333151130000.0,25861.292,288.561,0.33,3.7,0.0289,0.0550999999999999,-0.00862
2022-05-12,11945.5,11945.5,12128.73046875,11692.1201171875,11790.1298828125,6679470000,12228.033984375,12654.69794921875,13131.970458984375,32.25535284801505,-527.3702319224576,-410.9199566129864,-116.45027530947118,14476.226282801204,11787.714635167546,13131.970458984375,0.05868874139761753,-0.03064191319822618,0.012975407094022673,-0.039847901724665236,-0.012218895972273769,-0.05061870845543337,6062744000.0,5158395500.0,326471660000.0,25861.292,288.561,0.33,3.7,0.0927,0.0222,0.15465
2022-05-13,12387.400390625,12387.400390625,12429.2802734375,12069.1298828125,12125.9296875,5894020000,12166.8080078125,12607.9580078125,13056.67998046875,39.62977959220778,-511.27637801495075,-430.9912408933793,-80.28513712157144,14390.048374591935,11723.311586345566,13056.67998046875,0.24902675329878918,-0.0018432805939168073,-0.03064191319822618,0.012975407094022673,-0.039847901724665236,-0.012218895972273769,6176652000.0,5220984500.0,332365680000.0,25861.292,288.561,0.33,3.7,0.059,0.1069,-0.1166799999999999
2022-05-16,12243.580078125,12243.580078125,12395.509765625,12196.2099609375,12297.0703125,4930250000,12177.980078125,12524.7310546875,12973.32099609375,38.17333518429204,-504.3135672268472,-445.6557061600729,-58.65786106677433,14290.222728420908,11656.419263766591,12973.32099609375,0.22293266078434334,0.03699304262065217,-0.0018432805939168073,-0.03064191319822618,0.012975407094022673,-0.039847901724665236,5974874000.0,5249235500.0,327435430000.0,25861.292,288.561,0.33,3.7,0.0141,0.04689999999999996,-0.06340666666666663
2022-05-17,12564.099609375,12564.099609375,12572.990234375,12333.990234375,12496.6298828125,5093960000,12221.6279296875,12472.1509765625,12891.01298828125,43.184705242020165,-467.5427008147781,-450.03310509101397,-17.509595723764107,14082.168621813755,11699.857354748747,12891.01298828125,0.36277469975239385,-0.01161020940348756,0.03699304262065217,-0.0018432805939168073,-0.03064191319822618,0.012975407094022673,5750014000.0,5275791500.0,332529390000.0,25861.292,288.561,0.33,3.7,0.0593,0.0,0.10135
2022-05-18,11928.3095703125,11928.3095703125,12389.9599609375,11887.0,12352.919921875,5064120000,12213.7779296875,12311.4109375,12787.501953125,36.81087241514233,-484.1237892112804,-456.85124191506725,-27.272547296213133,13932.326318116695,11642.677588133305,12787.501953125,0.12474925888796357,0.026178579239470645,-0.01161020940348756,0.03699304262065217,-0.0018432805939168073,-0.03064191319822618,5532364000.0,5295051000.0,327465270000.0,25861.292,288.561,0.33,3.7,0.0169,0.1863999999999999,-0.29327
2022-05-19,11875.6298828125,11875.6298828125,12066.849609375,11795.7900390625,11872.5595703125,5154410000,12199.80390625,12213.9189453125,12695.2609375,36.33237602785003,-495.7999584482968,-464.6409852217132,-31.158973226583612,13820.699666218074,11569.822208781925,12695.2609375,0.13586153836153472,-0.050603708887192345,0.026178579239470645,-0.01161020940348756,0.03699304262065217,-0.0018432805939168073,5227352000.0,5291116000.0,322310860000.0,25861.292,288.561,0.33,3.7,0.0,0.2081,-0.32309
2022-05-20,11835.6201171875,11835.6201171875,12044.7001953125,11492.2900390625,12037.0302734375,5434370000,12089.4478515625,12128.1279296875,12619.1984375,35.95015827029697,-502.4894745277452,-472.2106830829196,-30.278791444825572,13761.859609606947,11476.537265393052,12619.1984375,0.15712569069461646,-0.004416358176275947,-0.050603708887192345,0.026178579239470645,-0.01161020940348756,0.03699304262065217,5135422000.0,5339080000.0,316876490000.0,25861.292,288.561,0.33,3.7,0.1473,0.0685,0.12379
2022-05-23,12034.2802734375,12034.2802734375,12047.8095703125,11785.759765625,11867.080078125,4552200000,12047.587890625,12112.783984375,12544.25146484375,39.36127491380709,-486.1566387691619,-474.99987422016807,-11.156764548993806,13629.68686137732,11458.81606831018,12544.25146484375,0.26508450294007085,-0.0033690647165508514,-0.004416358176275947,-0.050603708887192345,0.026178579239470645,-0.01161020940348756,5059812000.0,5324432000.0,321428690000.0,25861.292,288.561,0.33,3.7,0.1027,0.06576666666666667,0.05336000000000004
2022-05-24,11769.83984375,11769.83984375,11842.8095703125,11576.1103515625,11807.7802734375,4724430000,11888.7359375,12055.18193359375,12482.257958984375,36.569387142456044,-488.91497393315876,-477.78289416276624,-11.132079770392522,13596.992324524568,11367.523593444183,12482.257958984375,0.1804538653972768,0.0167849385400185,-0.0033690647165508514,-0.004416358176275947,-0.050603708887192345,0.026178579239470645,4985906000.0,5302245500.0,316704260000.0,25861.292,288.561,0.33,3.7,0.0191,0.1206,-0.2136
2022-05-25,11943.9296875,11943.9296875,12028.8896484375,11714.26953125,11732.4501953125,4519690000,11891.8599609375,12052.8189453125,12429.28642578125,39.6064223184398,-471.61687321910176,-476.54968997403336,4.9328167549315936,13540.439009920166,11318.133841642335,12429.28642578125,0.2815976198006251,-0.021973929780510604,0.0167849385400185,-0.0033690647165508514,-0.004416358176275947,-0.050603708887192345,4877020000.0,5287694000.0,321223950000.0,25861.292,288.561,0.33,3.7,0.0503,0.0351999999999999,0.04539
2022-05-26,12276.7900390625,12276.7900390625,12337.73046875,11901.8701171875,11906.830078125,4672620000,11972.0919921875,12085.94794921875,12370.32294921875,45.02618314124798,-426.1367164299518,-466.46709526521704,40.330378835265265,13371.80538053831,11368.840517899189,12370.32294921875,0.4533027703576339,0.014791182043351725,-0.021973929780510604,0.0167849385400185,-0.0033690647165508514,-0.004416358176275947,4780662000.0,5267967500.0,325896570000.0,25861.292,288.561,0.33,3.7,0.2148,0.0344,0.38265
2022-05-27,12681.419921875,12681.419921875,12682.580078125,12405.2900390625,12421.7998046875,4793900000,12141.251953125,12115.34990234375,12361.653955078125,50.80561881818811,-353.3696887903916,-443.847613970252,90.47792517986039,13348.371427559063,11374.936482597188,12361.653955078125,0.6620352206761253,0.027868579292697815,0.014791182043351725,-0.021973929780510604,0.0167849385400185,-0.0033690647165508514,4652568000.0,5271009000.0,330690470000.0,25861.292,288.561,0.33,3.7,0.0259,0.0118,0.04838
2022-05-31,12642.099609375,12642.099609375,12762.83984375,12482.3203125,12688.9501953125,6045500000,12262.8158203125,12155.20185546875,12339.966455078125,50.25273618599909,-295.4681429042339,-414.1717197570484,118.70357685281448,13278.47831061197,11401.45459954428,12339.966455078125,0.6609639518751818,0.03295893157128549,0.027868579292697815,0.014791182043351725,-0.021973929780510604,0.0167849385400185,4951228000.0,5327372000.0,324644970000.0,25861.292,288.561,0.33,3.7,0.0789,0.0774,0.0192325
2022-06-01,12548.3603515625,12548.3603515625,12820.4697265625,12457.91015625,12750.3095703125,4719900000,12418.519921875,12153.6279296875,12312.889453125,48.88688678434332,-254.2143011049193,-382.1802360266226,127.96593492170331,13189.507982277639,11436.270923972363,12312.889453125,0.6343063662281423,-0.0031006238057122992,0.03295893157128549,0.027868579292697815,0.014791182043351725,-0.021973929780510604,4950322000.0,5336003000.0,319925070000.0,25861.292,288.561,0.33,3.7,0.0678,0.0167,0.08321
2022-06-02,12892.8896484375,12892.8896484375,12897.6298828125,12447.76953125,12498.6298828125,4445840000,12608.3119140625,12250.0859375,12280.7484375,53.85154752109904,-191.5120674532609,-344.04660231195027,152.53453485868937,13001.951314480399,11559.545560519602,12280.7484375,0.9243890522875279,-0.007414848854931155,-0.0031006238057122992,0.03295893157128549,0.027868579292697815,0.014791182043351725,4935552000.0,5283392500.0,324370910000.0,25861.292,288.561,0.33,3.7,0.0167,0.0266,-0.01904
2022-06-03,12548.0302734375,12548.0302734375,12724.8095703125,12505.759765625,12650.3798828125,4130040000,12662.5599609375,12317.3259765625,12265.6224609375,48.74754847789556,-167.71406168682552,-308.78009418692534,141.06603250009982,12948.160237770064,11583.084684104937,12265.6224609375,0.7068807193431569,0.027456120737885836,-0.007414848854931155,-0.0031006238057122992,0.03295893157128549,0.027868579292697815,4827036000.0,5224448500.0,320240870000.0,25861.292,288.561,0.33,3.7,0.0353636363636363,0.1013636363636363,-0.1061818181818181
2022-06-06,12599.6298828125,12599.6298828125,12804.4599609375,12534.580078125,12745.8896484375,4647010000,12646.201953125,12393.726953125,12260.92744140625,49.51851160565413,-143.04142096028227,-275.6323595415967,132.59093858131445,12932.271674626025,11589.583208186474,12260.92744140625,0.7522569083388335,-0.02674802813051258,0.027456120737885836,-0.007414848854931155,-0.0031006238057122992,0.03295893157128549,4797658000.0,5190575000.0,324887880000.0,25861.292,291.298,0.77,3.6,0.04668518518518516,0.06949629629629626,-0.009730370370370361
2022-06-07,12711.6796875,12711.6796875,12737.2998046875,12413.5595703125,12456.490234375,4411240000,12660.11796875,12461.46689453125,12287.125439453124,51.23399117676727,-113.14245681529428,-243.13437899633624,129.99192218104196,12986.739038570224,11587.511840336025,12287.125439453124,0.8034205228304996,0.004112168065471655,-0.02674802813051258,0.027456120737885836,-0.007414848854931155,-0.0031006238057122992,4470806000.0,5114180000.0,329299120000.0,25861.292,291.298,0.77,3.6,0.144,0.0812,0.07562
2022-06-08,12615.1298828125,12615.1298828125,12776.650390625,12578.5498046875,12682.8095703125,4708980000,12673.471875,12545.9958984375,12300.588916015626,49.667770181309585,-96.12994845095636,-213.73349288726027,117.6035444363039,13015.165413967647,11586.012418063605,12300.588916015626,0.7200890791247333,0.008893102871247782,0.004112168065471655,-0.02674802813051258,0.027456120737885836,-0.007414848854931155,4468622000.0,5038716000.0,324590140000.0,25861.292,291.298,0.77,3.6,0.0354,0.0746,-0.05089
2022-06-09,12269.7802734375,12269.7802734375,12666.41015625,12265.8603515625,12543.3701171875,5408460000,12548.85,12578.58095703125,12315.699951171875,44.43520881210029,-109.25481873159151,-192.83775805612652,83.582939324535,13013.201767650735,11618.198134693015,12315.699951171875,0.46708275401619204,-0.0075953616721826656,0.008893102871247782,0.004112168065471655,-0.02674802813051258,0.027456120737885836,4661146000.0,5001520500.0,319181680000.0,25861.292,291.298,0.77,3.6,0.0,0.0605,-0.10466
2022-06-10,11832.8203125,11832.8203125,12082.6904296875,11825.349609375,12052.58984375,5152020000,12405.8080078125,12534.183984375,12310.065966796876,38.85720749635132,-153.1499724595069,-184.9002009368026,31.750228477295707,13021.832727819079,11598.299205774672,12310.065966796876,0.16474575631244728,-0.027375826692479954,-0.0075953616721826656,0.008893102871247782,0.004112168065471655,-0.02674802813051258,4865542000.0,4925148000.0,314029660000.0,25861.292,291.298,0.77,3.6,0.0526923076923077,0.017076923076923,0.0364153846153846
2022-06-13,11288.3203125,11288.3203125,11568.650390625,11254.1904296875,11472.1904296875,5937320000,12143.54609375,12394.8740234375,12255.111962890625,33.25510959820278,-229.23136102172612,-193.76643295378733,-35.464928067938786,13099.161269010312,11411.062656770939,12255.111962890625,-0.07271041121709883,-0.03561269649493748,-0.027375826692479954,-0.0075953616721826656,0.008893102871247782,0.004112168065471655,5123604000.0,4927313000.0,308092340000.0,25861.292,291.298,0.77,3.6,0.047999999999999966,0.1075333333333333,-0.11294666666666665
2022-06-14,11311.6904296875,11311.6904296875,11418.2197265625,11205.919921875,11385.1796875,4819890000,11863.5482421875,12261.83310546875,12208.51748046875,33.696944824090934,-284.3626804783453,-211.88568245869894,-72.47699801964635,13152.24822229997,11264.786738637531,12208.51748046875,0.024850144734586504,-0.04601607948231912,-0.03561269649493748,-0.027375826692479954,-0.0075953616721826656,0.008893102871247782,5205334000.0,4921795000.0,312912230000.0,25861.292,291.298,0.77,3.6,0.0,0.0,0.0
2022-06-15,11593.76953125,11593.76953125,11751.2900390625,11346.5400390625,11468.1298828125,5368500000,11659.276171875,12166.3740234375,12160.0009765625,38.95011943865458,-301.81409724446166,-229.8713654158515,-71.94273182861016,13126.261375677252,11193.740577447748,12160.0009765625,0.20699852450164669,0.002070291818493164,-0.04601607948231912,-0.03561269649493748,-0.027375826692479954,-0.0075953616721826656,5337238000.0,4935522000.0,318280730000.0,25861.292,291.298,0.77,3.6,0.0424999999999999,0.0482999999999999,-0.00026
2022-06-16,11127.5703125,11127.5703125,11311.0498046875,11037.2099609375,11286.8701171875,5696630000,11430.8341796875,11989.84208984375,12119.964013671875,34.136297478737035,-349.2370640441877,-253.74450514151874,-95.49255890266897,13187.677163123244,11052.250864220507,12119.964013671875,0.03527138741252524,0.024936953792704886,0.002070291818493164,-0.04601607948231912,-0.03561269649493748,-0.027375826692479954,5394872000.0,4967147500.0,312584100000.0,25861.292,291.298,0.77,3.6,0.129,0.1192,-0.13847
2022-06-17,11265.990234375,11265.990234375,11357.9697265625,11089.9296875,11172.650390625,7452830000,11317.4681640625,11861.6380859375,12089.48203125,36.640140944076265,-371.36985550073405,-277.2695752133618,-94.10028028737224,13219.55357331275,10959.410489187248,12089.48203125,0.13564616653744901,-0.04021118562805659,0.024936953792704886,0.002070291818493164,-0.04601607948231912,-0.03561269649493748,5855034000.0,5082068500.0,320036930000.0,25861.292,291.298,0.77,3.6,0.0,0.1138333333333333,-0.1813166666666666
2022-06-21,11546.759765625,11546.759765625,11638.4697265625,11446.98046875,11446.98046875,5226260000,11369.1560546875,11756.35107421875,12075.039013671874,41.49823648820479,-362.08065707779315,-294.2317915862481,-67.84886549154504,13225.962907942434,10924.115119401315,12075.039013671874,0.2704977493834679,0.012439366185761802,-0.04021118562805659,0.024936953792704886,0.002070291818493164,-0.04601607948231912,5712822000.0,5071663000.0,325263190000.0,25861.292,291.298,0.77,3.6,0.0511125,0.05382499999999998,-0.0186975
2022-06-22,11527.7099609375,11527.7099609375,11708.080078125,11423.2001953125,11427.740234375,5238180000,11412.3599609375,11637.9541015625,12049.710498046876,41.26704043990553,-352.19616231035616,-305.82466573106973,-46.37149657928643,13226.41863986948,10873.002356224271,12049.710498046876,0.27819455880502,0.024921868864514973,0.012439366185761802,-0.04021118562805659,0.024936953792704886,0.002070291818493164,5796480000.0,5105962000.0,320025010000.0,25861.292,291.298,0.77,3.6,0.0989,0.1369999999999999,-0.07454
2022-06-23,11697.6796875,11697.6796875,11729.6201171875,11515.48046875,11622.08984375,5258200000,11433.1419921875,11546.20908203125,12046.102490234374,44.251395540445735,-326.8794299626734,-310.0356185773905,-16.84381138528289,13226.859383652218,10865.34559681653,12046.102490234374,0.35245785788900946,-0.0016497965727330088,0.024921868864514973,0.012439366185761802,-0.04021118562805659,0.024936953792704886,5774420000.0,5132650500.0,325283210000.0,25861.292,291.298,0.77,3.6,0.0664,0.1016999999999999,-0.0877999999999999
2022-06-24,12105.849609375,12105.849609375,12112.8203125,11812.1796875,11826.9501953125,9468130000,11628.7978515625,11529.816015625,12054.198486328125,50.72635967104847,-270.75869797417545,-302.1802344567475,31.421536482572037,13234.225874948928,10874.171097707322,12054.198486328125,0.5218855611085621,0.014744448562503232,-0.0016497965727330088,0.024921868864514973,0.012439366185761802,-0.04021118562805659,6528720000.0,5380072500.0,334751340000.0,25861.292,291.298,0.77,3.6,0.1523,0.0448,0.19383
2022-06-27,12008.240234375,12008.240234375,12175.98046875,11965.669921875,12157.9296875,5047860000,11777.2478515625,11547.3580078125,12040.77099609375,49.25312353959885,-231.4903971515705,-288.0422669957121,56.551869844141606,13216.2365246305,10865.305467557,12040.77099609375,0.48616260497266767,0.03489323804199951,0.014744448562503232,-0.0016497965727330088,0.024921868864514973,0.012439366185761802,6047726000.0,5398834500.0,329703480000.0,25861.292,291.298,0.77,3.6,0.06086666666666666,0.0661,-0.015540000000000031
2022-06-28,11637.76953125,11637.76953125,12133.8701171875,11633.1298828125,12021.33984375,5433220000,11795.4498046875,11582.3029296875,11988.5884765625,44.0267299169147,-227.63978567771846,-275.9617707321134,48.32198505439493,13136.647256404214,10840.529696720785,11988.5884765625,0.3472121151493359,-0.008062992532503421,0.03489323804199951,0.014744448562503232,-0.0016497965727330088,0.024921868864514973,6089118000.0,5430800500.0,324270260000.0,25861.292,291.298,0.77,3.6,0.0515,0.1059,-0.0847599999999999
2022-06-29,11658.259765625,11658.259765625,11710.2099609375,11537.7197265625,11619.009765625,5650860000,11821.559765625,11616.95986328125,11939.396484375,44.37828264389255,-220.39419063350033,-264.84825471239077,44.45406407889044,13053.358430622675,10825.434538127325,11939.396484375,0.3738122430048015,-0.030851373381462155,-0.008062992532503421,0.03489323804199951,0.014744448562503232,-0.0016497965727330088,6171654000.0,5411068500.0,329921120000.0,25861.292,291.298,0.77,3.6,0.038,0.1796,-0.30653
2022-06-30,11503.7197265625,11503.7197265625,11650.9599609375,11322.8603515625,11532.3203125,5654520000,11782.7677734375,11607.9548828125,11887.164453125,42.22425835477411,-224.53380799548358,-256.78536536900936,32.25155737352577,12978.63780096901,10795.69110528099,11887.164453125,0.324345355147737,0.0017606667944385368,-0.030851373381462155,-0.008062992532503421,0.03489323804199951,0.014744448562503232,6250918000.0,5457799500.0,324266600000.0,25861.292,291.298,0.77,3.6,0.1785,0.0313,0.23445
2022-07-01,11585.6796875,11585.6796875,11592.849609375,11378.6298828125,11472.6298828125,4865730000,11678.7337890625,11653.7658203125,11821.803955078125,43.78271728796228,-218.68019157472372,-249.16433061015223,30.484139035428512,12811.510113418968,10832.097796737282,11821.803955078125,0.38070991294326845,-0.013255841109165334,0.0017606667944385368,-0.030851373381462155,-0.008062992532503421,0.03489323804199951,5330438000.0,5478794000.0,329132330000.0,25861.292,291.298,0.77,3.6,0.2063,0.098,0.15907
2022-07-05,11779.900390625,11779.900390625,11781.740234375,11366.0703125,11419.33984375,5053570000,11633.0658203125,11705.1568359375,11783.3974609375,47.40336489194163,-196.10855348495897,-238.5531751851136,42.44462170015461,12712.184094042852,10854.610827832148,11783.3974609375,0.4981173984487655,0.007124648625457253,-0.013255841109165334,0.0017606667944385368,-0.030851373381462155,-0.008062992532503421,5331580000.0,5524970500.0,334185900000.0,25861.292,291.298,0.77,3.6,0.07897499999999998,0.0926583333333333,-0.0329108333333333
2022-07-06,11852.58984375,11852.58984375,11941.3095703125,11727.3603515625,11807.080078125,4851170000,11676.0298828125,11735.73984375,11746.045458984376,48.7341416378098,-170.39077748460113,-224.9206956450111,54.52991816040998,12593.109823038354,10898.981094930397,11746.045458984376,0.5628903713147085,0.01676385920927448,0.007124648625457253,-0.013255841109165334,0.0017606667944385368,-0.030851373381462155,5215170000.0,5535178500.0,339037070000.0,25861.292,294.957,1.21,3.6,0.1565,0.0,0.29097
2022-07-07,12109.0498046875,12109.0498046875,12137.7099609375,11897.509765625,11913.73046875,4685050000,11766.187890625,11793.873828125,11715.91396484375,53.23032909890846,-127.84140307922644,-205.50483713185417,77.66343405262774,12454.244261487363,10977.583668200137,11715.91396484375,0.7662330407074665,0.006170633937011116,0.01676385920927448,0.007124648625457253,-0.013255841109165334,0.0017606667944385368,5022008000.0,5548869000.0,343722120000.0,25861.292,294.957,1.21,3.6,0.0,0.1790999999999999,-0.25138
2022-07-08,12125.6904296875,12125.6904296875,12179.3203125,11956.0302734375,11977.9501953125,4526570000,11890.58203125,11836.67490234375,11691.4419921875,53.51520899672831,-91.72065927924086,-182.7480015613315,91.02734228209064,12329.980646677737,11052.903337697262,11691.4419921875,0.840033006965469,0.021637461881188313,0.006170633937011116,0.01676385920927448,0.007124648625457253,-0.013255841109165334,4796418000.0,5539748500.0,348248690000.0,25861.292,294.957,1.21,3.6,0.1,0.067,0.1152727272727272
2022-07-11,11860.2802734375,11860.2802734375,12026.0595703125,11830.8896484375,12008.759765625,4362910000,11945.5021484375,11812.11796875,11670.9669921875,48.4465514875258,-83.54800170911767,-162.90800159088874,79.35999988177107,12255.391468102001,11086.542516272997,11670.9669921875,0.6619655653142906,0.0013742304531243477,0.021637461881188313,0.006170633937011116,0.01676385920927448,0.007124648625457253,4695854000.0,5487471000.0,343885780000.0,25861.292,294.957,1.21,3.6,0.041851851851851835,0.052532407407407396,-0.014413888888888865
2022-07-12,11744.990234375,11744.990234375,11990.4404296875,11684.01953125,11926.83984375,4317860000,11938.5201171875,11785.79296875,11666.57548828125,46.39109051757396,-85.38973462971444,-147.4043481986539,62.01461356893947,12247.186615535487,11085.964361027014,11666.57548828125,0.5675277672205318,-0.021888251047560314,0.0013742304531243477,0.021637461881188313,0.006170633937011116,0.01676385920927448,4548712000.0,5445763000.0,339567920000.0,25861.292,294.957,1.21,3.6,0.0101999999999999,0.0464,-0.07203
2022-07-13,11728.5302734375,11728.5302734375,11819.6904296875,11498.9599609375,11523.91015625,4433060000,11913.708203125,11794.86904296875,11688.585986328126,46.090428333857886,-87.1726307006411,-135.35800469905135,48.185373998410256,12241.538113712031,11135.63385894422,11688.585986328126,0.5361191187547794,-0.00972068420007799,-0.021888251047560314,0.0013742304531243477,0.021637461881188313,0.006170633937011116,4465090000.0,5370550000.0,335134860000.0,25861.292,294.957,1.21,3.6,0.0318,0.0285999999999999,-0.0449199999999999
2022-07-14,11768.400390625,11768.400390625,11801.1103515625,11488.26953125,11637.1796875,4481070000,11845.5783203125,11805.88310546875,11711.421484375,46.98668537421341,-84.39554413497899,-125.16551258623689,40.769968451257895,12235.822323668193,11187.020645081806,11711.421484375,0.5543276268653561,-0.0014014452638134722,-0.00972068420007799,-0.021888251047560314,0.0013742304531243477,0.021637461881188313,4424294000.0,5353609000.0,339615930000.0,25861.292,294.957,1.21,3.6,0.0892,0.0381,0.00953
2022-07-15,11983.6201171875,11983.6201171875,11987.51953125,11828.1298828125,11896.150390625,4369060000,11817.1642578125,11853.87314453125,11730.914013671874,51.65870075695278,-64.0894662835617,-112.95030332570185,48.86083704214015,12265.779088809079,11196.04893853467,11730.914013671874,0.7362335056657058,0.0033994129066450274,-0.0014014452638134722,-0.00972068420007799,-0.021888251047560314,0.0013742304531243477,4392792000.0,5303637000.0,343984990000.0,25861.292,294.957,1.21,3.6,0.0353333333333333,0.06175,-0.035325
2022-07-18,11877.5,11877.5,12156.08984375,11836.51953125,12089.6796875,5057920000,11820.608203125,11883.05517578125,11768.410498046875,49.34929325967995,-55.91520419517474,-101.54328349959644,45.6280793044217,12224.533100145909,11312.28789594784,11768.410498046875,0.6195835302297075,0.01828793373940174,0.0033994129066450274,-0.0014014452638134722,-0.00972068420007799,-0.021888251047560314,4531794000.0,5271701500.0,338927070000.0,25861.292,294.957,1.21,3.6,0.08719999999999996,0.04954166666666663,0.07621000000000004
2022-07-19,12249.419921875,12249.419921875,12258.3701171875,11967.919921875,12046.6904296875,5302740000,11921.494140625,11930.00712890625,11817.581982421874,56.661772434241655,-19.20483182028329,-85.07559316373381,65.87076134345052,12257.394007015659,11377.76995782809,11817.581982421874,0.990934666749933,-0.008855430675351328,0.01828793373940174,0.0033994129066450274,-0.0014014452638134722,-0.00972068420007799,4728770000.0,5164197000.0,344229810000.0,25861.292,294.957,1.21,3.6,0.1901999999999999,0.0407,0.32969
2022-07-20,12439.6796875,12439.6796875,12488.3896484375,12232.2001953125,12269.0703125,5467080000,12063.7240234375,11988.71611328125,11862.227978515624,59.854747488196686,24.95313162095954,-63.06984820679515,88.02297982775468,12363.302615849325,11361.153341181924,11862.227978515624,1.0762132684035755,0.03131298016207107,-0.008855430675351328,0.01828793373940174,0.0033994129066450274,-0.0014014452638134722,4935574000.0,5176238000.0,349696890000.0,25861.292,294.957,1.21,3.6,0.0431,0.016,0.02703
2022-07-21,12619.41015625,12619.41015625,12620.5,12351.419921875,12466.1298828125,4680930000,12233.9259765625,12039.7521484375,11916.81298828125,62.65391503090266,73.60293374306275,-35.73529181682357,109.33822555988633,12496.185079105286,11337.440897457214,11916.81298828125,1.1063436426230442,0.015532144937348003,0.03131298016207107,-0.008855430675351328,0.01828793373940174,0.0033994129066450274,4975546000.0,5148375500.0,354377820000.0,25861.292,294.957,1.21,3.6,0.0881,0.0807,0.02408
2022-07-22,12396.4697265625,12396.4697265625,12662.8603515625,12322.8203125,12575.759765625,4721880000,12316.4958984375,12066.830078125,11951.752490234376,57.31542959892303,93.09567396344937,-9.969098660768983,103.06477262421835,12559.089715619051,11344.4152648497,11951.752490234376,0.8661205157039806,0.014448158896776198,0.015532144937348003,0.03131298016207107,-0.008855430675351328,0.01828793373940174,5046110000.0,5121559500.0,349655940000.0,25861.292,294.957,1.21,3.6,0.0866666666666666,0.0478333333333333,0.0763083333333333
2022-07-25,12328.41015625,12328.41015625,12415.58984375,12244.400390625,12391.2099609375,4346520000,12406.6779296875,12113.64306640625,11962.880517578125,55.75362040707314,101.87759104607721,12.400239280600255,89.47735176547695,12589.941551415202,11335.819483741048,11962.880517578125,0.7914625681930402,-0.01766646990050358,0.014448158896776198,0.015532144937348003,0.03131298016207107,-0.008855430675351328,4903830000.0,4865479000.0,345309420000.0,25861.292,294.957,1.21,3.6,0.06631666666666666,0.063125,-0.021239166666666667
2022-07-26,12086.900390625,12086.900390625,12259.009765625,12051.2099609375,12248.2099609375,4349760000,12374.1740234375,12147.83408203125,11966.813525390626,50.49540405753416,88.33127593507561,27.586446611495326,60.744829323580284,12596.055403365688,11337.571647415563,11966.813525390626,0.5954218635453992,-0.0054902380930811345,-0.01766646990050358,0.014448158896776198,0.015532144937348003,0.03131298016207107,4713234000.0,4830574000.0,340959660000.0,25861.292,294.957,1.21,3.6,0.0133,0.0626,-0.08327
2022-07-27,12601.4697265625,12601.4697265625,12660.76953125,12256.9404296875,12299.33984375,4588480000,12406.53203125,12235.12802734375,12014.99853515625,59.30240448822349,117.75970797776608,45.62109888474948,72.13860909301661,12684.455976124547,11345.541094187953,12014.99853515625,0.9380197720694412,-0.01958969263385224,-0.0054902380930811345,-0.01766646990050358,0.014448158896776198,0.015532144937348003,4537514000.0,4788337000.0,345548140000.0,25861.292,294.957,1.21,3.6,0.088,0.0313,0.10628
2022-07-28,12717.8701171875,12717.8701171875,12741.830078125,12433.5498046875,12580.6103515625,4924950000,12426.2240234375,12330.075,12067.979052734376,60.99292745124352,148.75968210121027,66.24881552804165,82.51086657316863,12784.61596679244,11351.342138676311,12067.979052734376,0.9534311948661828,0.04257248089316734,-0.01958969263385224,-0.0054902380930811345,-0.01766646990050358,0.014448158896776198,4586318000.0,4752041500.0,350473090000.0,25861.292,294.957,1.21,3.6,0.2101,0.0134,0.36109
2022-07-29,12947.9697265625,12947.9697265625,12986.6396484375,12726.25,12784.2001953125,4907410000,12536.5240234375,12426.5099609375,12140.191552734375,64.16206727017209,189.70766847740015,90.94058611791336,98.76708235948679,12906.749452086811,11373.63365338194,12140.191552734375,1.026886602114798,0.009237048784844548,0.04257248089316734,-0.01958969263385224,-0.0054902380930811345,-0.01766646990050358,4623424000.0,4714686000.0,355380500000.0,25861.292,294.957,1.21,3.6,0.1965,0.0,0.36728
2022-08-01,12940.7802734375,12940.7802734375,13084.6103515625,12833.16015625,12877.0400390625,4396390000,12658.998046875,12532.83798828125,12207.94658203125,63.98714085119474,219.05399580515586,116.56326805536186,102.490727749794,13006.998167634838,11408.894996427664,12207.94658203125,0.9585646938255442,0.018092621425975564,0.009237048784844548,0.04257248089316734,-0.01958969263385224,-0.0054902380930811345,4633398000.0,4691219000.0,350984110000.0,25861.292,294.957,1.21,3.6,0.05006666666666667,0.06430000000000001,-0.01768333333333333
2022-08-02,12901.599609375,12901.599609375,13073.26953125,12809.009765625,12853.0400390625,4792140000,12821.937890625,12598.05595703125,12264.03154296875,62.97942893300687,236.42426770875136,140.53546798603978,95.88879972271158,13093.465953517689,11434.597132419813,12264.03154296875,0.8843390497774819,-0.0005552571775211401,0.018092621425975564,0.009237048784844548,0.04257248089316734,-0.01958969263385224,4721874000.0,4678147500.0,346191970000.0,25861.292,294.957,1.21,3.6,0.0918,0.06,0.02861
2022-08-03,13253.259765625,13253.259765625,13289.1904296875,12974.849609375,12983.580078125,5667990000,12952.2958984375,12679.41396484375,12334.0650390625,67.87030197492885,275.3918234855428,167.50673908594038,107.88508439960239,13249.317232067708,11418.812846057292,12334.0650390625,1.0021537962910239,-0.003027689461888361,-0.0005552571775211401,0.018092621425975564,0.009237048784844548,0.04257248089316734,4937776000.0,4718988500.0,351859960000.0,25861.292,294.957,1.21,3.6,0.0233,0.0,0.0516499999999999
2022-08-04,13311.0400390625,13311.0400390625,13326.7197265625,13170.4404296875,13253.76953125,5451470000,13070.9298828125,12748.576953125,12394.16455078125,68.60423339251864,307.3928440010004,195.4839600689524,111.90888393204801,13400.525426574142,11387.803674988358,12394.16455078125,0.9555401100817147,0.027257097328804436,-0.003027689461888361,-0.0005552571775211401,0.018092621425975564,0.009237048784844548,5043080000.0,4757309500.0,357311430000.0,25861.292,294.957,1.21,3.6,0.0703999999999999,0.0,0.11354
2022-08-05,13207.6904296875,13207.6904296875,13286.01953125,13070.3603515625,13107.4501953125,4911300000,13122.8740234375,12829.6990234375,12448.26455078125,65.71280289653015,320.7174029846101,220.53064865208395,100.18675433252614,13508.734189593735,11387.794911968766,12448.26455078125,0.8580611132614111,0.00435970277949016,0.027257097328804436,-0.003027689461888361,-0.0005552571775211401,0.018092621425975564,5043858000.0,4776546000.0,352400130000.0,26336.304,294.913,1.68,3.5,0.1318181818181818,0.075090909090909,0.0986181818181818
2022-08-08,13159.16015625,13159.16015625,13394.5400390625,13103.7998046875,13227.08984375,5238600000,13166.55,12912.7740234375,12513.208544921876,64.3414746119013,323.63061225043384,241.15064137175395,82.4799708786799,13581.125643466337,11445.291446377414,12513.208544921876,0.8024352790158228,-0.007764202426835953,0.00435970277949016,0.027257097328804436,-0.003027689461888361,-0.0005552571775211401,5212300000.0,4820330500.0,347161530000.0,26336.304,294.913,1.68,3.5,0.05658888888888886,0.06188518518518516,-0.0374929629629629
2022-08-09,13008.169921875,13008.169921875,13095.7001953125,12945.599609375,13064.240234375,5307340000,13187.8640625,13004.9009765625,12576.367529296875,60.13661749469936,310.18013799573237,254.95654069654964,55.22359729918273,13601.54213936375,11551.19291923,12576.367529296875,0.7105994375679854,-0.0036743951333396696,-0.007764202426835953,0.00435970277949016,0.027257097328804436,-0.003027689461888361,5315340000.0,4869804500.0,341854190000.0,26336.304,294.913,1.68,3.5,0.0,0.0985,-0.17398
2022-08-10,13378.3203125,13378.3203125,13386.849609375,13220.0498046875,13330.66015625,5196210000,13212.876171875,13082.58603515625,12658.85703125,66.0023605233324,325.63486724209724,269.0922060056592,56.54266123643805,13662.049729930932,11655.664332569067,12658.85703125,0.8585867810820399,-0.011474154321564844,-0.0036743951333396696,-0.007764202426835953,0.00435970277949016,0.027257097328804436,5220984000.0,4907962000.0,347050400000.0,26336.304,294.913,1.68,3.5,0.0502,0.0094,0.07495
2022-08-11,13291.990234375,13291.990234375,13555.3798828125,13271.349609375,13471.0302734375,5815960000,13209.0662109375,13139.998046875,12735.0365234375,63.64993722923039,327.14560480985347,280.70288576649807,46.442719043355396,13683.415459387428,11786.657587487573,12735.0365234375,0.7936345851986033,0.028455224128225876,-0.011474154321564844,-0.0036743951333396696,-0.007764202426835953,0.00435970277949016,5293882000.0,4974706500.0,341234440000.0,26336.304,294.913,1.68,3.5,0.0564999999999999,0.0319,0.07876
2022-08-12,13565.8701171875,13565.8701171875,13565.8701171875,13341.650390625,13384.650390625,4782610000,13280.7021484375,13201.7880859375,12814.1490234375,67.59578390408765,346.4490439284964,293.85211739889775,52.59692652959865,13762.581466557927,11865.716580317072,12814.1490234375,0.8962965940287589,-0.006452983342336127,0.028455224128225876,-0.011474154321564844,-0.0036743951333396696,-0.007764202426835953,5268144000.0,4995384000.0,346017050000.0,26336.304,294.913,1.68,3.5,0.0763636363636363,0.2015454545454545,-0.3001636363636363
2022-08-15,13667.1796875,13667.1796875,13685.650390625,13524.5302734375,13529.66015625,4476040000,13382.3060546875,13274.42802734375,12903.6330078125,68.93893955231846,365.7063588876481,308.22296569664786,57.48339319100023,13817.035175829706,11990.230839795293,12903.6330078125,0.9179685063289216,0.020604881434851396,-0.006452983342336127,0.028455224128225876,-0.011474154321564844,-0.0036743951333396696,5115632000.0,4966290000.0,350493090000.0,26336.304,294.913,1.68,3.5,0.04827037037037033,0.06599629629629626,-0.05373
2022-08-16,13635.2099609375,13635.2099609375,13720.91015625,13508.4697265625,13617.66015625,5028410000,13507.7140625,13347.7890625,12972.922509765625,67.98133186530605,374.07611340179574,321.39359523767746,52.68251816411828,13887.61326538474,12058.23175414651,12972.922509765625,0.8620280663728809,0.0074679743678323085,0.020604881434851396,-0.006452983342336127,0.028455224128225876,-0.011474154321564844,5059846000.0,4952573500.0,345464680000.0,26336.304,294.913,1.68,3.5,0.078,0.1028999999999999,-0.05119
2022-08-17,13470.8603515625,13470.8603515625,13591.580078125,13389.8203125,13499.240234375,5229520000,13526.2220703125,13369.54912109375,13024.48154296875,63.126759711418245,363.26012757639364,329.7669017054207,33.493225870972935,13928.805495889006,12120.157590048493,13024.48154296875,0.7468024910499701,-0.002339160477398239,0.0074679743678323085,0.020604881434851396,-0.006452983342336127,0.028455224128225876,5066508000.0,4940695500.0,340235160000.0,26336.304,294.913,1.68,3.5,0.0708,0.0696,0.04417
2022-08-18,13505.990234375,13505.990234375,13553.2802734375,13405.740234375,13474.240234375,4724350000,13569.0220703125,13389.044140625,13068.810546875,63.7230865132609,353.44873186830046,334.5032677379967,18.945464130303776,13976.441956642708,12161.179137107292,13068.810546875,0.7408354772626745,-0.012053324433274781,-0.002339160477398239,0.0074679743678323085,0.020604881434851396,-0.006452983342336127,4848186000.0,4942866500.0,344959510000.0,26336.304,294.913,1.68,3.5,0.1447,0.0479,0.1522799999999999
2022-08-19,13242.900390625,13242.900390625,13402.6103515625,13210.8203125,13370.25,4628170000,13504.428125,13392.56513671875,13111.132080078125,56.37054740644741,320.74661114978517,331.7519364203544,-11.005325270569244,13964.04881416065,12258.2153459956,13111.132080078125,0.5772457059882974,0.0026078425501920854,-0.012053324433274781,-0.002339160477398239,0.0074679743678323085,0.020604881434851396,4817298000.0,4938181000.0,340331340000.0,26336.304,294.913,1.68,3.5,0.0,0.0187,-0.05994
2022-08-22,12890.5400390625,12890.5400390625,13073.0703125,12859.8203125,13056.3896484375,4270980000,13349.1001953125,13365.703125,13139.23857421875,48.32778775960671,263.3615413892694,318.0738574141374,-54.71231602486802,13917.316607895822,12361.16054054168,13139.23857421875,0.3401840661270557,-0.019479493112648072,0.0026078425501920854,-0.012053324433274781,-0.002339160477398239,0.0074679743678323085,4776286000.0,4934404000.0,336060360000.0,26336.304,294.913,1.68,3.5,0.07126666666666666,0.055933333333333335,0.02280666666666663
2022-08-23,12881.7900390625,12881.7900390625,13000.7099609375,12852.7001953125,12885.2802734375,3836180000,13198.4162109375,13353.06513671875,13178.983056640625,48.14409098498336,214.7024520738869,297.3995763460873,-82.69712427220043,13795.073855447054,12562.892257834197,13178.983056640625,0.25880745325698207,-0.026607490894664187,-0.019479493112648072,0.0026078425501920854,-0.012053324433274781,-0.002339160477398239,4537840000.0,4908725000.0,332224180000.0,26336.304,294.913,1.68,3.5,0.0707,0.0852,-0.06538
2022-08-24,12917.8603515625,12917.8603515625,12995.1396484375,12843.580078125,12876.23046875,3917170000,13087.8162109375,13307.019140625,13194.802587890625,49.00461311151397,177.00988620486714,273.3216383178433,-96.31175211297614,13762.828840635711,12626.776335145538,13194.802587890625,0.25622408736413804,-0.0006787923526465622,-0.026607490894664187,-0.019479493112648072,0.0026078425501920854,-0.012053324433274781,4275370000.0,4875159500.0,336141350000.0,26336.304,294.913,1.68,3.5,0.0231,0.0,0.04019
2022-08-25,13143.580078125,13143.580078125,13146.83984375,12951.6103515625,12984.740234375,4323470000,13015.3341796875,13292.178125,13216.0880859375,54.1339308820775,163.46759898250457,251.35083045077556,-87.88323146827099,13738.975490228599,12693.2006816464,13216.0880859375,0.4306657540251888,0.002800100947975448,-0.0006787923526465622,-0.026607490894664187,-0.019479493112648072,0.0026078425501920854,4195194000.0,4845085500.0,340464820000.0,26336.304,294.913,1.68,3.5,0.0,0.0,0.0
2022-08-26,12605.169921875,12605.169921875,13175.25,12603.41015625,13129.91015625,4530000000,12887.7880859375,13196.10810546875,13198.948095703125,43.018782988848294,108.04456833555378,222.68957802773122,-114.64500969217744,13778.269175967314,12619.627015438935,13198.948095703125,-0.012477617383905647,0.017473460806936014,0.002800100947975448,-0.0006787923526465622,-0.026607490894664187,-0.019479493112648072,4175560000.0,4826215000.0,335934820000.0,26336.304,294.913,1.68,3.5,0.020090909090909,0.0662727272727272,-0.0945727272727272
2022-08-29,12484.3203125,12484.3203125,12594.33984375,12440.400390625,12488.4599609375,4209850000,12806.544140625,13077.82216796875,13176.12509765625,40.98463099129464,53.75026416531546,188.90171525524806,-135.1514510899326,13829.50268671631,12522.747508596189,13176.12509765625,-0.029406576487777527,-0.04096373690042654,0.017473460806936014,0.002800100947975448,-0.0006787923526465622,-0.026607490894664187,4163334000.0,4816888000.0,331724970000.0,26336.304,294.913,1.68,3.5,0.014633333333333332,0.08837037037037036,-0.11564259259259253
2022-08-30,12342.7001953125,12342.7001953125,12572.8798828125,12240.8203125,12562.400390625,4681520000,12698.726171875,12948.57119140625,13148.180126953124,38.67661847438813,-0.6978782413152658,150.9817965559354,-151.67967479725067,13892.477775016738,12403.88247888951,13148.180126953124,-0.04110068313139538,-0.00958730506006722,-0.04096373690042654,0.017473460806936014,0.002800100947975448,-0.0006787923526465622,4332402000.0,4811357000.0,327043450000.0,26336.304,294.913,1.68,3.5,0.0655,0.1533999999999999,-0.14527
2022-08-31,12272.0302734375,12272.0302734375,12502.150390625,12268.080078125,12448.0703125,4952010000,12569.56015625,12828.68818359375,13099.11865234375,37.540530707184466,-48.98621288905815,110.98819466693669,-159.97440755599484,13937.645740299893,12260.591564387607,13099.11865234375,0.006820715284090708,-0.011343838802798212,-0.00958730506006722,-0.04096373690042654,0.017473460806936014,0.002800100947975448,4539370000.0,4775558000.0,322091440000.0,26336.304,294.913,1.68,3.5,0.0227999999999999,0.0576,-0.0901899999999999
2022-09-01,12274.6201171875,12274.6201171875,12290.330078125,12012.98046875,12158.8798828125,4792890000,12395.7681640625,12705.551171875,13047.29765625,37.61285465705612,-86.0541090473871,71.57973392407195,-157.63384297145905,13955.857571080527,12138.737741419474,13047.29765625,0.07477898460519898,-0.005725645179475269,-0.011343838802798212,-0.00958730506006722,-0.04096373690042654,0.017473460806936014,4633254000.0,4742629000.0,326884330000.0,26336.304,294.913,1.68,3.5,0.0,0.0737,-0.07127
2022-09-02,12098.4404296875,12098.4404296875,12451.2802734375,12035.5302734375,12392.4599609375,4257410000,12294.422265625,12591.10517578125,12991.83515625,34.67164957997086,-128.16945450992353,31.629896237272852,-159.79935074719637,13990.16193862971,11993.508373870289,12991.83515625,0.052553962124047594,0.0002110362908414043,-0.005725645179475269,-0.011343838802798212,-0.00958730506006722,-0.04096373690042654,4578736000.0,4709934500.0,322626920000.0,26336.304,294.913,1.68,3.5,0.0,0.0,0.0
2022-09-06,12011.3095703125,12011.3095703125,12152.419921875,11928.8095703125,12106.5703125,4622940000,12199.8201171875,12503.18212890625,12934.442626953125,33.28539322919492,-166.65579709299527,-8.027242428780774,-158.6285546642145,14020.398180143637,11848.487073762613,12934.442626953125,0.07496738520813213,-0.0143531682298913,0.0002110362908414043,-0.005725645179475269,-0.011343838802798212,-0.00958730506006722,4661354000.0,4679151500.0,318003980000.0,26336.304,295.097,2.33,3.6,0.13205,0.07024999999999999,0.07168750000000002
2022-09-07,12259.3896484375,12259.3896484375,12298.1201171875,12026.98046875,12038.1796875,4445640000,12183.1580078125,12440.94208984375,12897.00361328125,40.571094374863186,-175.11983935645003,-41.44576181431462,-133.67407754213542,14023.142771415158,11770.86445514734,12897.00361328125,0.21690267573133665,-0.00720182571310557,-0.0143531682298913,0.0002110362908414043,-0.005725645179475269,-0.011343838802798212,4614178000.0,4636066500.0,322449620000.0,26336.304,295.097,2.33,3.6,0.0365,0.1103,-0.12183
2022-09-08,12321.1904296875,12321.1904296875,12374.1298828125,12120.259765625,12139.5703125,4329910000,12192.9900390625,12381.27509765625,12844.147119140625,42.26267930472243,-174.82556696335632,-68.12172284412296,-106.70384411923337,13974.393347045147,11713.900891236104,12844.147119140625,0.2686536453111248,0.020653874306775233,-0.00720182571310557,-0.0143531682298913,0.0002110362908414043,-0.005725645179475269,4489758000.0,4592751500.0,326779530000.0,26336.304,295.097,2.33,3.6,0.0571999999999999,0.0,0.068
2022-09-09,12588.2900390625,12588.2900390625,12610.4296875,12424.150390625,12424.150390625,4401590000,12255.7240234375,12325.74609375,12808.962109375,49.01705157611327,-151.29560617004063,-84.7564995093065,-66.53910666073413,13924.220704439324,11693.703514310675,12808.962109375,0.40106685961036165,0.005041097723643695,0.020653874306775233,-0.00720182571310557,-0.0143531682298913,0.0002110362908414043,4411498000.0,4522033000.0,331181120000.0,26336.304,295.097,2.33,3.6,0.0123333333333333,0.0173333333333333,0.0090499999999999
2022-09-12,12739.7197265625,12739.7197265625,12752.830078125,12639.759765625,12649.23046875,4146680000,12383.9798828125,12339.20107421875,12767.65458984375,52.41576038550622,-119.0564241391512,-91.61648443527544,-27.439939703875766,13824.543448985816,11710.765730701685,12767.65458984375,0.48678438937092827,0.021678068438211406,0.005041097723643695,0.020653874306775233,-0.00720182571310557,-0.0143531682298913,4389352000.0,4490236500.0,335327800000.0,26336.304,295.097,2.33,3.6,0.0693,0.12018333333333332,-0.07278499999999997
2022-09-13,12033.6201171875,12033.6201171875,12420.009765625,12004.419921875,12364.830078125,5188380000,12388.4419921875,12294.1310546875,12685.976611328126,39.269913205896025,-148.76807173872112,-103.04680189596458,-45.72126984275654,13701.856022944612,11670.09719971164,12685.976611328126,0.1789203094968802,0.012029408841876199,0.021678068438211406,0.005041097723643695,0.020653874306775233,-0.00720182571310557,4502440000.0,4525853500.0,330139420000.0,26336.304,295.097,2.33,3.6,0.0355,0.1484,-0.26947
2022-09-14,12134.400390625,12134.400390625,12170.25,12016.4296875,12092.0302734375,4861530000,12363.444140625,12273.30107421875,12610.9361328125,41.524139717493775,-162.31161346714543,-114.89976421020076,-47.41184925694468,13550.434661638235,11671.437603986764,12610.9361328125,0.24638824459729913,-0.05542505051369162,0.012029408841876199,0.021678068438211406,0.005041097723643695,0.020653874306775233,4585618000.0,4517509500.0,335000950000.0,26336.304,295.097,2.33,3.6,0.1277,0.0351999999999999,0.14894
2022-09-15,11927.490234375,11927.490234375,12153.33984375,11867.8798828125,12034.4296875,4805910000,12284.7041015625,12238.8470703125,12533.767626953126,38.37472476784246,-187.57859892710985,-129.4355311535826,-58.143067773527264,13428.330398729498,11639.204855176753,12533.767626953126,0.16113200118186566,0.008374892381184385,-0.05542505051369162,0.012029408841876199,0.021678068438211406,0.005041097723643695,4680818000.0,4496329000.0,330195040000.0,26336.304,295.097,2.33,3.6,0.0583999999999999,0.0799,-0.06395
2022-09-16,11861.3798828125,11861.3798828125,11875.08984375,11710.259765625,11775.9404296875,7451840000,12139.3220703125,12197.523046875,12451.537109375,37.39870602320258,-210.51078254401,-145.6505814316681,-64.86020111234191,13268.82446394873,11634.24975480127,12451.537109375,0.13895365365691548,-0.017051535270738105,0.008374892381184385,-0.05542505051369162,0.012029408841876199,0.021678068438211406,5290868000.0,4632703500.0,322743200000.0,26336.304,295.097,2.33,3.6,0.0,0.0228181818181818,-0.0402454545454545
2022-09-19,11953.26953125,11953.26953125,11956.7900390625,11752.4296875,11753.599609375,4168670000,11982.03203125,12183.00595703125,12387.05556640625,39.69459523959509,-218.7483814278312,-160.2701414309007,-58.47823999693048,13142.61890361983,11631.49222919267,12387.05556640625,0.2129386685463079,-0.005542687544775382,-0.017051535270738105,0.008374892381184385,-0.05542505051369162,0.012029408841876199,5295266000.0,4609728500.0,326911870000.0,26336.304,295.097,2.33,3.6,0.0407,0.024233333333333332,0.004906666666666633
2022-09-20,11851.5400390625,11851.5400390625,11951.1298828125,11761.6904296875,11855.83984375,4028100000,11945.616015625,12167.02900390625,12335.10556640625,38.03165070655344,-230.8246547856379,-174.38104410184815,-56.44361068378976,13087.780097226576,11582.431035585923,12335.10556640625,0.17876850647734793,0.007746961090981497,-0.005542687544775382,-0.017051535270738105,0.008374892381184385,-0.05542505051369162,5063210000.0,4597584500.0,322883770000.0,26336.304,295.097,2.33,3.6,0.0972,0.0,0.18287
2022-09-21,11637.7900390625,11637.7900390625,12062.51953125,11636.25,11892.7197265625,4471000000,11846.2939453125,12104.86904296875,12272.90556640625,34.7385708418921,-254.7069241709778,-190.4462201156741,-64.2607040553037,13040.810884229779,11505.000248582723,12272.90556640625,0.08646234594138709,-0.00851059970843493,0.007746961090981497,-0.005542687544775382,-0.017051535270738105,0.008374892381184385,4985104000.0,4629325500.0,318412770000.0,26336.304,295.097,2.33,3.6,0.0286999999999999,0.051,-0.00574
2022-09-22,11501.650390625,11501.650390625,11617.990234375,11448.8603515625,11574.3203125,4916470000,11761.1259765625,12022.9150390625,12202.095068359375,32.7910775908866,-281.37560377364025,-208.63209684726732,-72.74350692637293,12980.698214353715,11423.491922365034,12202.095068359375,0.05019146702788564,-0.01803563075309056,-0.00851059970843493,0.007746961090981497,-0.005542687544775382,-0.017051535270738105,5007216000.0,4679290500.0,313496300000.0,26336.304,295.097,2.33,3.6,0.0556,0.1026999999999999,-0.15477
2022-09-23,11311.240234375,11311.240234375,11402.41015625,11169.66015625,11398.75,5134350000,11651.098046875,11895.21005859375,12110.478076171876,30.237765636731112,-314.252723006226,-229.75622207905906,-84.49650092716695,12853.007668209319,11367.948484134433,12110.478076171876,-0.03818585169368799,-0.011698067071200358,-0.01803563075309056,-0.00851059970843493,0.007746961090981497,-0.005542687544775382,4543718000.0,4719834500.0,308361950000.0,26336.304,295.097,2.33,3.6,0.0558,0.1229,-0.12845
2022-09-26,11254.1103515625,11254.1103515625,11473.3603515625,11235.740234375,11283.1396484375,4697730000,11511.2662109375,11746.64912109375,12042.92509765625,29.495662525213717,-340.9872917118846,-252.00243600562416,-88.98485570626045,12839.799384236996,11246.050811075505,12042.92509765625,0.0050569711074357395,-0.016555029042197633,-0.011698067071200358,-0.01803563075309056,-0.00851059970843493,0.007746961090981497,4649530000.0,4728221000.0,303664220000.0,26336.304,295.097,2.33,3.6,0.038933333333333334,0.0995333333333333,-0.12356666666666664
2022-09-27,11271.75,11271.75,11502.3798828125,11175.2900390625,11411.33984375,4445050000,11395.308203125,11670.462109375,11982.29658203125,30.066367838962805,-356.64013236988467,-272.92997527847626,-83.7101570914084,12821.175024180091,11143.418139882408,11982.29658203125,0.07649014068645156,-0.005050717837190133,-0.016555029042197633,-0.011698067071200358,-0.01803563075309056,-0.00851059970843493,4732920000.0,4739981000.0,308109270000.0,26336.304,295.097,2.33,3.6,0.018,0.0984,-0.14127
2022-09-28,11493.830078125,11493.830078125,11546.8701171875,11210.8095703125,11258.740234375,4556100000,11366.5162109375,11606.405078125,11939.853076171876,36.982475983059274,-347.12368924729344,-287.7687180722397,-59.35497117505372,12787.802389517326,11091.903762826425,11939.853076171876,0.23699902162361444,0.0015673960789845953,-0.005050717837190133,-0.016555029042197633,-0.011698067071200358,-0.01803563075309056,4749940000.0,4733710000.0,312665370000.0,26336.304,295.097,2.33,3.6,0.008,0.0945999999999999,-0.14175
2022-09-29,11164.7802734375,11164.7802734375,11339.91015625,11038.9404296875,11334.5703125,4516630000,11299.1421875,11530.13408203125,11884.490576171875,31.941970273909206,-361.9609482659489,-302.60716411098156,-59.35378415496734,12784.13164045013,10984.849511893619,11884.490576171875,0.10000141650283159,0.019702360159247645,0.0015673960789845953,-0.005050717837190133,-0.016555029042197633,-0.011698067071200358,4669972000.0,4711941000.0,308148740000.0,26336.304,295.097,2.33,3.6,0.0683,0.084,-0.01068
2022-09-30,10971.2197265625,10971.2197265625,11296.16015625,10966.9501953125,11123.1103515625,4649710000,11231.1380859375,11441.11806640625,11819.320556640625,29.403258077774467,-384.9013976949136,-319.06601082776797,-65.83538686714564,12786.285604569752,10852.355508711498,11819.320556640625,0.06146252033905668,-0.028628386051551824,0.019702360159247645,0.0015673960789845953,-0.005050717837190133,-0.016555029042197633,4573044000.0,4704782000.0,303499030000.0,26336.304,295.097,2.33,3.6,0.0463636363636363,0.2005454545454545,-0.2536090909090909
2022-10-03,11229.73046875,11229.73046875,11296.4296875,10985.009765625,11059.169921875,4415440000,11226.262109375,11368.76416015625,11775.88505859375,36.64553958873325,-377.8664040223648,-330.82608946668734,-47.04031455567747,12767.781422768676,10783.988694418826,11775.88505859375,0.2246917069314743,-0.01733670902019513,-0.028628386051551824,0.019702360159247645,0.0015673960789845953,-0.005050717837190133,4516586000.0,4712683500.0,307914470000.0,26336.304,295.097,2.33,3.6,0.0858074074074074,0.059537037037037034,0.032829259259259266
2022-10-04,11582.5400390625,11582.5400390625,11609.25,11462.3701171875,11477.849609375,5004780000,11288.4201171875,11341.86416015625,11754.44658203125,44.946396710475774,-339.9041338092884,-332.6416983352076,-7.262435474080803,12743.448505004682,10765.444659057819,11754.44658203125,0.4130908954899126,0.02356262554487154,-0.01733670902019513,-0.028628386051551824,0.019702360159247645,0.0015673960789845953,4628532000.0,4731775500.0,312919250000.0,26336.304,295.097,2.33,3.6,0.0,0.091,-0.0896
2022-10-05,11573.1796875,11573.1796875,11647.6201171875,11312.51953125,11429.4697265625,4091860000,11304.2900390625,11335.403125,11720.136083984375,44.778765706034214,-307.03475774067556,-327.5203102163012,20.48555247562564,12682.637080405591,10757.635087563158,11720.136083984375,0.42365909384468703,0.03141745666062912,0.02356262554487154,-0.01733670902019513,-0.028628386051551824,0.019702360159247645,4535684000.0,4714086500.0,308827390000.0,26336.304,295.097,2.33,3.6,0.0504,0.1169999999999999,-0.07837
2022-10-06,11485.5,11485.5,11660.5498046875,11472.830078125,11556.400390625,4423320000,11368.433984375,11333.7880859375,11678.3515625,43.15514866921377,-284.7778170004167,-318.97181157312434,34.19399457270765,12602.792518940454,10753.910606059546,11678.3515625,0.39569287191549146,-0.0008081432510427256,0.03141745666062912,0.02356262554487154,-0.01733670902019513,-0.028628386051551824,4517022000.0,4718757000.0,304404070000.0,26336.304,296.349,2.56,3.5,0.053,0.1129,-0.0649599999999999
2022-10-07,11039.4697265625,11039.4697265625,11293.650390625,10991.66015625,11272.4599609375,4634190000,11382.083984375,11306.61103515625,11600.910546875,36.00349919428505,-299.6754742217163,-315.1125441028428,15.43706988112649,12461.69933940353,10740.12175434647,11600.910546875,0.17388003585450276,-0.0075761104439345806,-0.0008081432510427256,0.03141745666062912,0.02356262554487154,-0.01733670902019513,4513918000.0,4730387000.0,299769880000.0,26336.304,296.349,2.56,3.5,0.042,0.0,0.0766363636363636
2022-10-10,10926.9697265625,10926.9697265625,11063.2099609375,10824.25,11048.509765625,3989640000,11321.5318359375,11273.89697265625,11510.273046875,34.452651586396314,-316.90668174015264,-315.47137163030476,-1.435310109847876,12237.568562545854,10782.977531204146,11510.273046875,0.09899153250349456,-0.03883420603695964,-0.0075761104439345806,-0.0008081432510427256,0.03141745666062912,0.02356262554487154,4428758000.0,4722535000.0,295780240000.0,26336.304,296.349,2.56,3.5,0.0641111111111111,0.1120259259259259,-0.0680403703703704
2022-10-11,10791.349609375,10791.349609375,10981.91015625,10716.330078125,10865.3203125,4738840000,11163.29375,11225.85693359375,11448.159521484375,32.628035040844196,-337.61414220129154,-319.8999257445021,-17.714216456789416,12199.06789714808,10697.25114582067,11448.159521484375,0.06265642161146444,-0.010190706871482158,-0.03883420603695964,-0.0075761104439345806,-0.0008081432510427256,0.03141745666062912,4375570000.0,4700058000.0,291041400000.0,26336.304,296.349,2.56,3.5,0.0419,0.0513,-0.021
2022-10-12,10785.6201171875,10785.6201171875,10886.490234375,10754.849609375,10810.2998046875,4091030000,11005.7818359375,11155.0359375,11380.7205078125,32.5496069929555,-350.4475349057302,-326.00944757674773,-24.438087328982476,12114.194235181185,10647.246780443817,11380.7205078125,0.09432739822876397,-0.012411502967544563,-0.010190706871482158,-0.03883420603695964,-0.0075761104439345806,-0.0008081432510427256,4375404000.0,4661533000.0,286950370000.0,26336.304,296.349,2.56,3.5,0.0906,0.0878,-0.0484499999999999
2022-10-13,11033.580078125,11033.580078125,11087.66015625,10440.6396484375,10481.580078125,5300080000,10915.3978515625,11141.91591796875,11336.025,39.34475552028524,-336.7282014238135,-328.15319834616093,-8.575003077652582,12037.454846765138,10634.59515323486,11336.025,0.2844082888190329,-0.000530933793723265,-0.012411502967544563,-0.010190706871482158,-0.03883420603695964,-0.0075761104439345806,4550756000.0,4686241500.0,292250450000.0,26336.304,296.349,2.56,3.5,0.0167,0.0692,-0.11712
2022-10-14,10692.0595703125,10692.0595703125,11152.8896484375,10677.48046875,11130.080078125,4393000000,10845.9158203125,11113.99990234375,11277.558984375,34.22983195575377,-349.38587864753936,-332.3997344064366,-16.98614424110275,11989.464716493194,10565.653252256807,11277.558984375,0.08878023616946147,0.022989865973710888,-0.000530933793723265,-0.012411502967544563,-0.010190706871482158,-0.03883420603695964,4502518000.0,4533299500.0,287857450000.0,26336.304,296.349,2.56,3.5,0.0813,0.1258,-0.03179
2022-10-17,11062.5302734375,11062.5302734375,11090.8701171875,10959.740234375,10967.25,4439190000,10873.0279296875,11097.2798828125,11233.022021484376,42.90143269594894,-325.76803828980337,-331.07339518311,5.305356893306623,11874.94810287528,10591.095940093472,11233.022021484376,0.3672029747744009,-0.030952828129610754,0.022989865973710888,-0.000530933793723265,-0.012411502967544563,-0.010190706871482158,4592428000.0,4546825500.0,292296640000.0,26336.304,296.349,2.56,3.5,0.09300000000000001,0.0122333333333333,0.1552066666666667
2022-10-18,11147.740234375,11147.740234375,11374.3798828125,11035.7998046875,11368.759765625,5047360000,10944.3060546875,11053.79990234375,11197.83203125,44.707193154921065,-296.75420023343213,-324.2095561931744,27.455355959742292,11770.4106736531,10625.2533888469,11197.83203125,0.45625771451693875,0.03464914319722334,-0.030952828129610754,0.022989865973710888,-0.000530933793723265,-0.012411502967544563,4654132000.0,4597788500.0,297344000000.0,26336.304,296.349,2.56,3.5,0.1341,0.0,0.3326699999999999
2022-10-19,11103.3798828125,11103.3798828125,11231.4599609375,11008.1103515625,11081.8203125,4955090000,11007.8580078125,11006.819921875,11171.1115234375,43.9283163290998,-274.1794639864638,-314.2035377518323,40.024073765368485,11705.871357814292,10636.351689060706,11171.1115234375,0.4366709723964839,0.007702574260257666,0.03464914319722334,-0.030952828129610754,0.022989865973710888,-0.000530933793723265,4826944000.0,4621993000.0,292388910000.0,26336.304,296.349,2.56,3.5,0.0749,0.1251,-0.0939199999999999
2022-10-20,11046.7099609375,11046.7099609375,11279.8095703125,11001.2802734375,11081.2197265625,4628010000,11010.483984375,10962.94091796875,11148.364501953125,42.90008265022972,-257.88883005095886,-302.94059621165763,45.051766160698776,11662.21880210986,10634.51020179639,11148.364501953125,0.4010862213426854,-0.003979313352289182,0.007702574260257666,0.03464914319722334,-0.030952828129610754,0.022989865973710888,4692530000.0,4607570000.0,287760900000.0,26336.304,296.349,2.56,3.5,0.0,0.0746,-0.13084
2022-10-21,11310.330078125,11310.330078125,11327.76953125,10962.009765625,10998.169921875,4706440000,11134.1380859375,10990.026953125,11148.318994140625,48.89299981497622,-221.15708380105025,-286.58389372953616,65.42680992848591,11662.11271697908,10634.525271302171,11148.318994140625,0.6576616030742299,-0.005103844277427827,-0.003979313352289182,0.007702574260257666,0.03464914319722334,-0.030952828129610754,4755218000.0,4586174500.0,292467340000.0,26336.304,296.349,2.56,3.5,0.0431,0.0,0.0908499999999999
2022-10-24,11430.259765625,11430.259765625,11468.1796875,11166.490234375,11321.1103515625,4808710000,11207.683984375,11040.35595703125,11157.12646484375,51.39242196334714,-180.2913008838732,-265.32537516040355,85.03407427653036,11684.417717079425,10629.835212608075,11157.12646484375,0.7589966167873881,0.023864129511835808,-0.005103844277427827,-0.003979313352289182,0.007702574260257666,0.03464914319722334,4829122000.0,4591723500.0,297276050000.0,26336.304,296.349,2.56,3.5,0.08133333333333333,0.0063999999999999994,0.13172999999999999
2022-10-25,11669.990234375,11669.990234375,11681.849609375,11480.41015625,11482.8701171875,5141760000,11312.133984375,11128.22001953125,11177.0384765625,56.02233280833925,-127.09554979908899,-237.67941008814066,110.58386028905167,11750.602080032777,10603.474873092224,11177.0384765625,0.9297271957547124,0.010603553271354427,0.023864129511835808,-0.005103844277427827,-0.003979313352289182,0.007702574260257666,4848002000.0,4626559000.0,302417810000.0,26336.304,296.349,2.56,3.5,0.0091,0.0988,-0.1197999999999999
2022-10-26,11405.900390625,11405.900390625,11657.0595703125,11388.33984375,11409.7900390625,5224440000,11372.6380859375,11190.248046875,11172.6419921875,50.33449139327023,-105.03658078908302,-211.15084422832913,106.11426343924612,11737.259517077853,10608.024467297148,11172.6419921875,0.7065631938034493,0.020973317638060873,0.010603553271354427,0.023864129511835808,-0.005103844277427827,-0.003979313352289182,4901872000.0,4659976000.0,297193370000.0,26336.304,296.349,2.56,3.5,0.0712,0.0707,-0.0585399999999999
2022-10-27,11191.6298828125,11191.6298828125,11417.0400390625,11179.900390625,11387.7099609375,4773520000,11401.6220703125,11206.05302734375,11173.98447265625,46.23306988799531,-103.6497187316545,-189.6506191289942,86.0009003973397,11738.65096910502,10609.31797620748,11173.98447265625,0.5156246299959566,-0.022629825599348008,0.020973317638060873,0.010603553271354427,0.023864129511835808,-0.005103844277427827,4930974000.0,4672820500.0,292419850000.0,26336.304,296.349,2.56,3.5,0.0533,0.2669,-0.33758
2022-10-28,11546.2099609375,11546.2099609375,11563.16015625,11176.990234375,11176.990234375,4731940000,11448.798046875,11291.46806640625,11202.733984375,53.05071400788285,-73.09636224099995,-166.33976775139536,93.2434055103954,11782.286766838773,10623.181201911226,11202.733984375,0.7963284682219346,-0.018785935390827957,-0.022629825599348008,0.020973317638060873,0.010603553271354427,0.023864129511835808,4936074000.0,4676932000.0,297151790000.0,26336.304,296.349,2.56,3.5,0.1122,0.0765,0.04359
2022-10-31,11405.5703125,11405.5703125,11482.990234375,11331.259765625,11465.2099609375,4753740000,11443.86015625,11325.7720703125,11211.5259765625,50.324995782733154,-59.54465760383755,-144.9807457218838,85.43608811804626,11798.095766855047,10624.956186269952,11211.5259765625,0.665406008925828,0.03168261297396424,-0.018785935390827957,-0.022629825599348008,0.020973317638060873,0.010603553271354427,4925080000.0,4693847000.0,292398050000.0,26336.304,296.349,2.56,3.5,0.17573333333333332,0.03223333333333333,0.3490566666666666
2022-11-01,11288.9501953125,11288.9501953125,11574.3896484375,11278.2802734375,11571.5302734375,4677520000,11367.6521484375,11339.89306640625,11196.846484375,48.11728964165666,-57.551682890489246,-127.4949331556049,69.94325026511565,11758.486543292096,10635.206425457905,11196.846484375,0.5819953184207386,-0.012180589900348648,0.03168261297396424,-0.018785935390827957,-0.022629825599348008,0.020973317638060873,4832232000.0,4677484000.0,287720530000.0,26336.304,296.349,2.56,3.5,0.0499,0.0323,0.00363
2022-11-02,10906.33984375,10906.33984375,11410.91015625,10903.48046875,11300.26953125,5436420000,11267.7400390625,11320.1890625,11163.5044921875,41.660071540218375,-85.85599931788965,-119.16714638806185,33.3111470701722,11710.047994490198,10616.960989884801,11163.5044921875,0.26473542604201417,-0.010224838740390707,-0.012180589900348648,0.03168261297396424,-0.018785935390827957,-0.022629825599348008,4874628000.0,4744712000.0,282284110000.0,26336.304,296.349,2.56,3.5,0.0564,0.0545,0.0574399999999999
2022-11-03,10690.599609375,10690.599609375,10852.1796875,10680.830078125,10769.4296875,5102190000,11167.533984375,11284.57802734375,11123.75947265625,38.52100165495258,-124.26337704655998,-120.18639251976148,-4.076984526798498,11687.064781881207,10560.454163431292,11123.75947265625,0.11551945615670937,-0.0338924651932091,-0.010224838740390707,-0.012180589900348648,0.03168261297396424,-0.018785935390827957,4940362000.0,4778655500.0,277181920000.0,26336.304,296.349,2.56,3.5,0.0439,0.1179,-0.1018
2022-11-04,10857.0302734375,10857.0302734375,10934.6201171875,10632.3896484375,10911.98046875,5453750000,11029.698046875,11239.248046875,11114.6375,42.14280786792989,-139.66200033273708,-124.0815140823566,-15.580486250380474,11689.48056982018,10539.794430179822,11114.6375,0.2759325630879705,-0.01978117658772871,-0.0338924651932091,-0.010224838740390707,-0.012180589900348648,0.03168261297396424,5084724000.0,4819633500.0,282635670000.0,26336.304,296.349,2.56,3.5,0.1599,0.0408,0.18645
2022-11-07,10977.0,10977.0,11001.16015625,10817.58984375,10900.830078125,4456690000,10943.983984375,11193.9220703125,11117.139013671875,44.673028155996796,-140.56462443136297,-127.37813615215788,-13.186488279205093,11688.971041396913,10545.306985946836,11117.139013671875,0.37746487877795165,0.015567944749941942,-0.01978117658772871,-0.0338924651932091,-0.010224838740390707,-0.012180589900348648,5025314000.0,4842986000.0,287092360000.0,26770.514,298.007,3.08,3.6,0.04866666666666663,0.032633333333333334,0.0235333333333333
2022-11-08,11059.5,11059.5,11191.900390625,10897.5302734375,11039.580078125,5134500000,10898.0939453125,11132.873046875,11130.546533203125,46.40867916281051,-133.0887359111257,-128.52025610395145,-4.568479807174242,11682.442721195597,10578.650345210654,11130.546533203125,0.4356341511783603,0.011049957819129874,0.015567944749941942,-0.01978117658772871,-0.0338924651932091,-0.010224838740390707,5116710000.0,4862769000.0,292226860000.0,26770.514,298.007,3.08,3.6,0.0526,0.087,-0.05289
2022-11-09,10797.5498046875,10797.5498046875,11012.66015625,10790.349609375,10971.4296875,4977460000,10876.3359375,11072.03798828125,11131.143017578124,41.912734462223966,-146.61118942121175,-132.13844276740352,-14.47274665380823,11681.493170975698,10580.79286418055,11131.143017578124,0.19692639237838475,0.007515714676141094,0.011049957819129874,0.015567944749941942,-0.01978117658772871,-0.0338924651932091,5024918000.0,4907090500.0,287249400000.0,26770.514,298.007,3.08,3.6,0.0312,0.0699999999999999,-0.04417
2022-11-10,11605.9599609375,11605.9599609375,11612.2001953125,11235.740234375,11350.419921875,6433000000,11059.4080078125,11113.47099609375,11159.76201171875,56.060172933890954,-91.04636202117945,-123.92002661815872,32.87366459697927,11747.040623967245,10572.483399470257,11159.76201171875,0.8798860880616834,-0.023685536897011583,0.007515714676141094,0.011049957819129874,0.015567944749941942,-0.01978117658772871,5291080000.0,4963736500.0,293682400000.0,26770.514,298.007,3.08,3.6,0.0701,0.0103,0.1560099999999999
2022-11-11,11817.009765625,11817.009765625,11840.0703125,11535.5595703125,11604.3603515625,5867750000,11251.40390625,11140.5509765625,11216.009521484375,58.876146426436144,-29.639218105670807,-105.06386491566114,75.42464680999034,11829.577205588834,10602.441837379916,11216.009521484375,0.9897587175063035,0.07486977794712724,-0.023685536897011583,0.007515714676141094,0.011049957819129874,0.015567944749941942,5373880000.0,5037474000.0,299550150000.0,26770.514,298.007,3.08,3.6,0.0666,0.0950999999999999,-0.04668
2022-11-14,11700.9404296875,11700.9404296875,11863.8203125,11669.099609375,11728.1103515625,5004060000,11396.1919921875,11170.08798828125,11247.930029296875,56.72312860717481,9.55046862634481,-82.14099820725995,91.69146683360476,11893.470833814456,10602.389224779294,11247.930029296875,0.8508766581604121,0.018184605616238247,0.07486977794712724,-0.023685536897011583,0.007515714676141094,0.011049957819129874,5483354000.0,5065717500.0,294546090000.0,26770.514,298.007,3.08,3.6,0.07579999999999994,0.058600000000000006,0.02351666666666667
2022-11-15,11871.150390625,11871.150390625,12024.9501953125,11735.400390625,12006.4501953125,5617310000,11558.5220703125,11228.3080078125,11284.100537109374,59.08596018672578,53.72380447548676,-54.968037670710615,108.69184214619737,11984.721829808466,10583.479244410282,11284.100537109374,0.9189494807202185,-0.009822225608642432,0.018184605616238247,0.07486977794712724,-0.023685536897011583,0.007515714676141094,5579916000.0,5094215000.0,300163400000.0,26770.514,298.007,3.08,3.6,0.088,0.088,-0.0250199999999999
2022-11-16,11699.08984375,11699.08984375,11796.990234375,11673.1396484375,11767.419921875,4585190000,11738.830078125,11307.5830078125,11313.88603515625,55.77108620460629,73.99467862965139,-29.175494410638215,103.1701730402896,12032.575790611048,10595.196279701453,11313.88603515625,0.7679903293946263,0.014546690666473738,-0.009822225608642432,0.018184605616238247,0.07486977794712724,-0.023685536897011583,5501462000.0,5075720000.0,295578210000.0,26770.514,298.007,3.08,3.6,0.0438,0.0965999999999999,-0.074
2022-11-17,11676.8603515625,11676.8603515625,11737.6103515625,11519.3798828125,11521.6396484375,4354360000,11753.01015625,11406.20908203125,11345.3935546875,55.33912184576437,87.25988061434327,-5.88841940564192,93.1483000199852,12069.99274056453,10620.79436881047,11345.3935546875,0.7287242404735825,-0.014494007843661172,0.014546690666473738,-0.009822225608642432,0.018184605616238247,0.07486977794712724,5085734000.0,5062037500.0,291223850000.0,26770.514,298.007,3.08,3.6,0.1559,0.0742,0.13159
2022-11-18,11677.01953125,11677.01953125,11794.6796875,11579.6396484375,11791.849609375,4175420000,11725.012109375,11488.2080078125,11363.72802734375,55.34178921366522,96.6711286330974,14.623490202105943,82.04763843099146,12102.99967302519,10624.45638166231,11363.72802734375,0.7118920059604523,-0.0019001044084959728,-0.014494007843661172,0.014546690666473738,-0.009822225608642432,0.018184605616238247,4747268000.0,5035486500.0,295399270000.0,26770.514,298.007,3.08,3.6,0.0203846153846153,0.0757692307692307,-0.1086923076923077
2022-11-21,11553.4501953125,11553.4501953125,11664.9404296875,11524.4404296875,11623.349609375,3977130000,11695.5140625,11545.85302734375,11369.887548828125,52.70996926941353,93.08556534071977,30.315905229828708,62.76966011089106,12113.533110091552,10626.241987564697,11369.887548828125,0.6234207907948169,1.363206227589231e-05,-0.0019001044084959728,-0.014494007843661172,0.014546690666473738,-0.009822225608642432,4541882000.0,4993907500.0,291422140000.0,26770.514,298.007,3.08,3.6,0.04514285714285713,0.06575238095238094,-0.032296190476190506
2022-11-22,11724.83984375,11724.83984375,11731.759765625,11503.33984375,11590.830078125,4186360000,11666.251953125,11612.38701171875,11372.630029296875,55.846345753077514,102.8876678748602,44.83025775883501,58.05741011602519,12121.322997011835,10623.937061581915,11372.630029296875,0.735216456973065,-0.01058226678535601,1.363206227589231e-05,-0.0019001044084959728,-0.014494007843661172,0.014546690666473738,4255692000.0,4946137500.0,295608500000.0,26770.514,298.007,3.08,3.6,0.154,0.0123,0.22297
2022-11-23,11838.7197265625,11838.7197265625,11866.419921875,11722.009765625,11725.080078125,4431530000,11694.1779296875,11716.50400390625,11394.27099609375,57.84683353482641,118.47930389804787,59.56006698667758,58.91923691137029,12171.490950008973,10617.051042178527,11394.27099609375,0.7859221049523064,0.0148344992655991,-0.01058226678535601,1.363206227589231e-05,-0.0019001044084959728,-0.014494007843661172,4224960000.0,4906492000.0,300040030000.0,26770.514,298.007,3.08,3.6,0.1322,0.0072,0.1875
2022-11-25,11756.0302734375,11756.0302734375,11803.91015625,11748.7900390625,11777.330078125,2184080000,11710.0119140625,11731.51103515625,11422.491015625,55.86751189707866,122.74847199857322,72.19774798905671,50.550724009516514,12209.653211649018,10635.328819600983,11422.491015625,0.7118618370503673,0.00971270263219881,0.0148344992655991,-0.01058226678535601,1.363206227589231e-05,-0.0019001044084959728,3790904000.0,4777020000.0,297855950000.0,26770.514,298.007,3.08,3.6,0.0986681818181818,0.08004545454545454,0.022919090909090903
2022-11-28,11587.75,11587.75,11764.830078125,11555.259765625,11684.0703125,4271360000,11692.1580078125,11708.58505859375,11424.568017578125,51.970251933607614,111.27035143845933,80.01226867893723,31.258082759522097,12213.322319830744,10635.813715325507,11424.568017578125,0.6034428477637713,-0.006984661773812406,0.00971270263219881,0.0148344992655991,-0.01058226678535601,1.363206227589231e-05,3810092000.0,4753991000.0,293584590000.0,26770.514,298.007,3.08,3.6,0.016238095238095236,0.04870952380952379,-0.04704666666666666
2022-11-29,11503.4501953125,11503.4501953125,11613.330078125,11450.33984375,11590.2998046875,4592830000,11682.1580078125,11688.83603515625,11429.46201171875,50.085349825703204,94.28471300246201,82.8667575436422,11.417955458819819,12218.93430327245,10639.98972016505,11429.46201171875,0.5468592656039516,-0.014314379048319226,-0.006984661773812406,0.00971270263219881,0.0148344992655991,-0.01058226678535601,3933232000.0,4745945500.0,288991760000.0,26770.514,298.007,3.08,3.6,0.0881,0.0167,0.10811
2022-11-30,12030.0595703125,12030.0595703125,12031.33984375,11481.8896484375,11505.740234375,6653460000,11743.201953125,11704.726953125,11466.51748046875,59.87551738362033,121.91113202836277,90.67563244058631,31.23549958777646,12296.739717352324,10636.295243585177,11466.51748046875,0.8393923125686996,-0.00727490709477685,-0.014314379048319226,-0.006984661773812406,0.00971270263219881,0.0148344992655991,4426652000.0,4844742500.0,295645220000.0,26770.514,298.007,3.08,3.6,0.0516,0.0167,0.06597
2022-12-01,12041.8896484375,12041.8896484375,12115.33984375,11928.66015625,12030.240234375,5158120000,11783.8359375,11739.00693359375,11523.294970703126,60.065013079156714,143.11017160531264,101.16254027353158,41.94763133178107,12347.50854183404,10699.081399572211,11523.294970703126,0.8145996959397328,0.04577838527214961,-0.00727490709477685,-0.014314379048319226,-0.006984661773812406,0.00971270263219881,4571970000.0,4830827500.0,300803340000.0,26770.514,298.007,3.08,3.6,0.0646,0.0,0.07504
2022-12-02,11994.259765625,11994.259765625,12027.6201171875,11825.5302734375,11845.5302734375,4523010000,11831.4818359375,11770.746875,11588.477978515624,58.8597417118987,154.2886857890444,111.78776937663415,42.50091641241025,12338.25097357922,10838.70498345203,11588.477978515624,0.7706030957242984,0.0009833765207774015,0.04577838527214961,-0.00727490709477685,-0.014314379048319226,-0.006984661773812406,5039756000.0,4801868500.0,296280330000.0,26770.514,298.007,3.08,3.6,0.0986153846153846,0.0519230769230769,0.0699615384615384
2022-12-05,11786.7998046875,11786.7998046875,11957.3603515625,11732.150390625,11899.5400390625,4510030000,11871.291796875,11781.72490234375,11634.966455078125,53.7962007111952,144.73899277229248,118.37801405576582,26.36097871652666,12304.82112384262,10965.111786313631,11634.966455078125,0.6133330531900464,-0.0039553495508639624,0.0009833765207774015,0.04577838527214961,-0.00727490709477685,-0.014314379048319226,5087490000.0,4754682500.0,291770300000.0,26770.514,298.007,3.08,3.6,0.054847619047619034,0.0337595238095238,0.0518963095238095
2022-12-06,11549.6904296875,11549.6904296875,11790.9296875,11488.599609375,11775.2001953125,4713330000,11880.53984375,11781.34892578125,11663.6009765625,48.64537717667962,116.6928843657497,118.04098811776261,-1.3481037520129036,12259.958957202549,11067.242995922452,11663.6009765625,0.40449482477559495,-0.017296603958176004,-0.0039553495508639624,0.0009833765207774015,0.04577838527214961,-0.00727490709477685,5111590000.0,4767514500.0,287056970000.0,26770.514,298.786,3.78,3.6,0.0421,0.0209,0.01845
2022-12-07,11497.3896484375,11497.3896484375,11577.6904296875,11431.9599609375,11490.990234375,4343860000,11774.005859375,11758.60390625,11685.495458984375,47.56358513457474,89.21746207440628,112.27628290909135,-23.058820834685065,12217.107573930874,11153.883344037875,11685.495458984375,0.3230798308971898,-0.020116518387434,-0.017296603958176004,-0.0039553495508639624,0.0009833765207774015,0.04577838527214961,4649670000.0,4727982500.0,282713110000.0,26770.514,298.786,3.78,3.6,0.0224,0.0298,-0.0165999999999999
2022-12-08,11637.5,11637.5,11672.1396484375,11470.6796875,11543.6796875,4281800000,11693.1279296875,11738.48193359375,11727.49296875,50.724959497801,77.85130499558181,105.39128732638945,-27.539982330807632,12058.674142308528,11396.311795191474,11727.49296875,0.36413332650671193,-0.0045283275398936285,-0.020116518387434,-0.017296603958176004,-0.0039553495508639624,0.0009833765207774015,4474406000.0,4693199500.0,286994910000.0,26770.514,298.786,3.78,3.6,0.0,0.0206,-0.03818
2022-12-09,11563.330078125,11563.330078125,11707.08984375,11550.3095703125,11594.3798828125,4337440000,11606.9419921875,11719.2119140625,11725.361474609375,49.03945148198539,62.14231288971678,96.74149243905492,-34.599179549338146,12060.362785995054,11390.360163223697,11725.361474609375,0.2581630414905559,0.012186274958641663,-0.0045283275398936285,-0.020116518387434,-0.017296603958176004,-0.0039553495508639624,4437292000.0,4588421500.0,282657470000.0,26770.514,298.786,3.78,3.6,0.0511,0.0,0.08234
2022-12-12,11706.4404296875,11706.4404296875,11707.7099609375,11529.41015625,11572.259765625,4829990000,11590.8701171875,11731.08095703125,11719.8330078125,52.33080719867983,60.542733867147035,89.50174072467335,-28.95900685752632,12052.104374805285,11387.561640819715,11719.8330078125,0.4798469271574478,-0.006373355263157854,0.012186274958641663,-0.0045283275398936285,-0.020116518387434,-0.017296603958176004,4501284000.0,4536533500.0,287487460000.0,26770.514,298.786,3.78,3.6,0.05810471380471377,0.04529831649831647,0.013867912457912432
2022-12-13,11834.2099609375,11834.2099609375,12166.41015625,11724.900390625,12141.240234375,6126890000,11647.7740234375,11764.15693359375,11726.496484375,55.11792056484544,68.7919979934286,85.35979217842441,-16.56779418499582,12062.496910685953,11390.496058064047,11726.496484375,0.6602877081810838,0.012376222990748031,-0.006373355263157854,0.012186274958641663,-0.0045283275398936285,-0.020116518387434,4783996000.0,4592675000.0,293614350000.0,26770.514,298.786,3.78,3.6,0.0378,0.0165,0.03011
2022-12-14,11740.919921875,11740.919921875,11941.2802734375,11617.41015625,11824.5400390625,5485150000,11696.480078125,11735.24296875,11719.9849609375,52.695321466864975,67.0292018367436,81.69367411008825,-14.664472273344657,12049.160212610626,11390.809709264373,11719.9849609375,0.5317991113109088,0.01091446473566604,0.012376222990748031,-0.006373355263157854,0.012186274958641663,-0.0045283275398936285,5012254000.0,4586067000.0,288129200000.0,26770.514,298.786,3.78,3.6,0.0,0.0276,-0.04491
2022-12-15,11345.2197265625,11345.2197265625,11591.330078125,11300.349609375,11573.3798828125,5536070000,11638.0240234375,11665.5759765625,11702.291455078124,43.884514310379885,33.31840064248354,72.01861941656732,-38.70021877408378,12071.7701253474,11332.812784808848,11702.291455078124,0.016789794312902926,-0.007883081284718818,0.01091446473566604,0.012376222990748031,-0.006373355263157854,0.012186274958641663,5263108000.0,4633611000.0,282593130000.0,26770.514,298.786,3.78,3.6,0.0454,0.1709,-0.20257
2022-12-16,11243.7197265625,11243.7197265625,11383.3896484375,11175.5400390625,11313.6396484375,7968170000,11574.101953125,11590.52197265625,11680.634423828125,41.94706786223739,-1.5697587050708535,57.300943792239686,-58.87070249731054,12103.333661457782,11257.935186198469,11680.634423828125,-0.016815099686107605,-0.03370265685700269,-0.007883081284718818,0.01091446473566604,0.012376222990748031,-0.006373355263157854,5989254000.0,4814301500.0,274624960000.0,26770.514,298.786,3.78,3.6,0.0477,0.1482,-0.13794
2022-12-19,11084.58984375,11084.58984375,11251.5703125,11029.76953125,11243.0,4631820000,11449.7318359375,11520.3009765625,11651.012939453125,39.03723624737383,-41.58001940167196,37.52475115345736,-79.10477055512932,12150.783832931933,11151.242045974317,11651.012939453125,-0.06668275713333771,-0.008946499269851804,-0.03370265685700269,-0.007883081284718818,0.01091446473566604,0.012376222990748031,5949620000.0,4837121500.0,269993140000.0,26770.514,298.786,3.78,3.6,0.03206666666666667,0.1392333333333333,-0.24037
2022-12-20,11072.419921875,11072.419921875,11143.6201171875,10967.0703125,11023.4697265625,4707190000,11297.373828125,11472.57392578125,11626.96142578125,38.81547183709534,-73.42406335169653,15.334988252426582,-88.75905160412312,12188.930497434172,11064.992354128328,11626.96142578125,0.006608520042593626,-0.014152779212075806,-0.008946499269851804,-0.03370265685700269,-0.007883081284718818,0.01091446473566604,5665680000.0,4873624500.0,265285950000.0,26770.514,298.786,3.78,3.6,0.0,0.0314,-0.07636
2022-12-21,11235.8798828125,11235.8798828125,11285.7802734375,11083.3603515625,11110.650390625,4401420000,11196.3658203125,11446.42294921875,11602.513427734375,43.46133703985501,-84.49681812833478,-4.631373023725692,-79.8654451046091,12188.580493139616,11016.446362329134,11602.513427734375,0.18720854099832146,-0.0010979135941472373,-0.014152779212075806,-0.008946499269851804,-0.03370265685700269,-0.007883081284718818,5448934000.0,4884377500.0,269687370000.0,26770.514,298.786,3.78,3.6,0.0911,0.0558,0.08122
2022-12-22,10956.1396484375,10956.1396484375,11114.23046875,10784.01953125,11099.3603515625,5125070000,11118.5498046875,11378.2869140625,11558.384423828125,38.12586420288088,-114.52458694190318,-26.610015807361194,-87.91457113454199,12199.856848754054,10916.911998902197,11558.384423828125,0.03057625551077518,0.014762803622951903,-0.0010979135941472373,-0.014152779212075806,-0.008946499269851804,-0.03370265685700269,5366734000.0,4919054500.0,264562300000.0,26770.514,298.786,3.78,3.6,0.094,0.0511,0.0799899999999999
2022-12-23,10985.4501953125,10985.4501953125,11007.08984375,10830.900390625,10911.0400390625,3544680000,11066.8958984375,11320.49892578125,11519.855419921874,38.971255814765584,-134.40732985775503,-48.169478617439964,-86.23785124031507,12202.584110308124,10837.126729535625,11519.855419921874,0.10862548173635578,-0.024897047431320263,0.014762803622951903,-0.0010979135941472373,-0.014152779212075806,-0.008946499269851804,4482036000.0,4987084500.0,268106980000.0,26770.514,298.786,3.78,3.6,0.0678181818181818,0.0376363636363636,0.0628545454545454
2022-12-27,10822.509765625,10822.509765625,10957.4404296875,10807.6103515625,10944.2998046875,3827290000,11014.4798828125,11232.105859375,11481.593408203125,36.024548797507435,-161.45136693375935,-70.82585628070385,-90.6255106530555,12230.833635852854,10732.353180553397,11481.593408203125,0.06016533932942514,0.0026752622561889705,-0.024897047431320263,0.014762803622951903,-0.0010979135941472373,-0.014152779212075806,4321130000.0,4964881000.0,264279690000.0,26770.514,298.786,3.78,3.6,0.05803611111111108,0.05987499999999995,0.009999444444444401
2022-12-28,10679.33984375,10679.33984375,10898.6396484375,10671.1904296875,10807.1201171875,3842970000,10935.8638671875,11116.61884765625,11440.387890625,33.61915098205918,-192.2207758815257,-95.10484020086822,-97.11593568065747,12270.814481432184,10609.961299817815,11440.387890625,0.04177283380626619,-0.014832385272387505,0.0026752622561889705,-0.024897047431320263,0.014762803622951903,-0.0010979135941472373,4148286000.0,4927388000.0,260436720000.0,26770.514,298.786,3.78,3.6,0.0,0.0246,-0.05464
2022-12-29,10951.0498046875,10951.0498046875,10981.0595703125,10776.6201171875,10800.7998046875,4154100000,10878.8978515625,11037.6318359375,11386.43740234375,41.590152469645155,-192.46244383269368,-114.57636092723332,-77.88608290546036,12195.48694239561,10577.387862291891,11386.43740234375,0.23092649083741992,-0.013228902073134985,-0.014832385272387505,0.0026752622561889705,-0.024897047431320263,0.014762803622951903,4098822000.0,4802420000.0,264590820000.0,26770.514,298.786,3.78,3.6,0.1103,0.0,0.17596
2022-12-30,10939.759765625,10939.759765625,10942.900390625,10778.6396484375,10835.58984375,3959030000,10875.621875,10997.08583984375,11331.330908203125,41.367868675371774,-191.35911051357834,-129.93291084450235,-61.426199669076,12101.6123676344,10561.04944877185,11331.330908203125,0.24582593298608343,0.02544258024493118,-0.013228902073134985,-0.014832385272387505,0.0026752622561889705,-0.024897047431320263,3865614000.0,4742465500.0,260631790000.0,26770.514,298.786,3.78,3.6,0.0,0.0881538461538461,-0.1296384615384615
2023-01-03,10862.6396484375,10862.6396484375,11093.099609375,10770.9296875,11038.419921875,4780650000,10851.059765625,10958.97783203125,11274.74990234375,39.80295798727582,-194.46597711311915,-142.83952409822572,-51.62645301489343,12005.215200994127,10544.284603693373,11274.74990234375,0.21791250407947244,-0.0010309549553566555,0.02544258024493118,-0.013228902073134985,-0.014832385272387505,0.0026752622561889705,4112808000.0,4755347500.0,255851140000.0,26770.514,298.786,3.78,3.6,0.0271486111111111,0.08461111111111111,-0.09946256944444445
2023-01-04,10914.7998046875,10914.7998046875,10981.4599609375,10785.5302734375,10949.33984375,5085380000,10869.5177734375,10941.998828125,11231.14990234375,41.417141314305525,-190.52307121973172,-152.37623352252692,-38.1468376972048,11936.595285337818,10525.704519349682,11231.14990234375,0.27577987943333815,-0.007049525660501876,-0.0010309549553566555,0.02544258024493118,-0.013228902073134985,-0.014832385272387505,4364426000.0,4784115000.0,260936520000.0,26770.514,298.786,3.78,3.6,0.0219,0.0252,0.00196
2023-01-05,10741.2197265625,10741.2197265625,10842.330078125,10728.259765625,10837.25,4764270000,10881.89375,10908.87880859375,11190.7263671875,37.78591491274816,-199.10954068394858,-161.72289495481127,-37.386645729137314,11911.797925141922,10469.65480923308,11190.7263671875,0.18830649630656077,0.004801793849205316,-0.007049525660501876,-0.0010309549553566555,0.02544258024493118,-0.013228902073134985,4548686000.0,4786662000.0,256172250000.0,26770.514,298.832,4.1,3.5,0.0616,0.0,0.09358
2023-01-06,11040.349609375,11040.349609375,11082.58984375,10696.419921875,10807.4599609375,5199780000,10899.7537109375,10889.32578125,11167.874365234375,46.49223488591166,-179.70556410609606,-165.31942878506823,-14.386135321027837,11876.893173074774,10458.855557393976,11167.874365234375,0.41006955355119395,-0.01590318477948205,0.004801793849205316,-0.007049525660501876,-0.0010309549553566555,0.02544258024493118,4757822000.0,4829458000.0,261372030000.0,26770.514,298.832,4.1,3.5,0.0,0.0632307692307692,-0.1215461538461538
2023-01-09,11108.4501953125,11108.4501953125,11304.83984375,11085.3203125,11133.0703125,5132190000,10933.491796875,10904.5568359375,11141.421875,48.26719130602796,-157.02256632380522,-163.66005629281563,6.637489969010403,11815.271732123292,10467.572017876708,11141.421875,0.4755348470145425,0.02784878164932869,-0.01590318477948205,0.004801793849205316,-0.007049525660501876,-0.0010309549553566555,4992454000.0,4871977500.0,266504220000.0,26770.514,298.832,4.1,3.5,0.08253333333333333,0.06676666666666663,0.04515714285714283
2023-01-10,11205.7802734375,11205.7802734375,11207.5595703125,11050.6796875,11069.0498046875,4710680000,11002.119921875,10926.58984375,11123.544384765624,50.78018702294745,-129.69733315307894,-156.8675116648683,27.170178511789345,11768.62179679628,10478.466972734968,11123.544384765624,0.5637411007874258,0.006168335999040542,0.02784878164932869,-0.01590318477948205,0.004801793849205316,-0.007049525660501876,4978460000.0,4890639500.0,271214900000.0,26770.514,298.832,4.1,3.5,0.2244,0.0246,0.3756199999999999
2023-01-11,11402.51953125,11402.51953125,11403.8896484375,11220.75,11259.16015625,5284390000,11099.6638671875,10984.5908203125,11108.34833984375,55.48713970581448,-91.11634263082306,-143.71727785805925,52.60093522723619,11708.354314941695,10508.342364745804,11108.34833984375,0.7451402182771847,0.00876180532961035,0.006168335999040542,0.02784878164932869,-0.01590318477948205,0.004801793849205316,5018262000.0,4913359500.0,276499290000.0,26770.514,298.832,4.1,3.5,0.0777,0.0,0.1383599999999999
2023-01-12,11459.6103515625,11459.6103515625,11500.8603515625,11246.01953125,11441.4501953125,5681240000,11243.3419921875,11062.61787109375,11089.618359375,56.77882403381292,-55.296454502919005,-126.0331131870312,70.7366586841122,11612.671687190681,10566.565031559318,11089.618359375,0.8536847702820484,0.01755694409597308,0.00876180532961035,0.006168335999040542,0.02784878164932869,-0.01590318477948205,5201656000.0,4891077000.0,282180530000.0,26770.514,298.832,4.1,3.5,0.1207999999999999,0.0059,0.20732
2023-01-13,11541.48046875,11541.48046875,11547.9599609375,11347.599609375,11362.1298828125,5077990000,11343.5681640625,11121.6609375,11079.64638671875,58.632664055808256,-20.071331042989186,-104.84075675822281,84.76942571523362,11555.931254719597,10603.361518717904,11079.64638671875,0.9848296818348938,0.005006860120347678,0.01755694409597308,0.00876180532961035,0.006168335999040542,0.02784878164932869,5177298000.0,4870719000.0,287258520000.0,26770.514,298.832,4.1,3.5,0.0923076923076923,0.0646153846153846,0.0784076923076923
2023-01-17,11557.1904296875,11557.1904296875,11615.9501953125,11484.01953125,11531.5400390625,5138410000,11433.3162109375,11183.40400390625,11090.244921875,58.996106088241675,9.008649532230265,-82.0708755001322,91.07952503236247,11599.6919066177,10580.797937132302,11090.244921875,0.958286653760778,0.007144232192531463,0.005006860120347678,0.01755694409597308,0.00876180532961035,0.006168335999040542,5178542000.0,4850836000.0,292396930000.0,26770.514,298.832,4.1,3.5,0.12304583333333333,0.07719583333333332,0.09065666666666662
2023-01-18,11410.2900390625,11410.2900390625,11690.26953125,11403.3095703125,11636.6103515625,5288630000,11474.2181640625,11238.16904296875,11098.5734375,54.200805162967974,19.97089774464257,-61.662520851177256,81.63341859581982,11623.78701243633,10573.359862563668,11098.5734375,0.796752232270737,0.0013611738095504755,0.007144232192531463,0.005006860120347678,0.01755694409597308,0.00876180532961035,5294132000.0,4716859000.0,287108300000.0,26770.514,298.832,4.1,3.5,0.0,0.1273,-0.2195999999999999
2023-01-19,11295.669921875,11295.669921875,11388.4599609375,11251.9404296875,11345.1904296875,4660800000,11452.8482421875,11276.2560546875,11109.12744140625,50.735607864271294,19.188480041464572,-45.492320672648894,64.68080071411347,11641.591013662095,10576.663869150405,11109.12744140625,0.6751692417928616,-0.012710735495683245,0.0013611738095504755,0.007144232192531463,0.005006860120347678,0.01755694409597308,5169414000.0,4718308000.0,282447500000.0,26770.514,298.832,4.1,3.5,0.0804999999999999,0.049,0.0617899999999999
2023-01-20,11619.0302734375,11619.0302734375,11623.2001953125,11329.5400390625,11363.849609375,5980110000,11484.7322265625,11364.037109375,11136.457958984374,58.74824170735206,44.15193034120966,-27.563470469877185,71.71540081108685,11715.099239963767,10557.816678004981,11136.457958984374,0.9169874586517027,-0.010045328978939616,-0.012710735495683245,0.0013611738095504755,0.007144232192531463,0.005006860120347678,5229188000.0,4781954000.0,288427610000.0,26770.514,298.832,4.1,3.5,0.07725,0.0555,0.1204416666666666
2023-01-23,11872.5400390625,11872.5400390625,11918.8603515625,11617.830078125,11652.0,5997810000,11550.944140625,11447.25615234375,11168.290966796874,63.72898830255556,83.43003446817602,-5.364769482266543,88.79480395044256,11833.5313316197,10503.050601974048,11168.290966796874,1.029319257749181,0.02862692994740268,-0.010045328978939616,-0.012710735495683245,0.0013611738095504755,0.007144232192531463,5413152000.0,4861773500.0,294425420000.0,26770.514,298.832,4.1,3.5,0.0237,0.08178333333333333,-0.0514483333333333
2023-01-24,11846.6396484375,11846.6396484375,11889.3701171875,11780.0703125,11802.9501953125,5670860000,11608.833984375,11521.07509765625,11212.815966796876,62.89347403499006,111.18658022185991,17.945500458558747,93.24107976330117,11935.032841747678,10490.599091846074,11212.815966796876,0.9388042592357047,0.021818496006896115,0.02862692994740268,-0.010045328978939616,-0.012710735495683245,0.0013611738095504755,5519642000.0,4889063000.0,288754560000.0,26770.514,298.832,4.1,3.5,0.0517,0.0203999999999999,0.07827
2023-01-25,11814.6904296875,11814.6904296875,11841.8095703125,11550.0703125,11636.009765625,5485570000,11689.7140625,11581.96611328125,11254.277978515625,61.816854243217286,129.1174224907354,40.17988486499408,88.93753762574133,12015.684222586693,10492.871734444558,11254.277978515625,0.8680114626953119,-0.002181537441843462,0.021818496006896115,0.02862692994740268,-0.010045328978939616,-0.012710735495683245,5559030000.0,4986107500.0,283268990000.0,26770.514,298.832,4.1,3.5,0.0387,0.1609,-0.2158999999999999
2023-01-26,12051.48046875,12051.48046875,12055.8095703125,11853.3701171875,11972.5703125,5732890000,11840.876171875,11646.86220703125,11315.726513671874,66.40669276340873,160.5836134529236,64.26063058257999,96.32298287034361,12127.138803803695,10504.314223540054,11315.726513671874,0.9533786116048332,-0.002696901374409033,-0.002181537441843462,0.021818496006896115,0.02862692994740268,-0.010045328978939616,5773448000.0,5081387500.0,289001880000.0,26770.514,298.832,4.1,3.5,0.1278,0.0276,0.24519
2023-01-27,12166.599609375,12166.599609375,12248.150390625,11999.8701171875,12000.2099609375,6243800000,11950.3900390625,11717.5611328125,11390.089501953125,68.39571855605529,192.5898926503305,89.9264829961301,102.66340965420041,12228.101183514138,10552.077820392113,11390.089501953125,0.9633050615567939,0.020042001140165633,-0.002696901374409033,-0.002181537441843462,0.021818496006896115,0.02862692994740268,5826186000.0,5201429000.0,295245680000.0,26770.514,298.832,4.1,3.5,0.0230666666666666,0.0376666666666666,-0.0321866666666666
2023-01-30,11912.3896484375,11912.3896484375,12087.6796875,11906.1103515625,12047.16015625,5122320000,11958.3599609375,11754.65205078125,11438.156494140625,59.95392066637195,195.19242342650068,110.97967108220423,84.21275234429645,12280.407221910704,10595.905766370546,11438.156494140625,0.7815273045548102,0.009552282055595551,0.020042001140165633,-0.002696901374409033,-0.002181537441843462,0.021818496006896115,5651088000.0,5249840000.0,290123360000.0,26770.514,298.832,4.1,3.5,0.1321666666666666,0.035237037037037004,0.18018037037037038
2023-01-31,12101.9296875,12101.9296875,12104.1298828125,11915.9404296875,11915.9404296875,5695150000,12009.41796875,11809.1259765625,11496.264990234375,63.56485523062844,210.12703129969486,130.80914312570238,79.31788817399249,12353.95447850789,10638.575501960859,11496.264990234375,0.8530792352864186,-0.020894084551086767,0.009552282055595551,0.020042001140165633,-0.002696901374409033,-0.002181537441843462,5655946000.0,5336646000.0,295818510000.0,26770.514,298.832,4.1,3.5,0.0445999999999999,0.0178,0.04215
2023-02-01,12363.099609375,12363.099609375,12458.8701171875,12010.73046875,12087.919921875,6336040000,12119.0998046875,11904.40693359375,11571.28798828125,67.86466570973964,240.26739270262624,152.70079304108717,87.56659966153907,12457.62885835864,10684.947118203861,11571.28798828125,0.946674438596414,0.015911168510791773,-0.020894084551086767,0.009552282055595551,0.020042001140165633,-0.002696901374409033,5826040000.0,5414415500.0,302154550000.0,26770.514,298.832,4.1,3.5,0.1415,0.0,0.2304
2023-02-02,12803.1396484375,12803.1396484375,12880.98046875,12600.759765625,12655.1796875,7038210000,12269.431640625,12055.15390625,11665.70498046875,73.53226686627355,296.24645512070674,181.4099254570111,114.83652966369564,12654.035956834794,10677.374004102707,11665.70498046875,1.0754320643429287,0.021580849386751977,0.015911168510791773,-0.020894084551086767,0.009552282055595551,0.020042001140165633,6087104000.0,5512057000.0,309192760000.0,26770.514,298.832,4.1,3.5,0.0786,0.0726,0.00939
2023-02-03,12573.3603515625,12573.3603515625,12828.7099609375,12520.9501953125,12520.9501953125,5954490000,12350.7837890625,12150.5869140625,11757.31201171875,66.89744351213827,318.39869452808307,208.8076792712255,109.59101525685756,12724.251773518405,10790.372249919095,11757.31201171875,0.9219747558653149,0.035593018981163516,0.021580849386751977,0.015911168510791773,-0.020894084551086767,0.009552282055595551,6029242000.0,5571568000.0,303238270000.0,26770.514,298.832,4.1,3.5,0.0762727272727272,0.036,0.0681545454545454
2023-02-06,12464.509765625,12464.509765625,12558.8701171875,12411.8798828125,12468.7998046875,5538350000,12461.2078125,12209.78388671875,11828.52001953125,63.95355953460853,323.44272487755916,231.73468839249225,91.70803648506691,12782.823442340577,10874.216596721923,11828.52001953125,0.8332219768328456,-0.017947105411994957,0.035593018981163516,0.021580849386751977,0.015911168510791773,-0.020894084551086767,6112448000.0,5588496500.0,297699920000.0,27216.445,300.42,4.33,3.5,0.06449537037037037,0.0691935185185185,0.007847685185185133
2023-02-07,12728.26953125,12728.26953125,12771.58984375,12419.7099609375,12474.9501953125,5720240000,12586.47578125,12297.946875,11909.510986328125,67.66656412117946,344.7493085929327,254.33761243258036,90.41169616035236,12881.287358292639,10937.734614363611,11909.510986328125,0.9212690123689145,-0.008657239027112795,-0.017947105411994957,0.035593018981163516,0.021580849386751977,0.015911168510791773,6117466000.0,5617899000.0,303420160000.0,27216.445,300.42,4.33,3.5,0.0732,0.0625,0.0059
2023-02-08,12495.3798828125,12495.3798828125,12709.4501953125,12471.1201171875,12680.0302734375,5052870000,12612.9318359375,12366.0158203125,11973.990966796875,61.63010418190307,338.9356422997862,271.25721840602154,67.67842389376466,12919.953172144336,11028.028761449414,11973.990966796875,0.7755865472575163,0.02116086156492125,-0.008657239027112795,-0.017947105411994957,0.035593018981163516,0.021580849386751977,5860832000.0,5635008500.0,298367290000.0,27216.445,300.42,4.33,3.5,0.0133,0.0193,-0.00949
2023-02-09,12381.169921875,12381.169921875,12679.5400390625,12327.4404296875,12677.5400390625,5536290000,12528.537890625,12398.984765625,12022.923486328125,58.85713040281983,321.4074949890619,281.2872737226296,40.12022126643228,12945.373155952342,11100.473816703909,12022.923486328125,0.6941821040994114,-0.018297039347392685,0.02116086156492125,-0.008657239027112795,-0.017947105411994957,0.035593018981163516,5560448000.0,5647603500.0,292831000000.0,27216.445,300.42,4.33,3.5,0.096,0.0902,0.07914
2023-02-10,12304.919921875,12304.919921875,12375.7197265625,12204.2099609375,12306.58984375,4885030000,12474.8498046875,12412.816796875,12065.18896484375,57.0127709798212,297.929231483633,284.6156652748303,13.313566208802683,12955.878999542483,11174.498930145017,12065.18896484375,0.6345759735104348,-0.009140175169431775,-0.018297039347392685,0.02116086156492125,-0.008657239027112795,-0.017947105411994957,5346556000.0,5607793000.0,287945970000.0,27216.445,300.42,4.33,3.5,0.0,0.0868333333333333,-0.1662416666666666
2023-02-13,12502.3095703125,12502.3095703125,12522.7802734375,12313.4501953125,12356.5,4752880000,12482.409765625,12471.8087890625,12113.230419921874,60.466446531707085,291.8855584532139,286.069643910507,5.815914542706878,12988.499486739178,11237.96135310457,12113.230419921874,0.7222625962353579,-0.006158545636731905,-0.009140175169431775,-0.018297039347392685,0.02116086156492125,-0.008657239027112795,5189462000.0,5591537500.0,292698850000.0,27216.445,300.42,4.33,3.5,0.055566666666666674,0.052833333333333336,0.017189999999999997
2023-02-14,12590.8896484375,12590.8896484375,12627.400390625,12356.3203125,12413.099609375,5032430000,12454.9337890625,12520.70478515625,12164.915380859375,61.94406021823099,290.89037289857515,287.03378970812065,3.8565831904545007,13023.862946921403,11305.967814797346,12164.915380859375,0.7479629050764223,0.01604152239029144,-0.006158545636731905,-0.009140175169431775,-0.018297039347392685,0.02116086156492125,5051900000.0,5586238500.0,297731280000.0,27216.445,300.42,4.33,3.5,0.0658,0.0167,0.0605299999999999
2023-02-15,12687.8896484375,12687.8896484375,12689.33984375,12486.419921875,12531.599609375,5056640000,12493.4357421875,12553.1837890625,12228.795361328124,63.550650704100285,294.5335708498005,288.5337459364566,5.9998249133439,13040.153743546553,11417.436979109696,12228.795361328124,0.7829170790434883,0.007085097167593535,0.01604152239029144,-0.006158545636731905,-0.009140175169431775,-0.018297039347392685,5052654000.0,5574639000.0,302787920000.0,27216.445,300.42,4.33,3.5,0.0612,0.0243,0.10058
2023-02-16,12442.48046875,12442.48046875,12653.400390625,12440.0,12495.0703125,5159410000,12505.6978515625,12517.11787109375,12286.135888671875,56.99489921255183,274.454619630249,285.7179206752151,-11.263301044966113,12972.256337471483,11600.015439872268,12286.135888671875,0.6139337709229153,0.007703983015373117,0.007085097167593535,0.01604152239029144,-0.006158545636731905,-0.009140175169431775,4977278000.0,5599569500.0,297628510000.0,27216.445,300.42,4.33,3.5,0.0,0.0891,-0.18734
2023-02-17,12358.1796875,12358.1796875,12385.51953125,12233.7900390625,12352.2998046875,4925230000,12516.3498046875,12495.5998046875,12323.093359375,54.89982728377601,248.87071097242188,278.34847873465645,-29.477767762234578,12933.349448500752,11712.837270249247,12323.093359375,0.5287472167424537,-0.019342001427142153,0.007703983015373117,0.007085097167593535,0.01604152239029144,-0.006158545636731905,4985318000.0,5546825500.0,292703280000.0,27216.445,300.42,4.33,3.5,0.0589090909090909,0.0312727272727272,0.0760272727272727
2023-02-21,12060.2998046875,12060.2998046875,12257.0595703125,12058.23046875,12205.2099609375,5002540000,12427.9478515625,12455.17880859375,12332.48134765625,48.162791464575804,202.22770685976502,263.12432435967816,-60.896617499913134,12918.86344321436,11746.09925209814,12332.48134765625,0.2679145176579004,-0.006775239186569415,-0.019342001427142153,0.007703983015373117,0.007085097167593535,0.01604152239029144,5035250000.0,5497062000.0,287700740000.0,27216.445,300.42,4.33,3.5,0.0604,0.032725000000000004,0.03929500000000001
2023-02-22,12066.26953125,12066.26953125,12156.2099609375,12006.0400390625,12085.669921875,4671270000,12323.023828125,12388.97880859375,12343.462841796874,48.29971835181989,163.8556709205368,243.2705936718499,-79.4149227513131,12898.947178528279,11787.97850506547,12343.462841796874,0.25049403536925763,-0.0241038640273048,-0.006775239186569415,-0.019342001427142153,0.007703983015373117,0.007085097167593535,4963018000.0,5447082500.0,292372010000.0,27216.445,300.42,4.33,3.5,0.0711,0.0692,0.01139
2023-02-23,12180.1396484375,12180.1396484375,12227.400390625,12003.3095703125,12224.4404296875,4714580000,12221.473828125,12357.45478515625,12361.735302734374,50.96063911493742,141.008464978313,222.81816793314252,-81.80970295482953,12865.629626406573,11857.840979062175,12361.735302734374,0.3198077992092954,0.0004949898973638511,-0.0241038640273048,-0.006775239186569415,-0.019342001427142153,0.007703983015373117,4894606000.0,5408533000.0,297086590000.0,27216.445,300.42,4.33,3.5,0.073,0.0232,0.07253
2023-02-24,11969.650390625,11969.650390625,12018.3203125,11900.83984375,11979.7998046875,4432650000,12126.9078125,12316.30283203125,12357.643798828125,46.22458252105536,104.71013246328403,199.19656083917084,-94.48642837588682,12873.336033238267,11841.951564417983,12357.643798828125,0.12381302033089692,0.009437060633577854,0.0004949898973638511,-0.0241038640273048,-0.006775239186569415,-0.019342001427142153,4749254000.0,5343521000.0,292653940000.0,27216.445,300.42,4.33,3.5,0.08275,0.02425,0.0999666666666666
2023-02-27,12057.7900390625,12057.7900390625,12159.6396484375,12034.6103515625,12106.7900390625,4494000000,12066.8298828125,12291.58984375,12352.2033203125,48.38761005467209,82.10907316061821,175.77906330346033,-93.66999014284212,12878.567253205261,11825.839387419737,12352.2033203125,0.220332964654342,-0.017281350123067085,0.009437060633577854,0.0004949898973638511,-0.0241038640273048,-0.006775239186569415,4663008000.0,5256031000.0,297147940000.0,27216.445,300.42,4.33,3.5,0.052749999999999964,0.07929999999999997,-0.07682499999999999
2023-02-28,12042.1201171875,12042.1201171875,12146.51953125,12021.3203125,12041.75,5340950000,12063.1939453125,12245.5708984375,12358.68984375,48.01781520887176,62.21595232479194,153.06644110772666,-90.85048878293472,12865.050278920771,11852.32940857923,12358.68984375,0.18740673187100734,0.007363594220473946,-0.017281350123067085,0.009437060633577854,0.0004949898973638511,-0.0241038640273048,4730690000.0,5266962500.0,291806990000.0,27216.445,300.42,4.33,3.5,0.0152,0.1115,-0.1862299999999999
2023-03-01,11938.5703125,11938.5703125,12054.48046875,11906.580078125,12026.7197265625,4927530000,12037.6541015625,12180.33896484375,12350.521875,45.54098499177006,37.66077691054306,129.98530826828994,-92.32453135774688,12879.103802600983,11821.939947399018,12350.521875,0.1103238296760539,-0.0012995683142794645,0.007363594220473946,-0.017281350123067085,0.009437060633577854,0.0004949898973638511,4781942000.0,5228581500.0,286879460000.0,27216.445,300.42,4.33,3.5,0.0296999999999999,0.0,0.06705
2023-03-02,12044.8701171875,12044.8701171875,12074.58984375,11830.08984375,11830.08984375,5313760000,12010.6001953125,12116.03701171875,12334.610400390626,48.47894867982356,26.472965470909912,109.28283970881394,-82.80987423790403,12880.474438706748,11788.746362074504,12334.610400390626,0.23460398298364293,-0.008598967929219103,-0.0012995683142794645,0.007363594220473946,-0.017281350123067085,0.009437060633577854,4901778000.0,5177467500.0,292193220000.0,27216.445,300.42,4.33,3.5,0.0871,0.0466,0.05647
2023-03-03,12290.8095703125,12290.8095703125,12300.4599609375,12095.240234375,12110.7099609375,5102210000,12074.83203125,12100.869921875,12308.993896484375,54.58371033509183,37.02500159546071,94.8312720861433,-57.80627049068259,12808.387340267574,11809.600452701176,12308.993896484375,0.48179358740263184,0.008903897359987978,-0.008598967929219103,-0.0012995683142794645,0.007363594220473946,-0.017281350123067085,5035690000.0,5080667500.0,297295430000.0,27216.445,300.42,4.33,3.5,0.018,0.1394166666666666,-0.15795
2023-03-06,12302.48046875,12302.48046875,12466.8798828125,12297.5703125,12344.650390625,4982880000,12123.7701171875,12095.3,12295.44990234375,54.85707004782019,45.801340866457394,85.02528584220613,-39.223944975748736,12779.09932130001,11811.80048338749,12295.44990234375,0.5072682465135832,0.020418605658026667,0.008903897359987978,-0.008598967929219103,-0.0012995683142794645,0.007363594220473946,5133466000.0,5032087000.0,302278310000.0,27216.445,300.42,4.33,3.5,0.10275833333333333,0.07765,0.06732416666666667
2023-03-07,12152.169921875,12152.169921875,12344.0400390625,12130.009765625,12303.1904296875,5422820000,12145.780078125,12104.48701171875,12279.83291015625,50.63034862928263,40.164852614487245,76.05319919666236,-35.88834658217512,12760.659986786819,11799.005833525682,12279.83291015625,0.3672464650120598,0.0009495630349436457,0.020418605658026667,0.008903897359987978,-0.008598967929219103,-0.0012995683142794645,5149840000.0,5026310500.0,296855490000.0,27216.445,300.42,4.33,3.5,0.0142999999999999,0.0272,-0.03749
2023-03-08,12215.330078125,12215.330078125,12237.7197265625,12102.2802734375,12181.0595703125,5085970000,12201.13203125,12119.39306640625,12254.1859375,52.29370434993699,40.3294984699005,68.90845905130999,-28.57896058140949,12686.58063700831,11821.79123799169,12254.1859375,0.45506899203530404,-0.012217905751349067,0.0009495630349436457,0.020418605658026667,0.008903897359987978,-0.008598967929219103,5181528000.0,4994597000.0,301941460000.0,27216.445,301.45,4.57,3.6,0.0891,0.0140999999999999,0.10707
2023-03-09,11995.8798828125,11995.8798828125,12340.4501953125,11970.33984375,12230.83984375,5061790000,12191.333984375,12100.96708984375,12229.2109375,46.43923433711914,22.49290059984196,59.62534736101639,-37.13244676117443,12660.648454573111,11797.773420426889,12229.2109375,0.22958882172507036,0.005197438536166832,-0.012217905751349067,0.0009495630349436457,0.020418605658026667,0.008903897359987978,5131134000.0,4995043000.0,296879670000.0,27216.445,301.45,4.57,3.6,0.0241,0.0305,-0.01027
2023-03-10,11830.2802734375,11830.2802734375,12069.6201171875,11789.8603515625,12001.7001953125,6193500000,12099.228125,12087.030078125,12201.666455078124,42.56652914514559,-4.948196491797717,46.71063859045357,-51.65883508225129,12661.652094319816,11741.680815836433,12201.666455078124,0.09630676486675499,-0.017965146574752566,0.005197438536166832,-0.012217905751349067,0.0009495630349436457,0.020418605658026667,5349392000.0,5027903500.0,290686170000.0,27216.445,301.45,4.57,3.6,0.0859333333333333,0.015,0.1153333333333333
2023-03-13,11923.169921875,11923.169921875,12073.9599609375,11695.41015625,11752.099609375,6201490000,12023.366015625,12073.56806640625,12182.578955078125,45.32102695162985,-18.981241386340116,33.572262595094834,-52.55350398143495,12656.009799678724,11709.148110477525,12182.578955078125,0.22603281328029046,-0.013804707198866506,-0.017965146574752566,0.005197438536166832,-0.012217905751349067,0.0009495630349436457,5593114000.0,5093726500.0,296887660000.0,27216.445,301.45,4.57,3.6,0.04143333333333333,0.07653333333333333,-0.070205
2023-03-14,12199.7900390625,12199.7900390625,12217.8701171875,12035.2197265625,12078.4599609375,5533120000,12032.8900390625,12089.33505859375,12167.452978515625,52.609983383909366,-7.692919731649454,25.319226129745978,-33.01214586139543,12616.578979754231,11718.326977277018,12167.452978515625,0.5359999871502604,0.007851855263823815,-0.013804707198866506,-0.017965146574752566,0.005197438536166832,-0.012217905751349067,5615174000.0,5132738500.0,302420780000.0,27216.445,301.45,4.57,3.6,0.1008999999999999,0.0878,0.0567199999999999
2023-03-15,12251.3203125,12251.3203125,12269.4501953125,12026.1796875,12083.240234375,5912430000,12040.0880859375,12120.61005859375,12150.47451171875,53.84431976695919,5.349552605150166,21.325291424826816,-15.97573881967665,12555.732592783781,11745.21643065372,12150.47451171875,0.6244217024818157,0.02320021596605737,0.007851855263823815,-0.013804707198866506,-0.017965146574752566,0.005197438536166832,5780466000.0,5176738500.0,308333210000.0,27216.445,301.45,4.57,3.6,0.044,0.1197,-0.14171
2023-03-16,12581.3896484375,12581.3896484375,12595.6904296875,12190.650390625,12211.8701171875,5498920000,12157.1900390625,12174.26201171875,12145.14951171875,60.874054412388176,41.8373676719566,25.427706674252775,16.409660997703824,12522.513707341168,11767.785316096331,12145.14951171875,1.0780094425747295,0.004223865597072107,0.02320021596605737,0.007851855263823815,-0.013804707198866506,-0.017965146574752566,5867892000.0,5198852500.0,313832130000.0,27216.445,301.45,4.57,3.6,0.0371,0.0113,0.0545899999999999
2023-03-17,12519.8798828125,12519.8798828125,12674.33984375,12444.080078125,12570.16015625,7903090000,12295.1099609375,12197.16904296875,12149.019482421874,59.068569734371195,65.04114611977457,33.350394563357135,31.690751556417432,12540.54426585479,11757.494698988958,12149.019482421874,0.9736103767670796,0.026941531811941255,0.004223865597072107,0.02320021596605737,0.007851855263823815,-0.013804707198866506,6209810000.0,5336036500.0,305929040000.0,27216.445,301.45,4.57,3.6,0.1381,0.0877,0.0119099999999999
2023-03-20,12562.6103515625,12562.6103515625,12578.349609375,12407.8203125,12487.7900390625,4970630000,12422.998046875,12223.18203125,12159.241015625,59.957086278217155,85.88823333820983,43.85796231832767,42.03027101988216,12583.09679721217,11735.38523403783,12159.241015625,0.975833235572537,-0.004888948466248211,0.026941531811941255,0.004223865597072107,0.02320021596605737,0.007851855263823815,5963638000.0,5338306500.0,310899670000.0,27216.445,301.45,4.57,3.6,0.13799999999999998,0.09806666666666668,0.03208666666666667
2023-03-21,12741.4404296875,12741.4404296875,12762.4501953125,12582.759765625,12643.349609375,4829870000,12531.328125,12282.10908203125,12193.298046875,63.52557736875903,115.50828530179024,58.18802691502019,57.32025838677005,12687.330722970908,11699.26537077909,12193.298046875,1.054763287262893,0.0034130094817172996,-0.004888948466248211,0.026941531811941255,0.004223865597072107,0.02320021596605737,5822988000.0,5329673000.0,315729540000.0,27216.445,301.45,4.57,3.6,0.0795555555555555,0.0860555555555555,0.0106611111111111
2023-03-22,12567.150390625,12567.150390625,12943.6201171875,12563.7802734375,12742.41015625,4981590000,12594.494140625,12317.29111328125,12218.34208984375,58.09193017364065,123.49506608534466,71.24943474908508,52.24563133625958,12735.502271355472,11701.18190833203,12218.34208984375,0.837234297274822,0.014235105055435904,0.0034130094817172996,-0.004888948466248211,0.026941531811941255,0.004223865597072107,5636820000.0,5345189000.0,310747950000.0,27216.445,301.45,4.57,3.6,0.0825,0.2595,-0.3727
2023-03-23,12729.23046875,12729.23046875,12900.099609375,12611.669921875,12735.599609375,4917460000,12624.0623046875,12390.626171875,12245.796630859375,61.39857750562798,141.27462915838078,85.25447363094423,56.02015552743654,12810.528905778974,11681.064355939776,12245.796630859375,0.9280203729806761,-0.013678990222832699,0.014235105055435904,0.0034130094817172996,-0.004888948466248211,0.026941531811941255,5520528000.0,5355333000.0,315665410000.0,27216.445,301.45,4.57,3.6,0.0,0.0,0.0
2023-03-24,12767.0498046875,12767.0498046875,12770.2802734375,12608.150390625,12700.509765625,4363650000,12673.4962890625,12484.303125,12285.6666015625,62.14905198021293,156.611446066363,99.52586811802799,57.085577948335,12880.121311456729,11691.21189166827,12285.6666015625,0.9048947675178252,0.012897122504868852,-0.013678990222832699,0.014235105055435904,0.0034130094817172996,-0.004888948466248211,4812640000.0,5351883000.0,320029060000.0,27216.445,301.45,4.57,3.6,0.1632,0.0824,0.16053
2023-03-27,12673.0703125,12673.0703125,12839.419921875,12647.9404296875,12797.900390625,4330320000,12695.58828125,12559.2931640625,12316.430615234374,59.07547754079418,159.34578533752938,111.48985156192828,47.8559337756011,12924.75243567511,11708.10879479364,12316.430615234374,0.7931340659515032,0.0029710622358787298,0.012897122504868852,-0.013678990222832699,0.014235105055435904,0.0034130094817172996,4684578000.0,5343699000.0,315698740000.0,27216.445,301.45,4.57,3.6,0.16306666666666667,0.044033333333333334,0.23451333333333327
2023-03-28,12610.5703125,12610.5703125,12654.91015625,12517.8701171875,12654.91015625,4036910000,12669.4142578125,12600.37119140625,12344.853125,57.05463819095907,154.68641256892806,120.12916376332824,34.557248805599826,12952.32908644891,11737.37716355109,12344.853125,0.7187059277755039,-0.0073610970134223574,0.0029710622358787298,0.012897122504868852,-0.013678990222832699,0.014235105055435904,4525986000.0,5278497000.0,311661830000.0,27216.445,301.45,4.57,3.6,0.1379,0.0741,0.16301
2023-03-29,12846.0302734375,12846.0302734375,12867.3203125,12734.6796875,12768.1396484375,4493540000,12725.190234375,12659.8421875,12390.226123046876,62.28847712040909,168.0562295051368,129.71457691168996,38.34165259344684,13005.439751173359,11775.012494920393,12390.226123046876,0.870443801593513,-0.004931717291772109,-0.0073610970134223574,0.0029710622358787298,0.012897122504868852,-0.013678990222832699,4428376000.0,5256797500.0,316155370000.0,27216.445,301.45,4.57,3.6,0.0703999999999999,0.0499,0.0852599999999999
2023-03-30,12963.1396484375,12963.1396484375,12987.9697265625,12894.1396484375,12934.990234375,4738880000,12771.9720703125,12698.0171875,12436.139599609374,64.59934274086075,185.9580450021076,140.9632705297735,44.994774472334115,13079.259508097573,11793.019691121175,12436.139599609374,0.9097214546405197,0.01867163459721599,-0.004931717291772109,-0.0073610970134223574,0.0029710622358787298,0.012897122504868852,4392660000.0,5228053500.0,320894250000.0,27216.445,301.45,4.57,3.6,0.137,0.1199,0.0497199999999999
2023-03-31,13181.349609375,13181.349609375,13188.830078125,12968.0,12968.9599609375,5521150000,12854.83203125,12764.16416015625,12480.6666015625,68.47561946903595,215.27156633518098,155.82492969085501,59.44663664432596,13200.195591136368,11761.137611988632,12480.6666015625,0.9869039454737405,0.009116386347162386,0.01867163459721599,-0.004931717291772109,-0.0073610970134223574,0.0029710622358787298,4624160000.0,5249000500.0,326415400000.0,27216.445,301.45,4.57,3.6,0.1509090909090909,0.0489999999999999,0.2452272727272727
2023-04-03,13148.349609375,13148.349609375,13157.4697265625,13036.5498046875,13084.099609375,4816440000,12949.887890625,12822.7380859375,12522.96005859375,67.2758801602825,233.15228457237208,171.29040066715845,61.86188390521363,13295.850043727256,11750.070073460243,12522.96005859375,0.9045786352589513,0.016833110408079444,0.009116386347162386,0.01867163459721599,-0.004931717291772109,-0.0073610970134223574,4721384000.0,5240678500.0,321598960000.0,27216.445,301.45,4.57,3.6,0.12008148148148146,0.0768148148148148,0.10972925925925926
2023-04-04,13100.080078125,13100.080078125,13204.080078125,13049.98046875,13165.3203125,4298760000,13047.78984375,12858.60205078125,12570.35556640625,65.46899553991662,240.6538273129354,185.16308599631384,55.49074131662155,13363.498604087838,11777.212528724662,12570.35556640625,0.83394008807489,-0.0025035372687883806,0.016833110408079444,0.009116386347162386,0.01867163459721599,-0.004931717291772109,4773754000.0,5184475500.0,317300200000.0,27216.445,301.45,4.57,3.6,0.0826,0.0914,-0.0221899999999999
2023-04-05,12967.2001953125,12967.2001953125,13065.2802734375,12894.4404296875,13056.7900390625,4378590000,13072.023828125,12898.60703125,12607.949072265625,60.64057403787229,233.18850601849954,194.76817000075098,38.420336017748554,13401.513655259361,11814.384489271888,12607.949072265625,0.7263527951887634,-0.0036711475344086697,-0.0025035372687883806,0.016833110408079444,0.009116386347162386,0.01867163459721599,4750764000.0,5149106500.0,312921610000.0,27216.445,301.821,4.65,3.5,0.063,0.055,-0.0039899999999999
2023-04-06,13062.599609375,13062.599609375,13078.099609375,12846.0302734375,12892.900390625,3862800000,13091.9158203125,12931.9439453125,12661.28505859375,62.7638452810604,232.29239836524175,202.27301567364916,30.019382691592597,13424.44627071755,11898.12384646995,12661.28505859375,0.7629290799937488,-0.010143440499603362,-0.0036711475344086697,-0.0025035372687883806,0.016833110408079444,0.009116386347162386,4575548000.0,5089157000.0,316784410000.0,27216.445,301.821,4.65,3.5,0.1648,0.071,0.12955
2023-04-10,13051.23046875,13051.23046875,13051.849609375,12861.51953125,12936.51953125,4334070000,13065.8919921875,12960.36201171875,12722.332568359376,62.332290016381336,228.03617290767215,207.42564712045376,20.610525787218393,13395.647059750392,12049.01807696836,12722.332568359376,0.7442379486821576,0.007356978578689999,-0.010143440499603362,-0.0036711475344086697,-0.0025035372687883806,0.016833110408079444,4338132000.0,4996185500.0,312450340000.0,27216.445,301.821,4.65,3.5,0.14961875,0.05478125,0.168345
2023-04-11,12964.150390625,12964.150390625,13049.5595703125,12947.66015625,13040.490234375,4676960000,13029.0521484375,12989.47001953125,12774.381591796875,58.98681582348013,215.15626156874896,208.9717700101128,6.184491558636154,13339.891483249266,12208.871700344484,12774.381591796875,0.6677855698869779,-0.0008703581955340489,0.007356978578689999,-0.010143440499603362,-0.0036711475344086697,-0.0025035372687883806,4310236000.0,4919959000.0,307773380000.0,27216.445,301.821,4.65,3.5,0.0328,0.0748,-0.05491
2023-04-12,12848.349609375,12848.349609375,13071.98046875,12833.3095703125,13043.9697265625,4909770000,12978.7060546875,13013.24794921875,12806.8095703125,54.776485875021116,193.37557057308186,205.85253012270664,-12.47695954962478,13303.819824714474,12309.799315910526,12806.8095703125,0.5417899215303746,-0.00667217381023999,-0.0008703581955340489,0.007356978578689999,-0.010143440499603362,-0.0036711475344086697,4432438000.0,4888791500.0,302863610000.0,27216.445,301.821,4.65,3.5,0.0698999999999999,0.188,-0.2375
2023-04-13,13109.3896484375,13109.3896484375,13124.41015625,12920.01953125,12922.900390625,4942990000,13007.1439453125,13039.58388671875,12849.713037109375,61.455389272237554,194.9309232444466,203.66820874705465,-8.737285502608046,13289.692320240712,12409.733753978038,12849.713037109375,0.7951009527994176,-0.008932384904585922,-0.00667217381023999,-0.0008703581955340489,0.007356978578689999,-0.010143440499603362,4545318000.0,4840319500.0,307806600000.0,27216.445,301.821,4.65,3.5,0.0921999999999999,0.09,0.0341099999999999
2023-04-14,13079.51953125,13079.51953125,13152.2802734375,12962.509765625,13044.6904296875,4655740000,13010.5279296875,13051.221875,12874.61953125,60.35693367139371,191.5452680034141,201.24362059832654,-9.69835259491245,13306.974239516487,12442.264822983514,12874.61953125,0.7369582151904165,0.02031700934352121,-0.008932384904585922,-0.00667217381023999,-0.0008703581955340489,0.007356978578689999,4703906000.0,4798160500.0,303150860000.0,27216.445,301.821,4.65,3.5,0.1047272727272727,0.1233636363636363,0.0189727272727272
2023-04-17,13087.7099609375,13087.7099609375,13105.6796875,12981.259765625,13053.259765625,4823180000,13017.823828125,13041.85791015625,12903.01103515625,60.565074844452866,187.36320466424695,198.46753741151065,-11.104332747263697,13311.181815598022,12494.84025471448,12903.01103515625,0.7262520183112399,-0.002278528443241501,0.02031700934352121,-0.008932384904585922,-0.00667217381023999,-0.0008703581955340489,4801728000.0,4644165000.0,307974040000.0,27216.445,301.821,4.65,3.5,0.17048571428571427,0.020166666666666666,0.2896980952380952
2023-04-18,13091.7900390625,13091.7900390625,13196.1796875,13044.2099609375,13180.3095703125,4851810000,13043.3517578125,13036.201953125,12929.47001953125,60.67583835386543,182.27694241516656,195.22941841224184,-12.952475997075283,13312.568031828016,12546.372007234486,12929.47001953125,0.7118518164034598,0.0006262026420720268,-0.002278528443241501,0.02031700934352121,-0.008932384904585922,-0.00667217381023999,4836698000.0,4638224000.0,312825850000.0,27216.445,301.821,4.65,3.5,0.1034,0.0289,0.18863
2023-04-19,13088.7099609375,13088.7099609375,13128.25,12988.2001953125,12992.509765625,4972700000,13091.423828125,13035.06494140625,12946.83349609375,60.537603090321,175.96904476371856,191.3773436825372,-15.408298918818645,13325.502033079178,12568.164959108322,12946.83349609375,0.6873359561019059,0.0003117488190964579,0.0006262026420720268,-0.002278528443241501,0.02031700934352121,-0.008932384904585922,4849284000.0,4645365500.0,307853150000.0,27216.445,301.821,4.65,3.5,0.0101,0.0192,0.01952
2023-04-20,12985.98046875,12985.98046875,13107.919921875,12933.7998046875,12962.2900390625,4590530000,13066.7419921875,13036.94296875,12967.775,55.958433774163446,160.82666922396675,185.26720879082313,-24.440539566856387,13301.71610179094,12633.833898209059,12967.775,0.5272585025508445,-0.00023526791338768227,0.0003117488190964579,0.0006262026420720268,-0.002278528443241501,0.02031700934352121,4778792000.0,4625812500.0,303262620000.0,27216.445,301.821,4.65,3.5,0.0898,0.0268,0.10078
2023-04-21,13000.76953125,13000.76953125,13030.849609375,12899.6396484375,12970.3203125,4868050000,13050.9919921875,13030.7599609375,12981.351953125,56.46892822636037,148.30995640251967,177.87575831316246,-29.56580191064279,13295.978751274426,12666.725154975575,12981.351953125,0.530858112276529,-0.007848710262057135,-0.00023526791338768227,0.0003117488190964579,0.0006262026420720268,-0.002278528443241501,4821254000.0,4623342000.0,308130670000.0,27216.445,301.821,4.65,3.5,0.1124545454545454,0.0201818181818181,0.1778272727272727
2023-04-24,12969.759765625,12969.759765625,13044.2197265625,12883.76953125,12981.7099609375,4854050000,13027.401953125,13022.612890625,12991.487451171875,55.02860715319374,134.33955956773934,169.16851856407786,-34.828958996338514,13289.67743180531,12693.29747053844,12991.487451171875,0.4635673782520795,0.0011388483553929074,-0.007848710262057135,-0.00023526791338768227,0.0003117488190964579,0.0006262026420720268,4827428000.0,4647862000.0,303276620000.0,27216.445,301.821,4.65,3.5,0.1368833333333333,0.0452,0.18292333333333333
2023-04-25,12725.1103515625,12725.1103515625,12933.2802734375,12724.240234375,12905.08984375,4806020000,12954.066015625,12998.70888671875,12994.089453125,45.22735913474652,102.34696423558671,155.80420769837963,-53.45724346279292,13281.286023741652,12706.892882508348,12994.089453125,0.03171602818069325,-0.002385225393809365,0.0011388483553929074,-0.007848710262057135,-0.00023526791338768227,0.0003117488190964579,4818270000.0,4671647000.0,298470600000.0,27216.445,301.821,4.65,3.5,0.1023,0.0238999999999999,0.13885
2023-04-26,12806.48046875,12806.48046875,12929.6201171875,12783.419921875,12866.6396484375,5281970000,12897.6201171875,12994.52197265625,13003.8849609375,48.51211684268812,82.60625685087325,141.16461752887835,-58.5583606780051,13245.79840507239,12761.971516802609,13003.8849609375,0.09199354774712974,-0.018863064427061982,-0.002385225393809365,0.0011388483553929074,-0.007848710262057135,-0.00023526791338768227,4880124000.0,4733900000.0,303752570000.0,27216.445,301.821,4.65,3.5,0.2296999999999999,0.0095,0.4042899999999999
2023-04-27,13160.0302734375,13160.0302734375,13175.6201171875,12938.5,12963.2099609375,5253710000,12932.430078125,12999.58603515625,13019.5849609375,59.79439098077411,94.40191204474831,131.81207643205235,-37.410164387304036,13259.107951770144,12780.061970104856,13019.5849609375,0.7931771017299338,0.006394452774038939,-0.018863064427061982,-0.002385225393809365,0.0011388483553929074,-0.007848710262057135,5012760000.0,4771908500.0,309006280000.0,27216.445,301.821,4.65,3.5,0.1234,0.0145999999999999,0.14733
2023-04-28,13245.990234375,13245.990234375,13247.3896484375,13096.9404296875,13139.349609375,5331380000,12981.47421875,13016.23310546875,13033.727490234374,61.97601322262577,109.42492183502509,127.3346455126469,-17.909723677621812,13291.893716465927,12775.561264002821,13033.727490234374,0.9110970424734104,0.02760710138513245,0.006394452774038939,-0.018863064427061982,-0.002385225393809365,0.0011388483553929074,5105426000.0,4801533500.0,314337660000.0,27216.445,301.821,4.65,3.5,0.1645,0.0237,0.17921
2023-05-01,13231.4697265625,13231.4697265625,13287.4697265625,13186.400390625,13229.1103515625,5168430000,13033.8162109375,13030.60908203125,13036.23349609375,61.370224894930246,118.78974743683648,125.62566589748482,-6.835918460648344,13301.313683525752,12771.153308661747,13036.23349609375,0.8682588132295476,0.006531896899280243,0.02760710138513245,0.006394452774038939,-0.018863064427061982,-0.002385225393809365,5168302000.0,4783897500.0,309169230000.0,27216.445,301.821,4.65,3.5,0.18419999999999995,0.049833333333333306,0.25949
2023-05-02,13113.66015625,13113.66015625,13241.5302734375,13046.7900390625,13225.48046875,5501410000,13111.526171875,13032.79609375,13034.4990234375,56.541340414649895,115.37521775592722,123.57557626917331,-8.200358513246087,13296.931109625802,12772.066937249198,13034.4990234375,0.6508221307125144,-0.001096219124095188,0.006531896899280243,0.02760710138513245,0.006394452774038939,-0.018863064427061982,5307380000.0,4818146000.0,303667820000.0,27216.445,301.821,4.65,3.5,0.1082,0.1189,0.00714
2023-05-03,13030.2099609375,13030.2099609375,13231.7099609375,13026.0400390625,13123.099609375,5782160000,13156.2720703125,13026.94609375,13031.005517578125,53.33970983805274,104.72820350514667,119.80610171636799,-15.077898211221324,13291.615643406303,12770.395391749948,13031.005517578125,0.4984736651384953,-0.0089037403060368,-0.001096219124095188,0.006531896899280243,0.02760710138513245,0.006394452774038939,5407418000.0,4892316000.0,297885660000.0,27216.445,301.821,4.65,3.5,0.0,0.1591,-0.34717
2023-05-04,12982.48046875,12982.48046875,13064.01953125,12938.4501953125,13014.0703125,4745780000,13120.762109375,13026.59609375,13031.76953125,51.542036278087274,91.38556101444738,114.12199357598388,-22.736432561536503,13291.680716840441,12771.858345659559,13031.76953125,0.4051809517392838,-0.006363608200775861,-0.0089037403060368,-0.001096219124095188,0.006531896899280243,0.02760710138513245,5305832000.0,4910675500.0,293139880000.0,27216.445,301.821,4.65,3.5,0.0996,0.026,0.12682
2023-05-05,13259.1298828125,13259.1298828125,13291.1103515625,13059.91015625,13070.7001953125,4574790000,13123.3900390625,13052.43212890625,13041.596044921875,59.96440248825063,101.95939196815198,111.6894732544175,-9.73008128626553,13320.57602692509,12762.61606291866,13041.596044921875,0.8898735606917463,-0.003662987191348832,-0.006363608200775861,-0.0089037403060368,-0.001096219124095188,0.006531896899280243,5154514000.0,4946275000.0,297714670000.0,27216.445,301.821,4.65,3.5,0.1655,0.0321666666666666,0.2880333333333333
2023-05-08,13291.6396484375,13291.6396484375,13302.4296875,13193.080078125,13247.08984375,4216360000,13135.4240234375,13084.6201171875,13053.61650390625,60.82606058816383,111.67517368295557,111.68661334012512,-0.011439657169546535,13354.223205185206,12753.009802627295,13053.61650390625,0.8959045881521615,0.021309441961296915,-0.003662987191348832,-0.006363608200775861,-0.0089037403060368,-0.001096219124095188,4964100000.0,4940389500.0,301931030000.0,27530.055,302.845,4.83,3.4,0.12818518518518518,0.04826666666666666,0.12684388888888887
2023-05-09,13201.1103515625,13201.1103515625,13254.8095703125,13193.8798828125,13228.6396484375,4126780000,13152.9140625,13132.2201171875,13065.464501953125,57.138194318162164,110.79289153007448,111.507868978115,-0.7149774480405142,13369.878899417481,12761.05010448877,13065.464501953125,0.7227980193105972,0.0024518777561068905,0.021309441961296915,-0.003662987191348832,-0.006363608200775861,-0.0089037403060368,4689174000.0,4912880500.0,297804250000.0,27530.055,302.845,4.83,3.4,0.0913,0.1153,0.0388499999999999
2023-05-10,13347.830078125,13347.830078125,13384.419921875,13204.7900390625,13308.41015625,4948260000,13216.4380859375,13186.355078125,13090.438525390626,61.23981385525856,120.54318550610697,113.3149322837134,7.228253222393562,13401.731584358187,12779.145466423064,13090.438525390626,0.9134232121783284,-0.006810995427914857,0.0024518777561068905,0.021309441961296915,-0.003662987191348832,-0.006363608200775861,4522394000.0,4914805000.0,302752510000.0,27530.055,302.845,4.83,3.4,0.1685,0.0353,0.26948
2023-05-11,13389.7802734375,13389.7802734375,13411.7001953125,13306.080078125,13376.849609375,4489490000,13297.898046875,13209.330078125,13104.458056640626,62.349216234298694,130.15504752928246,116.68295533282722,13.472092196455236,13443.37471852738,12765.541394753871,13104.458056640626,0.9209327083662406,0.011114195901342105,-0.006810995427914857,0.0024518777561068905,0.021309441961296915,-0.003662987191348832,4471136000.0,4892130000.0,307242000000.0,27530.055,302.845,4.83,3.4,0.0479,0.1480999999999999,-0.13963
2023-05-12,13340.1796875,13340.1796875,13427.419921875,13256.5595703125,13407.01953125,4170000000,13314.1080078125,13218.7490234375,13117.491064453125,60.156788023717674,132.2457183555107,119.79550793736392,12.450210418146767,13472.055872262337,12762.926256643912,13117.491064453125,0.814030916411058,0.00314284756900296,0.011114195901342105,-0.006810995427914857,0.0024518777561068905,0.021309441961296915,4390178000.0,4867843000.0,303072000000.0,27530.055,302.845,4.83,3.4,0.1102727272727272,0.1449090909090909,-0.0002818181818181
2023-05-15,13413.509765625,13413.509765625,13419.8095703125,13297.849609375,13352.259765625,3979290000,13338.48203125,13236.95302734375,13133.7810546875,62.269162229151824,138.22632744750808,123.48167183939276,14.744655608115323,13511.749264330887,12755.812845044115,13133.7810546875,0.8700426435353172,-0.0037043614551238724,0.00314284756900296,0.011114195901342105,-0.006810995427914857,0.0024518777561068905,4342764000.0,4825648500.0,307051290000.0,27530.055,302.845,4.83,3.4,0.07382380952380947,0.0935333333333333,-0.034873333333333305
2023-05-16,13426.009765625,13426.009765625,13498.4404296875,13384.76953125,13385.3701171875,4067510000,13383.4619140625,13268.18798828125,13150.492041015625,62.63284198833993,142.33391203585415,127.25211987868505,15.081792157169104,13549.60528927631,12751.37879275494,13150.492041015625,0.8451623390229062,0.0054969333129530895,-0.0037043614551238724,0.00314284756900296,0.011114195901342105,-0.006810995427914857,4330910000.0,4786433500.0,311118800000.0,27530.055,302.845,4.83,3.4,0.0294,0.1075,-0.17063
2023-05-17,13589.259765625,13589.259765625,13608.330078125,13419.349609375,13474.51953125,4501820000,13431.7478515625,13324.09296875,13175.51953125,67.09380126867909,156.95285822859296,133.19226754866665,23.76059067992631,13618.667757335548,12732.371305164452,13175.51953125,0.9668192379214544,0.0009318962910089823,0.0054969333129530895,-0.0037043614551238724,0.00314284756900296,0.011114195901342105,4241622000.0,4762889500.0,315620620000.0,27530.055,302.845,4.83,3.4,0.105,0.0885,0.07761
2023-05-18,13834.6201171875,13834.6201171875,13844.759765625,13606.8095703125,13608.9501953125,4532890000,13520.7158203125,13409.30693359375,13217.951513671875,72.42258015773774,186.19071752728087,143.7919575443895,42.39875998289136,13740.150452848751,12695.752574494998,13217.951513671875,1.0904537114606723,0.012159234415125564,0.0009318962910089823,0.0054969333129530895,-0.0037043614551238724,0.00314284756900296,4250302000.0,4760007500.0,320153510000.0,27530.055,302.845,4.83,3.4,0.1123,0.0466,0.14845
2023-05-19,13803.490234375,13803.490234375,13874.419921875,13763.900390625,13842.6904296875,3935780000,13613.3779296875,13463.74296875,13258.087548828125,70.85482867543192,204.49274521468578,155.93211507844876,48.56063013623702,13830.939193251024,12685.235904405226,13258.087548828125,0.9760418258869825,0.01805546113579748,0.012159234415125564,0.0009318962910089823,0.0054969333129530895,-0.0037043614551238724,4203458000.0,4713394000.0,316217730000.0,27530.055,302.845,4.83,3.4,0.008090909090909,0.1784545454545454,-0.2901
2023-05-22,13849.740234375,13849.740234375,13893.7099609375,13792.9697265625,13805.330078125,4278920000,13700.6240234375,13519.55302734375,13302.086572265625,71.83049513400081,220.19099773086236,168.7838916089315,51.407106121930866,13915.439220797407,12688.733923733844,13302.086572265625,0.9464427303121015,-0.0022501436648647566,0.01805546113579748,0.012159234415125564,0.0009318962910089823,0.0054969333129530895,4263384000.0,4684637500.0,320496650000.0,27530.055,302.845,4.83,3.4,0.10886296296296294,0.11245185185185184,0.02015296296296293
2023-05-23,13672.5400390625,13672.5400390625,13827.099609375,13662.91015625,13773.6796875,4347440000,13749.930078125,13566.69599609375,13349.458056640626,63.11301735924447,215.84527118463666,178.19616752407254,37.64910366056412,13920.036719625874,12778.879393655377,13349.458056640626,0.783117827024516,0.0033506018561033635,-0.0022501436648647566,0.01805546113579748,0.012159234415125564,0.0009318962910089823,4319370000.0,4661708500.0,316149210000.0,27530.055,302.845,4.83,3.4,0.0,0.1014,-0.14098
2023-05-24,13604.48046875,13604.48046875,13655.73046875,13520.919921875,13589.01953125,4088270000,13752.97421875,13592.36103515625,13389.358056640625,60.096268313508986,204.55147103164563,183.46722822558715,21.084242806058484,13909.435301982874,12869.280811298377,13389.358056640625,0.7068177506668345,-0.012794477897331902,0.0033506018561033635,-0.0022501436648647566,0.01805546113579748,0.012159234415125564,4236660000.0,4602023500.0,312060940000.0,27530.055,302.845,4.83,3.4,0.1564,0.0533,0.1794899999999999
2023-05-25,13938.5302734375,13938.5302734375,13986.8701171875,13812.1796875,13920.8896484375,4651640000,13773.75625,13647.23603515625,13428.283056640625,68.14466124095892,220.01982888079147,190.77774835662802,29.24208052416344,13990.885543095726,12865.680570185523,13428.283056640625,0.9534704601217536,-0.004977829292732272,-0.012794477897331902,0.0033506018561033635,-0.0022501436648647566,0.01805546113579748,4260410000.0,4571920000.0,316712580000.0,27530.055,302.845,4.83,3.4,0.1456,0.0838,0.19502
2023-05-26,14298.41015625,14298.41015625,14329.490234375,13982.16015625,13990.5498046875,4434070000,13872.740234375,13743.05908203125,13480.904052734375,74.18542295288663,258.3399309085471,204.29018486701185,54.04974604153526,14157.114625856937,12804.693479611813,13480.904052734375,1.1044759842637462,0.024554396285460856,-0.004977829292732272,-0.012794477897331902,0.0033506018561033635,-0.0022501436648647566,4360068000.0,4527054500.0,321146650000.0,27530.055,302.845,4.83,3.4,0.139076923076923,0.0867692307692307,0.1575153846153846
2023-05-30,14354.990234375,14354.990234375,14520.169921875,14301.080078125,14465.58984375,4843470000,13973.790234375,13837.20712890625,13537.080078125,74.98846892886502,289.93226857663285,221.41860160893606,68.51366696769679,14306.31520944928,12767.84494680072,13537.080078125,1.0316385867881017,0.02581906956849811,0.024554396285460856,-0.004977829292732272,-0.012794477897331902,0.0033506018561033635,4472978000.0,4510806500.0,325990120000.0,27530.055,302.845,4.83,3.4,0.06014166666666662,0.060949999999999976,-0.004270416666666674
2023-05-31,14254.08984375,14254.08984375,14375.3798828125,14216.16015625,14293.5595703125,5905760000,14090.1001953125,13920.01513671875,13594.1015625,70.76097316048647,303.330994636226,237.80108021439406,65.52991442183196,14399.409263699845,12788.793861300155,13594.1015625,0.9097739784846647,0.003957088760687677,0.02581906956849811,0.024554396285460856,-0.004977829292732272,-0.012794477897331902,4784642000.0,4531024000.0,320084360000.0,27530.055,302.845,4.83,3.4,0.1018999999999999,0.134,-0.07636
2023-06-01,14441.509765625,14441.509765625,14493.3095703125,14219.9404296875,14269.08984375,4610310000,14257.5060546875,14005.24013671875,13664.666552734376,73.72412232732171,325.3226855203957,255.3054012755944,70.01728424480129,14508.344080570096,12820.989024898656,13664.666552734376,0.9603910779059475,-0.007028941781052511,0.003957088760687677,0.02581906956849811,0.024554396285460856,-0.004977829292732272,4889050000.0,4472431500.0,324694670000.0,27530.055,302.845,4.83,3.4,0.0802,0.0293,0.11698
2023-06-02,14546.6396484375,14546.6396484375,14595.8095703125,14442.150390625,14517.080078125,4426760000,14379.1279296875,14076.44208984375,13742.87451171875,75.23990855321293,347.2316911324033,273.69065924695616,73.54103188544713,14609.954293578636,12875.794729858864,13742.87451171875,0.9634897235146425,0.013148501512860733,-0.007028941781052511,0.003957088760687677,0.02581906956849811,0.024554396285460856,4844074000.0,4456480500.0,329121430000.0,27530.055,302.845,4.83,3.4,0.119,0.1022,0.0572899999999999
2023-06-05,14556.5,14556.5,14662.9501953125,14516.8798828125,14550.1298828125,4344280000,14430.7458984375,14151.74306640625,13807.743017578125,75.38334537708415,361.22639091167,291.19780557989895,70.02858533177107,14715.603314234075,12899.882720922174,13807.743017578125,0.9123745609208144,0.007279701673764016,0.013148501512860733,-0.007028941781052511,0.003957088760687677,0.02581906956849811,4826116000.0,4444955000.0,333465710000.0,27530.055,303.334,5.06,3.6,0.1265674603174603,0.05958571428571426,0.16504269841269836
2023-06-06,14558.08984375,14558.08984375,14593.5,14476.990234375,14526.099609375,4810910000,14471.3658203125,14222.57802734375,13871.06552734375,75.4080824060866,368.20118436082157,306.5984813360835,61.60270302473805,14803.686269204542,12938.444785482958,13871.06552734375,0.8683299574891931,0.0006778439420240812,0.007279701673764016,0.013148501512860733,-0.007028941781052511,0.003957088760687677,4819604000.0,4474682500.0,338276620000.0,27530.055,303.334,5.06,3.6,0.1864,0.0,0.30936
2023-06-07,14303.2900390625,14303.2900390625,14647.91015625,14283.8798828125,14573.26953125,5270600000,14481.205859375,14285.65302734375,13926.17451171875,64.26244126294797,349.1438308845336,315.10755124577355,34.03627963876005,14821.62499717053,13030.72402626697,13926.17451171875,0.7105730766081864,0.00010921881977132841,0.0006778439420240812,0.007279701673764016,0.013148501512860733,-0.007028941781052511,4692572000.0,4531873500.0,333006020000.0,27530.055,303.334,5.06,3.6,0.023,0.0725,-0.06455
2023-06-08,14484.5400390625,14484.5400390625,14503.3095703125,14314.6904296875,14319.240234375,4280160000,14489.8119140625,14373.658984375,13983.010009765625,67.89733601076566,344.69269832180726,321.0245806609803,23.668117660826965,14868.136734917683,13097.883284613567,13983.010009765625,0.7833097312764541,-0.01750228274603549,0.00010921881977132841,0.0006778439420240812,0.007279701673764016,0.013148501512860733,4626542000.0,4498468500.0,337286180000.0,27530.055,303.334,5.06,3.6,0.0909,0.0226,0.1733499999999999
2023-06-09,14528.3603515625,14528.3603515625,14672.849609375,14487.48046875,14574.240234375,4412710000,14486.1560546875,14432.6419921875,14039.939013671876,68.72554296859917,340.77285929606114,324.9742363879965,15.798622908064658,14910.75853253011,13169.119494813642,14039.939013671876,0.7804377527797108,0.012671909714828011,-0.01750228274603549,0.00010921881977132841,0.0006778439420240812,0.007279701673764016,4623732000.0,4494629500.0,341698890000.0,27530.055,303.334,5.06,3.6,0.1414117647058823,0.0408823529411764,0.1675411764705882
2023-06-12,14784.2998046875,14784.2998046875,14789.599609375,14571.3603515625,14617.349609375,4722680000,14531.716015625,14481.23095703125,14112.14501953125,73.09196955451765,354.23513142778575,330.82641539595437,23.408716031831375,14978.132407370602,13246.157631691898,14112.14501953125,0.8880857819611458,0.0030253161220048508,0.012671909714828011,-0.01750228274603549,0.00010921881977132841,0.0006778439420240812,4699412000.0,4522263500.0,346421570000.0,27530.055,303.334,5.06,3.6,0.09858888888888888,0.059444444444444404,0.0587488888888889
2023-06-13,14900.849609375,14900.849609375,14931.830078125,14770.1396484375,14911.259765625,5522100000,14600.26796875,14535.81689453125,14186.51201171875,74.81627926792541,370.0430483558848,338.6697419879405,31.373306367944338,15055.33359258011,13317.690430857392,14186.51201171875,0.9110956802822783,0.017616540816147497,0.0030253161220048508,0.012671909714828011,-0.01750228274603549,0.00010921881977132841,4841650000.0,4599404000.0,351943670000.0,27530.055,303.334,5.06,3.6,0.1059,0.0245,0.1139699999999999
2023-06-14,15005.6904296875,15005.6904296875,15017.099609375,14784.6201171875,14894.099609375,5772550000,14740.748046875,14610.976953125,14265.496044921874,76.28825427810474,386.57452394150823,348.250698378654,38.32382556285421,15130.422208626771,13400.569881216978,14265.496044921874,0.9278945509030595,0.007883349649778326,0.017616540816147497,0.0030253161220048508,0.012671909714828011,-0.01750228274603549,4942040000.0,4684656000.0,357716220000.0,27530.055,303.334,5.06,3.6,0.0,0.0,0.0
2023-06-15,15185.48046875,15185.48046875,15246.6201171875,14930.1201171875,14949.7001953125,5667520000,14880.9361328125,14685.3740234375,14345.307080078124,78.59843509207087,409.46335238604115,360.4932291801315,48.97012320590966,15241.514508386392,13449.099651769857,14345.307080078124,0.9687382419145059,0.007035895473137321,0.007883349649778326,0.017616540816147497,0.0030253161220048508,0.012671909714828011,5219512000.0,4742941000.0,363383740000.0,27530.055,303.334,5.06,3.6,0.135,0.0344999999999999,0.2194999999999999
2023-06-16,15083.919921875,15083.919921875,15284.650390625,15073.4501953125,15272.650390625,8076530000,14992.048046875,14739.10205078125,14407.7720703125,74.2006477248272,414.6282501074147,371.32023336558814,43.30801674182658,15327.938198338137,13487.605942286862,14407.7720703125,0.8674053146323061,0.011981457294814035,0.007035895473137321,0.007883349649778326,0.017616540816147497,0.0030253161220048508,5952276000.0,4920123000.0,355307210000.0,27530.055,303.334,5.06,3.6,0.0503,0.0158,0.06132
2023-06-20,15070.150390625,15070.150390625,15127.419921875,14946.7197265625,15036.48046875,5237710000,15049.2181640625,14790.46708984375,14471.105078125,73.59937258373745,412.85128998760774,379.62644468999207,33.22484529761567,15390.512117522103,13551.698038727896,14471.105078125,0.8257780758850951,-0.006688003523102171,0.011981457294814035,0.007035895473137321,0.007883349649778326,0.017616540816147497,6055282000.0,4985219500.0,350069500000.0,27530.055,303.334,5.06,3.6,0.09745,0.036375,0.11650999999999997
2023-06-21,14867.4501953125,14867.4501953125,15038.900390625,14826.01953125,15019.009765625,5194640000,15042.53828125,14821.403125,14521.990576171875,65.22077722356998,390.5844106096956,381.8180378739328,8.766372735762843,15408.667126594777,13635.314025748972,14521.990576171875,0.6948058843869602,-0.000912861598398651,-0.006688003523102171,0.011981457294814035,0.007035895473137321,0.007883349649778326,5989790000.0,5031005500.0,344874860000.0,27530.055,303.334,5.06,3.6,0.125,0.0,0.2400699999999999
2023-06-22,15042.3203125,15042.3203125,15044.2197265625,14794.9501953125,14797.8896484375,4499550000,15049.8642578125,14895.30615234375,14590.47958984375,68.5473737961602,382.6374983871465,381.98192997657554,0.6555684105709361,15409.951771539001,13771.007408148498,14590.47958984375,0.7756900922014963,-0.013450442766556492,-0.000912861598398651,-0.006688003523102171,0.011981457294814035,0.007035895473137321,5735190000.0,5038611000.0,349374410000.0,27530.055,303.334,5.06,3.6,0.0802,0.0829,-0.0269199999999999
2023-06-23,14891.48046875,14891.48046875,14983.73046875,14821.8095703125,14879.23046875,7734500000,14991.0642578125,14936.0001953125,14654.82958984375,62.95382368890672,360.01793576677846,377.58913113461614,-17.571195367837674,15339.300715838652,13970.358463848848,14654.82958984375,0.6728713381169075,0.011761944038166883,-0.013450442766556492,-0.000912861598398651,-0.006688003523102171,0.011981457294814035,6148586000.0,5220922500.0,341639910000.0,27530.055,303.334,5.06,3.6,0.1458,0.025,0.18827
2023-06-26,14689.01953125,14689.01953125,14982.8203125,14687.01953125,14866.66015625,4430600000,14912.0841796875,14952.06611328125,14692.354052734376,56.31172400865739,322.0425576651596,366.47981644072485,-44.437258775565226,15288.005127941498,14096.702977527253,14692.354052734376,0.497200943955976,-0.010027697896092147,0.011761944038166883,-0.013450442766556492,-0.000912861598398651,-0.006688003523102171,5419400000.0,5209870500.0,337209310000.0,27530.055,303.334,5.06,3.6,0.04320000000000001,0.011099999999999999,0.05370333333333333
2023-06-27,14945.91015625,14945.91015625,14972.3095703125,14726.75,14751.5703125,5053660000,14887.2361328125,14968.2271484375,14724.729052734376,61.81662246373618,309.11246732724976,355.00634661802985,-45.89387929078009,15300.272193498113,14149.185911970639,14724.729052734376,0.692149890990031,-0.013595756172454898,-0.010027697896092147,0.011761944038166883,-0.013450442766556492,-0.000912861598398651,5382590000.0,5240850000.0,342262970000.0,27530.055,303.334,5.06,3.6,0.1601,0.036,0.2102
2023-06-28,14964.5703125,14964.5703125,15051.080078125,14865.8095703125,14876.25,4533270000,14906.66015625,14974.59921875,14755.208056640626,62.189314965226686,296.94796494196817,343.3946702828175,-46.44670534084935,15312.584372905681,14197.83174037557,14755.208056640626,0.6878105058915114,0.017488616204334173,-0.013595756172454898,-0.010027697896092147,0.011761944038166883,-0.013450442766556492,5250316000.0,5225340000.0,346796240000.0,27530.055,303.334,5.06,3.6,0.0371,0.0196,0.03818
2023-06-29,14939.9501953125,14939.9501953125,14986.8896484375,14876.9404296875,14965.5498046875,4388140000,14886.1861328125,14968.0251953125,14789.50107421875,61.338627776256885,282.0693515602852,331.12960653831107,-49.06025497802585,15299.437019339784,14279.565129097715,14789.50107421875,0.647517666221824,0.001248512539880231,0.017488616204334173,-0.013595756172454898,-0.010027697896092147,0.011761944038166883,5228034000.0,5149459000.0,342408100000.0,27530.055,303.334,5.06,3.6,0.1488999999999999,0.0224,0.23231
2023-06-30,15179.2099609375,15179.2099609375,15213.75,15081.5703125,15085.240234375,4661120000,14943.73203125,14967.39814453125,14826.386083984375,66.18022906472072,286.284101848878,322.1605056004245,-35.87640375154649,15337.057398653576,14315.714769315173,14826.386083984375,0.8454510433797074,-0.0016452271380578143,0.001248512539880231,0.017488616204334173,-0.013595756172454898,-0.010027697896092147,4613358000.0,5151999500.0,347069220000.0,27530.055,303.334,5.06,3.6,0.1395,0.0187,0.26195
2023-07-03,15208.6904296875,15208.6904296875,15232.9599609375,15153.599609375,15190.5400390625,2902300000,15047.6662109375,14979.8751953125,14859.488623046875,66.73303704898021,288.6754780510655,315.4635000905527,-26.788022039487203,15379.551907236097,14339.425338857653,14859.488623046875,0.8357301094471902,0.01601476326876039,-0.0016452271380578143,0.001248512539880231,0.017488616204334173,-0.013595756172454898,4307698000.0,5075776500.0,349971520000.0,27530.055,303.334,5.06,3.6,0.17093333333333335,0.0317,0.27058333333333334
2023-07-05,15203.7802734375,15203.7802734375,15275.1796875,15162.66015625,15165.3603515625,5339340000,15099.240234375,14993.23818359375,14891.85263671875,66.53795437437569,286.8676209809728,309.7443242686367,-22.87670328766393,15413.085727345757,14370.619546091742,14891.85263671875,0.7992208690583353,0.0019421609442036303,0.01601476326876039,-0.0016452271380578143,0.001248512539880231,0.017488616204334173,4364834000.0,5125529500.0,344632180000.0,27530.055,303.334,5.06,3.6,0.0956,0.0322,0.10228999999999995
2023-07-06,15089.4501953125,15089.4501953125,15106.4501953125,14969.1396484375,15054.099609375,6113080000,15124.2162109375,15015.43818359375,14918.420654296875,61.99357710752208,273.0617139561873,302.40780220614687,-29.346088249959564,15421.8883540214,14414.95295457235,14918.420654296875,0.6698515526509495,-0.0003228520083764508,0.0019421609442036303,0.01601476326876039,-0.0016452271380578143,0.001248512539880231,4680796000.0,5190638000.0,338519100000.0,27530.055,304.014,5.08,3.6,0.0960999999999999,0.0687,0.04313
2023-07-07,15036.849609375,15036.849609375,15210.6298828125,15032.5595703125,15070.5,5098120000,15143.59609375,15014.89111328125,14955.0986328125,59.96443056373888,254.93724759182624,292.9136912832828,-37.97644369145655,15368.750648681791,14541.446616943209,14955.0986328125,0.5988161225211245,-0.007519845464009078,-0.0003228520083764508,0.0019421609442036303,0.01601476326876039,-0.0016452271380578143,4822792000.0,5182014000.0,333420980000.0,27530.055,304.014,5.08,3.6,0.0138,0.1777,-0.31504
2023-07-10,15045.6396484375,15045.6396484375,15066.4404296875,14924.6396484375,15031.9501953125,5275390000,15116.88203125,15030.30703125,14983.15361328125,60.19887877808301,238.53309902539695,282.03757283170563,-43.50447380630868,15333.730161084812,14632.57706547769,14983.15361328125,0.5891189606774012,-0.003485917992813281,-0.007519845464009078,-0.0003228520083764508,0.0019421609442036303,0.01601476326876039,4945646000.0,5231775500.0,338696370000.0,27530.055,304.014,5.08,3.6,0.07456666666666663,0.027433333333333334,0.09579
2023-07-11,15119.0595703125,15119.0595703125,15135.2900390625,14974.16015625,15068.1298828125,4840950000,15098.955859375,15073.31103515625,15012.68857421875,62.190512653703415,228.819379824914,271.3939342303473,-42.57455440543333,15294.778832369557,14730.598316067943,15012.68857421875,0.688540711740715,0.0005845665342705253,-0.003485917992813281,-0.007519845464009078,-0.0003228520083764508,0.0019421609442036303,5333376000.0,5253187500.0,343537320000.0,27530.055,304.014,5.08,3.6,0.1941,0.0237999999999999,0.32867
2023-07-12,15307.23046875,15307.23046875,15364.08984375,15209.7099609375,15279.349609375,5230620000,15119.6458984375,15109.44306640625,15038.835107421875,66.77881976635877,233.61207172467766,263.8375617292134,-30.225490004535743,15328.626870734144,14749.043344109607,15038.835107421875,0.9630831433240423,0.004879813925533272,0.0005845665342705253,-0.003485917992813281,-0.007519845464009078,-0.0003228520083764508,5311632000.0,5278584500.0,348767940000.0,27530.055,304.014,5.08,3.6,0.056,0.0,0.1156199999999999
2023-07-13,15571.98046875,15571.98046875,15602.740234375,15420.7099609375,15432.48046875,5183560000,15216.151953125,15170.18408203125,15072.391650390626,71.93858006884655,255.82444205384127,262.234937794139,-6.410495740297733,15439.910976344752,14704.8723244365,15072.391650390626,1.1796769354405767,0.012445939349758905,0.004879813925533272,0.0005845665342705253,-0.003485917992813281,-0.007519845464009078,5125728000.0,5261657500.0,353951500000.0,27530.055,304.014,5.08,3.6,0.1315,0.0237999999999999,0.15326
2023-07-14,15565.599609375,15565.599609375,15720.0595703125,15531.0,15610.0,5366890000,15321.901953125,15232.7490234375,15100.387109375,71.64974030699942,269.802903620237,263.7485309593586,6.054372660878357,15527.054682304106,14673.719536445895,15100.387109375,1.0451697404682998,0.017295747949996,0.012445939349758905,0.004879813925533272,0.0005845665342705253,-0.003485917992813281,5179482000.0,5241374500.0,348584610000.0,27530.055,304.014,5.08,3.6,0.1374,0.0829999999999999,0.0942
2023-07-17,15713.2802734375,15713.2802734375,15745.669921875,15576.509765625,15608.2802734375,4593160000,15455.430078125,15286.1560546875,15126.777099609375,74.22878656082545,289.4608064978074,268.8909860670484,20.569820430759023,15633.403361432504,14620.150837786246,15126.777099609375,1.078832186588151,-0.0004097654365676773,0.017295747949996,0.012445939349758905,0.004879813925533272,0.0005845665342705253,5043036000.0,5187656500.0,353177770000.0,27530.055,304.014,5.08,3.6,0.08163333333333334,0.0458333333333333,0.08844666666666669
2023-07-18,15841.349609375,15841.349609375,15895.6796875,15607.7099609375,15671.7197265625,4824070000,15599.8880859375,15349.42197265625,15164.648583984375,76.24682726187679,311.7799559895193,277.4687800515426,34.311175937976714,15762.764124839015,14566.533043129735,15164.648583984375,1.0656942339465838,0.00948763091487681,-0.0004097654365676773,0.017295747949996,0.012445939349758905,0.004879813925533272,5039660000.0,5025033500.0,358001840000.0,27530.055,304.014,5.08,3.6,0.103,0.0368,0.1289499999999999
2023-07-19,15826.349609375,15826.349609375,15932.0498046875,15781.9599609375,15888.16015625,5112420000,15703.7119140625,15411.67890625,15202.458544921876,75.50110153527936,324.51683999596753,286.87839204042757,37.63844795553996,15867.305488374854,14537.611601468898,15202.458544921876,0.9691990168540571,0.008150388315417256,0.00948763091487681,-0.0004097654365676773,0.017295747949996,0.012445939349758905,5016020000.0,5018769000.0,352889420000.0,27530.055,304.014,5.08,3.6,0.0854999999999999,0.0290999999999999,0.10052
2023-07-20,15466.08984375,15466.08984375,15771.83984375,15429.8701171875,15717.669921875,5128020000,15682.5337890625,15449.34287109375,15232.39052734375,60.257778526967115,302.05901180305955,289.91451599295397,12.144495810105582,15887.564963339937,14577.216091347564,15232.39052734375,0.6783489278324115,-0.0009468890195518664,0.008150388315417256,0.00948763091487681,-0.0004097654365676773,0.017295747949996,5004912000.0,5015438000.0,347761400000.0,27530.055,304.014,5.08,3.6,0.0403,0.0626,-0.07252
2023-07-21,15425.669921875,15425.669921875,15600.5400390625,15410.5703125,15554.9501953125,5254180000,15654.5478515625,15488.22490234375,15251.5580078125,58.8228288786701,277.7971980914863,287.49105241266045,-9.693854321174172,15905.748824036005,14597.367191588995,15251.5580078125,0.6330742573455924,-0.022763288725253128,-0.0009468890195518664,0.008150388315417256,0.00948763091487681,-0.0004097654365676773,4982370000.0,5053169500.0,342507220000.0,27530.055,304.014,5.08,3.6,0.2301,0.0,0.50803
2023-07-24,15448.01953125,15448.01953125,15504.669921875,15374.66015625,15475.150390625,4083070000,15601.495703125,15528.462890625,15279.3849609375,59.39856578631894,257.4057493719756,281.4739918045235,-24.06824243254789,15916.201256649014,14642.568665225985,15279.3849609375,0.6324044088131299,-0.002613454485481004,-0.022763288725253128,-0.0009468890195518664,0.008150388315417256,0.00948763091487681,4880352000.0,4870598000.0,346590290000.0,27530.055,304.014,5.08,3.6,0.16,0.0,0.30737
2023-07-25,15561.419921875,15561.419921875,15622.6904296875,15482.0400390625,15483.0595703125,3812470000,15545.509765625,15572.69892578125,15323.00498046875,62.28036884440133,247.54232926412988,274.6876592964448,-27.145330032314916,15906.866802683651,14739.143158253848,15323.00498046875,0.7041706893095137,0.001448858266006825,-0.002613454485481004,-0.022763288725253128,-0.0009468890195518664,0.008150388315417256,4678032000.0,4839691500.0,350402760000.0,27530.055,304.014,5.08,3.6,0.099,0.0361999999999999,0.11884
2023-07-26,15499.259765625,15499.259765625,15571.16015625,15411.91015625,15514.0400390625,4322000000,15480.091796875,15591.90185546875,15350.6724609375,59.775813414328184,232.03493831907508,266.1571151009709,-34.1221767818958,15911.2745683877,14790.0703534873,15350.6724609375,0.6325247467970853,0.007340772090273395,0.001448858266006825,-0.002613454485481004,-0.022763288725253128,-0.0009468890195518664,4519948000.0,4803108500.0,346080760000.0,27530.055,304.014,5.08,3.6,0.1463,0.0683999999999999,0.26248
2023-07-27,15464.9296875,15464.9296875,15795.509765625,15416.0498046875,15734.0302734375,5115840000,15479.859765625,15581.19677734375,15375.6904296875,58.3794864653929,214.5024185166094,255.8261757840986,-41.32375726748921,15907.671197692629,14843.709661682371,15375.6904296875,0.5838745150009254,-0.0039945041366450385,0.007340772090273395,0.001448858266006825,-0.002613454485481004,-0.022763288725253128,4517512000.0,4832237000.0,340964920000.0,27530.055,304.014,5.08,3.6,0.0758,0.0317,0.07386
2023-07-28,15750.9296875,15750.9296875,15788.48046875,15617.75,15630.169921875,4453520000,15544.91171875,15599.72978515625,15416.239404296875,65.5907690764337,221.1364566369939,248.88823195467768,-27.75177531768378,15931.749854477921,14900.72895411583,15416.239404296875,0.824620270147368,-0.0022149495294697674,-0.0039945041366450385,0.007340772090273395,0.001448858266006825,-0.002613454485481004,4357380000.0,4835506000.0,345418440000.0,27530.055,304.014,5.08,3.6,0.1197999999999999,0.0142999999999999,0.20341
2023-07-31,15757.0,15757.0,15803.5498046875,15702.740234375,15774.2998046875,4934440000,15606.7078125,15604.1017578125,15445.12890625,65.72650449318074,224.29823272405338,243.97023210855284,-19.671999384499458,15969.394834205319,14920.862978294681,15445.12890625,0.7974359739210245,0.01849345621216547,-0.0022149495294697674,-0.0039945041366450385,0.007340772090273395,0.001448858266006825,4527654000.0,4849172000.0,350352880000.0,27530.055,304.014,5.08,3.6,0.1443,0.0195,0.2397233333333333
2023-08-01,15718.009765625,15718.009765625,15748.4296875,15636.5703125,15696.98046875,4633770000,15638.02578125,15591.7677734375,15470.594873046875,63.98069579254813,221.10897041791395,239.39797977042508,-18.28900935251113,15995.982073857977,14945.207672235774,15470.594873046875,0.735459573621285,0.00038539391772007825,0.01849345621216547,-0.0022149495294697674,-0.0039945041366450385,0.007340772090273395,4691914000.0,4935745500.0,345719110000.0,27530.055,304.014,5.08,3.6,0.0777,0.054,0.0809999999999999
2023-08-02,15370.740234375,15370.740234375,15561.3603515625,15321.4404296875,15561.150390625,5481960000,15612.321875,15546.2068359375,15478.94287109375,50.98989904024089,188.38808753797093,229.19600132393427,-40.807913785963336,15991.631914648131,14966.253827539369,15478.94287109375,0.39447537637180563,-0.0024744706717649834,0.00038539391772007825,0.01849345621216547,-0.0022149495294697674,-0.0039945041366450385,4923906000.0,4942876500.0,340237150000.0,27530.055,304.014,5.08,3.6,0.0493,0.0718,-0.0327299999999999
2023-08-03,15353.5400390625,15353.5400390625,15436.58984375,15270.7197265625,15287.76953125,6036970000,15590.0439453125,15534.95185546875,15492.14736328125,50.443582769429575,159.23310004256928,215.20342106766128,-55.970321025092005,15975.354176707851,15008.94054985465,15492.14736328125,0.35657556933455287,-0.022093734284951982,-0.0024744706717649834,0.00038539391772007825,0.01849345621216547,-0.0022149495294697674,5108132000.0,4939071000.0,334200180000.0,27530.055,304.014,5.08,3.6,0.0909,0.0399,0.09925
2023-08-04,15274.919921875,15274.919921875,15523.3095703125,15258.6904296875,15420.740234375,5349450000,15494.8419921875,15519.87685546875,15504.05087890625,47.916441430039974,128.30456088970277,197.8236490320696,-69.51908814236683,15950.352584618313,15057.749173194186,15504.05087890625,0.24330037943090885,-0.0011190219241382637,-0.022093734284951982,-0.0024744706717649834,0.00038539391772007825,0.01849345621216547,5287318000.0,4951637500.0,328850730000.0,27530.055,304.014,5.08,3.6,0.1062,0.0846,0.0418799999999999
2023-08-07,15407.849609375,15407.849609375,15410.849609375,15258.919921875,15355.6201171875,4892330000,15425.0119140625,15515.85986328125,15522.161376953125,52.27040082752191,113.21471684241806,180.9018625941393,-67.68714575172123,15916.511951609613,15127.810802296637,15522.161376953125,0.35506326740147387,-0.005120650806750393,-0.0011190219241382637,-0.022093734284951982,-0.0024744706717649834,0.00038539391772007825,5278896000.0,4932484500.0,333743060000.0,28074.846,304.609,5.12,3.5,0.05942727272727266,0.08822727272727267,-0.05566696969696963
2023-08-08,15273.0498046875,15273.0498046875,15295.7998046875,15148.25,15279.41015625,5284550000,15336.019921875,15487.0228515625,15529.860888671876,47.89769462399148,89.34873247882024,162.59123657107548,-73.24250409225525,15896.083036966455,15163.638740377297,15529.860888671876,0.1493780002379811,0.008702480155698522,-0.005120650806750393,-0.0011190219241382637,-0.022093734284951982,-0.0024744706717649834,5409052000.0,4954664500.0,328458510000.0,28074.846,304.609,5.12,3.5,0.1001,0.107,-0.0119599999999999
2023-08-09,15101.7099609375,15101.7099609375,15288.759765625,15077.91015625,15286.990234375,5591360000,15282.2138671875,15447.26787109375,15519.58486328125,42.976410955042006,55.9639568238199,141.26578062162437,-85.30182379780447,15921.86798513784,15117.30174142466,15519.58486328125,-0.019379113415450355,-0.008748774689849026,0.008702480155698522,-0.005120650806750393,-0.0011190219241382637,-0.022093734284951982,5430932000.0,4972701500.0,322867150000.0,28074.846,304.609,5.12,3.5,0.0326,0.1155,-0.1273
2023-08-10,15128.83984375,15128.83984375,15366.2900390625,15072.490234375,15217.2900390625,5299080000,15237.273828125,15413.65888671875,15497.42783203125,43.95827091349333,31.33423484755258,119.27947146681002,-87.94523661925744,15934.84087620431,15060.01478785819,15497.42783203125,0.07867284344700483,-0.011218443332608907,-0.008748774689849026,0.008702480155698522,-0.005120650806750393,-0.0011190219241382637,5283354000.0,4978477500.0,328166230000.0,28074.846,304.609,5.12,3.5,0.049,0.0172,0.0228799999999999
2023-08-11,15028.0703125,15028.0703125,15102.5302734375,14973.669921875,15010.51953125,4638880000,15187.90390625,15341.37294921875,15470.5513671875,41.12573955934732,3.6417637425274734,96.15192992195352,-92.51016617942605,15953.964782049357,14987.137952325642,15470.5513671875,0.042336806257285094,0.0017964775434486935,-0.011218443332608907,-0.008748774689849026,0.008702480155698522,-0.005120650806750393,5141240000.0,4942077000.0,323527350000.0,28074.846,304.609,5.12,3.5,0.0937272727272727,0.0388181818181818,0.0758181818181818
2023-08-14,15205.58984375,15205.58984375,15206.259765625,14972.009765625,14988.419921875,4272020000,15147.451953125,15286.23193359375,15445.166845703125,47.538913155053756,-3.9350161259972083,76.13454071236339,-80.0695568383606,15928.231693540807,14962.101997865442,15445.166845703125,0.25202397460141174,-0.006660757354215119,0.0017964775434486935,-0.011218443332608907,-0.008748774689849026,0.008702480155698522,5017178000.0,4926020000.0,327799370000.0,28074.846,304.609,5.12,3.5,0.11264444444444444,0.08738888888888886,0.05947333333333333
2023-08-15,15037.650390625,15037.650390625,15192.8798828125,15014.3603515625,15172.080078125,4473320000,15100.3720703125,15218.19599609375,15404.981884765624,42.79012927319067,-23.22327563266481,56.262977443357755,-79.48625307602256,15882.967258137061,14926.996511394187,15404.981884765624,0.11575027751406211,0.011812529989452036,-0.006660757354215119,0.0017964775434486935,-0.011218443332608907,-0.008748774689849026,4854932000.0,4908482500.0,323326050000.0,28074.846,304.609,5.12,3.5,0.0346999999999999,0.0573,-0.07155
2023-08-16,14876.4697265625,14876.4697265625,15077.0498046875,14874.01953125,15021.6298828125,6243760000,15055.3240234375,15168.7689453125,15357.487890625,38.78562434120275,-50.92822393908318,34.82473716686957,-85.75296110595275,15847.792486379058,14867.183294870942,15357.487890625,0.009470063886793103,-0.011044586553413338,0.011812529989452036,-0.006660757354215119,0.0017964775434486935,-0.011218443332608907,4985412000.0,4965049500.0,317082290000.0,28074.846,304.609,5.12,3.5,0.0637,0.0593999999999999,0.0066
2023-08-17,14715.8095703125,14715.8095703125,14949.580078125,14698.2900390625,14943.33984375,5280180000,14972.71796875,15104.9958984375,15319.973876953125,35.24497906271624,-84.87019619979219,10.885750493537216,-95.7559466933294,15884.486520424309,14755.461233481941,15319.973876953125,-0.0351202613688362,-0.0107184739554117,-0.011044586553413338,0.011812529989452036,-0.006660757354215119,0.0017964775434486935,4981632000.0,4972657500.0,311802110000.0,28074.846,304.609,5.12,3.5,0.0205,0.1704999999999999,-0.26332
2023-08-18,14694.83984375,14694.83984375,14744.5703125,14557.830078125,14589.7099609375,4801910000,14906.071875,15046.987890625,15283.432373046875,34.798459067855745,-112.16852648653185,-13.725104902476598,-98.44342158405524,15910.30754192426,14656.55720416949,15283.432373046875,0.0305344999141269,-0.010799615715490263,-0.0107184739554117,-0.011044586553413338,0.011812529989452036,-0.006660757354215119,5014238000.0,4950044000.0,307000200000.0,28074.846,304.609,5.12,3.5,0.0849,0.0828,0.0404399999999999
2023-08-21,14936.6904296875,14936.6904296875,14958.8701171875,14739.3701171875,14762.009765625,4363070000,14852.2919921875,14999.87197265625,15257.86591796875,43.66335592295534,-112.98490915507136,-33.57706575299555,-79.40784340207581,15898.044747847847,14617.687088089651,15257.86591796875,0.24915174222341482,-0.0014249794727436704,-0.010799615715490263,-0.0107184739554117,-0.011044586553413338,0.011812529989452036,5032448000.0,4964044000.0,311363270000.0,28074.846,304.609,5.12,3.5,0.08723333333333333,0.0559,0.10250666666666669
2023-08-22,14908.9599609375,14908.9599609375,15037.7900390625,14883.98046875,15035.0703125,4282430000,14826.55390625,14963.46298828125,15225.242919921875,42.94241930358703,-114.54906505885447,-49.77146561416733,-64.77759944468713,15866.785890727593,14583.699949116157,15225.242919921875,0.2534982274163544,0.01645819815044547,-0.0014249794727436704,-0.010799615715490263,-0.0107184739554117,-0.011044586553413338,4994270000.0,4987542000.0,307080840000.0,28074.846,304.609,5.12,3.5,0.1375,0.112,0.01268
2023-08-23,15148.0595703125,15148.0595703125,15188.8603515625,14947.580078125,14947.580078125,4127850000,14880.871875,14968.09794921875,15207.68291015625,50.52734802631001,-95.39566776770153,-58.89630604487417,-36.49936172282735,15836.750311778356,14578.615508534145,15207.68291015625,0.4526097365004078,-0.0018565336732750959,0.01645819815044547,-0.0014249794727436704,-0.010799615715490263,-0.0107184739554117,4571088000.0,4977834500.0,311208690000.0,28074.846,304.609,5.12,3.5,0.0566,0.0245,0.03644
2023-08-24,14816.4404296875,14816.4404296875,15279.240234375,14814.830078125,15278.9296875,4383820000,14900.998046875,14936.8580078125,15175.258447265625,42.15684338589521,-105.7562632416666,-68.26829748423266,-37.48796575743394,15815.252754504572,14535.264140026678,15175.258447265625,0.21967093025707352,0.016037309778915265,-0.0018565336732750959,0.01645819815044547,-0.0014249794727436704,-0.010799615715490263,4391816000.0,4941233500.0,306824870000.0,28074.846,304.609,5.12,3.5,0.0572,0.039,0.0172899999999999
2023-08-25,14941.830078125,14941.830078125,15001.2900390625,14715.3603515625,14858.9296875,3970060000,14950.39609375,14928.233984375,15134.803466796875,45.812229031921085,-102.6657462790572,-75.14778724319757,-27.517959035859633,15721.663928281972,14547.943005311778,15134.803466796875,0.33558835418598454,-0.02189185612095923,0.016037309778915265,-0.0018565336732750959,0.01645819815044547,-0.0014249794727436704,4225446000.0,4917060500.0,310794930000.0,28074.846,304.609,5.12,3.5,0.0936,0.025,0.10794
2023-08-28,15052.4599609375,15052.4599609375,15086.23046875,14948.919921875,15035.48046875,3666680000,14973.55,14912.92099609375,15099.57646484375,48.88163026168791,-90.24924522896072,-78.1680788403502,-12.081166388610512,15608.601911349442,14590.55101833806,15099.57646484375,0.45371891107832474,0.008462872646945563,-0.02189185612095923,0.016037309778915265,-0.0018565336732750959,0.01645819815044547,4086168000.0,4853672500.0,314461610000.0,28074.846,304.609,5.12,3.5,0.12996666666666665,0.016533333333333334,0.21080749999999995
2023-08-29,15376.5498046875,15376.5498046875,15391.5595703125,15034.5400390625,15043.01953125,4748180000,15067.06796875,14946.8109375,15082.503466796876,56.63165180636582,-53.63941504465038,-73.26234608121024,19.622931036559862,15522.403584138565,14642.603349455187,15082.503466796876,0.8342194356159105,0.007404038342964547,0.008462872646945563,-0.02189185612095923,0.016037309778915265,-0.0018565336732750959,4179318000.0,4859393000.0,319209790000.0,28074.846,304.609,5.12,3.5,0.2067,0.0,0.3778
2023-08-30,15462.4296875,15462.4296875,15484.830078125,15341.9404296875,15386.669921875,4364600000,15129.9419921875,15005.40693359375,15087.087939453126,58.43017013107935,-17.494407410424174,-62.10875834705303,44.61435093662886,15541.313871893199,14632.862007013053,15087.087939453126,0.9131663575773428,0.021530689640832268,0.007404038342964547,0.008462872646945563,-0.02189185612095923,0.016037309778915265,4226668000.0,4803525000.0,323574390000.0,28074.846,304.609,5.12,3.5,0.1835,0.04,0.25343
2023-08-31,15501.0703125,15501.0703125,15575.009765625,15466.41015625,15475.4296875,4568610000,15266.86796875,15083.9330078125,15094.464453125,59.249044291258535,14.106140250698445,-46.86577862750274,60.97191887820119,15571.146431146153,14617.782475103846,15094.464453125,0.9264959429166384,0.005585120453114989,0.021530689640832268,0.007404038342964547,0.008462872646945563,-0.02189185612095923,4263626000.0,4730107000.0,328143000000.0,28074.846,304.609,5.12,3.5,0.0649,0.094,-0.03965
2023-09-01,15490.8603515625,15490.8603515625,15618.849609375,15429.3603515625,15600.9501953125,4033960000,15376.6740234375,15163.53505859375,15105.261474609375,58.91878327636011,37.88918053433372,-29.914786795135452,67.80396732946917,15608.211955052604,14602.310994166146,15105.261474609375,0.8833368213639173,0.002499000854389477,0.005585120453114989,0.021530689640832268,0.007404038342964547,0.008462872646945563,4276406000.0,4664332500.0,324109040000.0,28074.846,304.609,5.12,3.5,0.235,0.0134,0.42324
2023-09-05,15508.240234375,15508.240234375,15556.849609375,15419.9599609375,15460.51953125,4379790000,15467.830078125,15220.6900390625,15110.281005859375,59.334321928416095,57.47726051898462,-12.436377332311437,69.91363785129606,15627.741305905416,14592.820705813334,15110.281005859375,0.8845311693285616,-0.0006586616750758889,0.002499000854389477,0.005585120453114989,0.021530689640832268,0.007404038342964547,4419028000.0,4638705500.0,328488830000.0,28074.846,306.082,5.33,3.7,0.10043333333333332,0.06022499999999997,0.09094083333333339
2023-09-06,15371.4404296875,15371.4404296875,15487.0,15289.48046875,15467.3203125,4215320000,15466.808203125,15266.9380859375,15115.200537109375,54.64865987900515,61.25623038352205,2.3021442108552614,58.95408617266679,15640.980368380713,14589.420705838036,15115.200537109375,0.7436760382749333,0.0011219443218817293,-0.0006586616750758889,0.002499000854389477,0.005585120453114989,0.021530689640832268,4312456000.0,4585244000.0,324273510000.0,28074.846,306.082,5.33,3.7,0.1173999999999999,0.1138,0.0619699999999999
2023-09-07,15258.51953125,15258.51953125,15288.2001953125,15138.73046875,15174.2197265625,4320830000,15426.026171875,15277.98408203125,15123.041015625,51.063958461328085,54.51095014125349,12.743905396934908,41.76704474431858,15652.63667538711,14593.44535586289,15123.041015625,0.6279075018154944,-0.00882110430455385,0.0011219443218817293,-0.0006586616750758889,0.002499000854389477,0.005585120453114989,4303702000.0,4521717500.0,319952680000.0,28074.846,306.082,5.33,3.7,0.1015,0.0931,-0.0305699999999999
2023-09-08,15280.23046875,15280.23046875,15374.2197265625,15244.0595703125,15265.5703125,4160360000,15381.858203125,15324.3630859375,15130.610546875,51.71969951049168,50.33690564783865,20.262505447115657,30.07440020072299,15664.862382856145,14596.358710893854,15130.610546875,0.6400275224138687,-0.007346149435638494,-0.00882110430455385,0.0011219443218817293,-0.0006586616750758889,0.002499000854389477,4222052000.0,4464781500.0,324113040000.0,28074.846,306.082,5.33,3.7,0.1052999999999999,0.1052999999999999,-0.03482
2023-09-11,15461.8701171875,15461.8701171875,15482.83984375,15328.349609375,15409.76953125,4538870000,15376.06015625,15376.36708984375,15152.300537109375,56.92072176781826,60.98277544262419,28.406559446217365,32.57621599640682,15703.963698050791,14600.637376167959,15152.300537109375,0.7805784416978676,0.0014228731336309863,-0.007346149435638494,-0.00882110430455385,0.0011219443218817293,-0.0006586616750758889,4323034000.0,4459781000.0,328651910000.0,28074.846,306.082,5.33,3.7,0.09276666666666662,0.045290476190476166,0.11366142857142857
2023-09-12,15289.740234375,15289.740234375,15447.849609375,15278.8798828125,15390.58984375,4595490000,15332.36015625,15400.0951171875,15156.508056640625,51.28277969932475,54.89743747409193,33.70473505179228,21.192702422299654,15711.158066852759,14601.858046428491,15156.508056640625,0.6201047284605823,0.011887232251436064,0.0014228731336309863,-0.007346149435638494,-0.00882110430455385,0.0011219443218817293,4366174000.0,4475954500.0,324056420000.0,28074.846,306.082,5.33,3.7,0.0751,0.1096,-0.10298
2023-09-13,15348.5302734375,15348.5302734375,15414.6103515625,15256.599609375,15293.26953125,4840310000,15327.778125,15397.2931640625,15172.05205078125,52.99525406551738,54.19391440431173,37.80257092229617,16.391343482015557,15730.091302858613,14614.012798703889,15172.05205078125,0.6581234850409624,-0.011132539693316845,0.011887232251436064,0.0014228731336309863,-0.007346149435638494,-0.00882110430455385,4491172000.0,4494304000.0,328896730000.0,28074.846,306.082,5.33,3.7,0.0535,0.0289,0.05667
2023-09-14,15473.8896484375,15473.8896484375,15512.8203125,15337.1796875,15433.009765625,4649010000,15370.8521484375,15398.43916015625,15201.923046875,56.506069417191156,63.025304712555226,42.847117680347985,20.17818703220724,15757.294630287726,14646.551463462272,15201.923046875,0.7448510237877867,0.0038450646094252416,-0.011132539693316845,0.011887232251436064,0.0014228731336309863,-0.007346149435638494,4556808000.0,4414566500.0,333545740000.0,28074.846,306.082,5.33,3.7,0.1204,0.0,0.21349
2023-09-15,15202.400390625,15202.400390625,15435.4501953125,15173.7099609375,15425.9501953125,8162210000,15355.2861328125,15368.57216796875,15226.252587890625,48.12305875881536,47.56898533126514,43.79149121053142,3.7774941207337207,15732.411282338991,14720.09389344226,15226.252587890625,0.4764380247467442,0.008167516548274856,0.0038450646094252416,-0.011132539693316845,0.011887232251436064,0.0014228731336309863,5357178000.0,4558668000.0,325383530000.0,28074.846,306.082,5.33,3.7,0.0373,0.1252,-0.14573
2023-09-18,15225.3701171875,15225.3701171875,15268.9599609375,15155.4599609375,15161.169921875,4855880000,15307.9861328125,15342.02314453125,15252.7791015625,48.81494697743756,36.74957955511127,42.38310887944739,-5.6335293243361235,15692.98530190735,14812.57290121765,15252.7791015625,0.46886801645055315,-0.0175449912065202,0.008167516548274856,0.0038450646094252416,-0.011132539693316845,0.011887232251436064,5420580000.0,4561366500.0,330239410000.0,28074.846,306.082,5.33,3.7,0.10973333333333331,0.022266666666666667,0.18330666666666662
2023-09-19,15191.23046875,15191.23046875,15219.919921875,15069.41015625,15152.5302734375,4453460000,15288.2841796875,15310.32216796875,15265.506103515625,47.794645026115134,25.13064775193925,38.932616653945765,-13.801968902006514,15681.273947021393,14849.738260009857,15265.506103515625,0.41067655191978,0.001510927614869706,-0.0175449912065202,0.008167516548274856,0.0038450646094252416,-0.011132539693316845,5392174000.0,4565886000.0,325785950000.0,28074.846,306.082,5.33,3.7,0.018,0.0368,-0.04404
2023-09-20,14969.919921875,14969.919921875,15245.1904296875,14967.599609375,15225.33984375,4782440000,15212.562109375,15270.1701171875,15268.5541015625,41.708672189405284,-1.9132956935864058,30.763434184439333,-32.67672987802574,15674.084035999558,14863.024167125443,15268.5541015625,0.13179761303927703,-0.002242286931268822,0.001510927614869706,-0.0175449912065202,0.008167516548274856,0.0038450646094252416,5380600000.0,4590886500.0,321003510000.0,28074.846,306.082,5.33,3.7,0.0647,0.0225,0.1034799999999999
2023-09-21,14694.240234375,14694.240234375,14849.25,14691.6904296875,14813.490234375,5014890000,15056.6322265625,15213.7421875,15245.863134765625,35.62347817354524,-45.0713085561074,15.596485636329989,-60.667794192437384,15724.056861901101,14767.669407630148,15245.863134765625,-0.07677764166315085,-0.014568309481595931,-0.002242286931268822,0.001510927614869706,-0.0175449912065202,0.008167516548274856,5453776000.0,4635238500.0,315988620000.0,28074.846,306.082,5.33,3.7,0.0228,0.0903,-0.1132099999999999
2023-09-22,14701.099609375,14701.099609375,14855.919921875,14686.83984375,14756.6201171875,4302700000,14956.3720703125,15155.8291015625,15240.09609375,35.874173077421005,-77.82374674120547,-3.087560839177102,-74.73618590202837,15742.276006343413,14737.916181156588,15240.09609375,-0.03665675473900983,-0.018415575296241826,-0.014568309481595931,-0.002242286931268822,0.001510927614869706,-0.0175449912065202,4681874000.0,4631182500.0,320291320000.0,28074.846,306.082,5.33,3.7,0.0647272727272727,0.1009090909090908,-0.0232636363636363
2023-09-25,14768.900390625,14768.900390625,14771.1201171875,14615.4501953125,14662.6904296875,4100290000,14865.078125,15086.53212890625,15231.449609375,38.426558527454624,-97.18899927379061,-21.90784852609981,-75.2811507476908,15760.489394494034,14702.409824255967,15231.449609375,0.06284079972744676,0.0004668070543689673,-0.018415575296241826,-0.014568309481595931,-0.002242286931268822,0.001510927614869706,4530756000.0,4637694000.0,324391610000.0,28074.846,306.082,5.33,3.7,0.09256666666666667,0.06981111111111106,0.056487037037037065
2023-09-26,14545.830078125,14545.830078125,14678.48046875,14505.6796875,14668.4501953125,4693540000,14735.998046875,15012.14111328125,15206.118115234374,33.67714188933837,-129.04842149420438,-43.335963119720724,-85.71245837448365,15813.900599370898,14598.33563109785,15206.118115234374,-0.04319436175216966,0.004611953054638462,0.0004668070543689673,-0.018415575296241826,-0.014568309481595931,-0.002242286931268822,4578772000.0,4689037000.0,319698070000.0,28074.846,306.082,5.33,3.7,0.073,0.0654,0.03597
2023-09-27,14580.16015625,14580.16015625,14657.2099609375,14432.599609375,14600.1396484375,4841410000,14658.04609375,14935.3041015625,15166.2986328125,35.008464402980565,-149.80028826667512,-64.62882814911161,-85.17146011756351,15828.94284712984,14503.654418495162,15166.2986328125,0.057727613175989956,-0.015104056943982092,0.004611953054638462,0.0004668070543689673,-0.018415575296241826,-0.014568309481595931,4590566000.0,4693698500.0,324539480000.0,28074.846,306.082,5.33,3.7,0.082,0.0703,0.01394
2023-09-28,14702.76953125,14702.76953125,14787.580078125,14510.169921875,14530.9599609375,4648390000,14659.751953125,14858.19208984375,15128.315625,39.66659289691014,-154.5709427093043,-82.61725106115016,-71.95369164815413,15806.397111167442,14450.234138832557,15128.315625,0.18621315989969625,0.0023601319375117225,-0.015104056943982092,0.004611953054638462,0.0004668070543689673,-0.018415575296241826,4517266000.0,4707888000.0,329187870000.0,28074.846,306.082,5.33,3.7,0.0691,0.1036999999999999,-0.0854999999999999
2023-09-29,14715.240234375,14715.240234375,14901.849609375,14664.7802734375,14853.349609375,5138500000,14662.580078125,14809.47607421875,15089.02412109375,40.136560882279284,-155.55232878732568,-97.20426660638526,-58.34806218094042,15767.231147341628,14410.81709484587,15089.02412109375,0.22443231030303845,0.00840932978006026,0.0023601319375117225,-0.015104056943982092,0.004611953054638462,0.0004668070543689673,4684426000.0,4736382500.0,334326370000.0,28074.846,306.082,5.33,3.7,0.0423,0.0681,-0.0436299999999999
2023-10-02,14837.5703125,14837.5703125,14892.1796875,14701.51953125,14717.900390625,4554700000,14676.3140625,14770.69609375,15056.359619140625,44.688077888285804,-144.7900201514476,-106.72141731539773,-38.06860283604988,15715.745286598005,14396.973951683245,15056.359619140625,0.3340961007809844,0.0008481873499066594,0.00840932978006026,0.0023601319375117225,-0.015104056943982092,0.004611953054638462,4775308000.0,4762419500.0,338881070000.0,28074.846,306.082,5.33,3.7,0.10173333333333333,0.028999999999999967,0.11848333333333334
2023-10-03,14565.6201171875,14565.6201171875,14819.8701171875,14504.1396484375,14744.0498046875,4684310000,14680.2720703125,14708.13505859375,15009.22861328125,37.806315595923444,-156.4020159157717,-116.65753703547253,-39.74447888029917,15667.368329965257,14351.088896597243,15009.22861328125,0.16298303775918477,0.008313155352994928,0.0008481873499066594,0.00840932978006026,0.0023601319375117225,-0.015104056943982092,4773462000.0,4777645500.0,334196760000.0,28074.846,306.082,5.33,3.7,0.1217,0.0702,0.09939
2023-10-04,14776.25,14776.25,14803.0400390625,14592.5595703125,14613.23046875,4308070000,14719.4900390625,14688.76806640625,14979.469091796875,44.88558570199688,-146.9149904251044,-122.70902771339891,-24.205962711705496,15622.29533723066,14336.64284636309,14979.469091796875,0.34193310926521026,-0.01832848570115242,0.008313155352994928,0.0008481873499066594,0.00840932978006026,0.0023601319375117225,4666794000.0,4782283000.0,338504830000.0,28074.846,306.082,5.33,3.7,0.0467,0.0934,-0.09478
2023-10-05,14723.2197265625,14723.2197265625,14784.6904296875,14584.3896484375,14769.5498046875,4167470000,14723.580078125,14691.666015625,14952.7041015625,43.541778617136416,-142.03822599381056,-126.57486736948124,-15.463358624329317,15591.1708189932,14314.2373841318,14952.7041015625,0.3202847785680319,0.014460756295844535,-0.01832848570115242,0.008313155352994928,0.0008481873499066594,0.00840932978006026,4570610000.0,4774615000.0,334337360000.0,28074.846,306.082,5.33,3.7,0.0477999999999999,0.0697,-0.04534
2023-10-06,14973.240234375,14973.240234375,15021.3798828125,14575.9501953125,14622.23046875,4309420000,14775.180078125,14718.880078125,14937.35458984375,50.99146812686955,-116.65407402420715,-124.59070870042643,7.936634676219285,15557.155045060845,14317.554134626655,14937.35458984375,0.5289493531580909,-0.0035888857753151315,0.014460756295844535,-0.01832848570115242,0.008313155352994928,0.0008481873499066594,4404794000.0,4782068000.0,338646780000.0,28074.846,307.276,5.33,3.7,0.0843,0.0446,0.08734
2023-10-09,15047.150390625,15047.150390625,15070.6396484375,14816.3203125,14871.5703125,3835930000,14817.09609375,14746.705078125,14916.618603515624,52.96718681170159,-89.54084763464016,-117.58073648726918,28.03988885262902,15488.423470347374,14344.813736683875,14916.618603515624,0.6141401504962916,0.01698137448573367,-0.0035888857753151315,0.014460756295844535,-0.01832848570115242,0.008313155352994928,4261040000.0,4746921000.0,342482710000.0,28074.846,307.276,5.33,3.7,0.13242962962962962,0.0826259259259259,0.07915814814814812
2023-10-10,15131.51953125,15131.51953125,15241.9404296875,15050.5400390625,15074.0400390625,4301350000,14930.2759765625,14805.2740234375,14908.707568359376,55.18799952367615,-60.54758101022708,-106.17410539186076,45.626524381633686,15462.883066879536,14354.532069839215,14908.707568359376,0.7010301461230323,0.004936149764051656,0.01698137448573367,-0.0035888857753151315,0.014460756295844535,-0.01832848570115242,4184448000.0,4732214000.0,346784060000.0,28074.846,307.276,5.33,3.7,0.1807,0.0,0.32554
2023-10-11,15241.1201171875,15241.1201171875,15248.2197265625,15119.6201171875,15194.5302734375,4160440000,15023.25,14871.37001953125,14903.337060546875,57.964760148307654,-28.39899111847626,-90.61908253718387,62.22009141870761,15441.413955588392,14365.260165505359,14903.337060546875,0.813879911731354,0.00560698460736897,0.004936149764051656,0.01698137448573367,-0.0035888857753151315,0.014460756295844535,4154922000.0,4698220500.0,350944500000.0,28074.846,307.276,5.33,3.7,0.1231,0.0363,0.20071
2023-10-12,15184.099609375,15184.099609375,15333.98046875,15090.6904296875,15264.1103515625,4858620000,15115.4259765625,14919.50302734375,14888.84755859375,56.019895886879326,-7.4363587368370645,-73.98253777711452,66.54617904027745,15375.371313319047,14402.323803868454,14888.84755859375,0.803430251774609,0.0072431975989688535,0.00560698460736897,0.004936149764051656,0.01698137448573367,-0.0035888857753151315,4293152000.0,4708701000.0,346085880000.0,28074.846,307.276,5.33,3.7,0.0818,0.0379,0.0397999999999999
2023-10-13,14995.1201171875,14995.1201171875,15232.3701171875,14943.419921875,15225.73046875,4251550000,15119.801953125,14947.491015625,14878.483544921875,50.02870946857354,-6.0031862050745985,-60.386667462706534,54.383481257631935,15345.316255007829,14411.650834835922,14878.483544921875,0.6249233073708026,-0.0037412281626333366,0.0072431975989688535,0.00560698460736897,0.004936149764051656,0.01698137448573367,4281578000.0,4513168000.0,341834330000.0,28074.846,307.276,5.33,3.7,0.159,0.0736666666666666,0.1821416666666666
2023-10-16,15172.73046875,15172.73046875,15209.5,15047.26953125,15054.48046875,4308690000,15144.91796875,14981.00703125,14875.8515625,54.90953749070905,9.35642927869958,-46.438048114425314,55.79447739312489,15334.979594813009,14416.723530186991,14875.8515625,0.8233073188260525,-0.012445880694224365,-0.0037412281626333366,0.0072431975989688535,0.00560698460736897,0.004936149764051656,4376130000.0,4485808500.0,346143020000.0,28074.846,307.276,5.33,3.7,0.12046666666666667,0.036744444444444434,0.19503111111111107
2023-10-17,15122.009765625,15122.009765625,15187.0595703125,14932.76953125,15009.259765625,4417640000,15143.016015625,15036.64599609375,14872.39052734375,53.308250967815134,17.23759410326784,-33.702919670886686,50.940513774154525,15322.462695576778,14422.318359110723,14872.39052734375,0.7773102358908891,0.011844543436429156,-0.012445880694224365,-0.0037412281626333366,0.0072431975989688535,0.00560698460736897,4399388000.0,4484017500.0,341725380000.0,28074.846,307.276,5.33,3.7,0.1633,0.0133,0.25523
2023-10-18,14909.259765625,14909.259765625,15103.8701171875,14865.8095703125,15022.2802734375,4617140000,15076.6439453125,15049.94697265625,14869.35751953125,47.103259224277686,6.244346098546885,-25.713466516999972,31.957812615546857,15317.47567104263,14421.23936801987,14869.35751953125,0.5445220149632088,-0.003342885661184347,0.011844543436429156,-0.012445880694224365,-0.0037412281626333366,0.0072431975989688535,4490728000.0,4475752500.0,337108240000.0,28074.846,307.276,5.33,3.7,0.0115,0.1431,-0.2380399999999999
2023-10-19,14783.1298828125,14783.1298828125,15023.91015625,14749.2998046875,14981.1298828125,5014790000,14996.45,15055.93798828125,14873.802001953125,43.84489998066375,-12.501401207557137,-23.071053455111407,10.56965224755427,15316.335614696129,14431.268389210121,14873.802001953125,0.3975534100352262,-0.014068897143792225,-0.003342885661184347,0.011844543436429156,-0.012445880694224365,-0.0037412281626333366,4521962000.0,4475747500.0,332093450000.0,28074.846,307.276,5.33,3.7,0.0706,0.1095,-0.03057
2023-10-20,14560.8798828125,14560.8798828125,14781.2197265625,14552.1201171875,14752.58984375,4622840000,14909.601953125,15014.701953125,14866.791015625,38.757330808405015,-44.77511888376284,-27.411866540841697,-17.363252342921147,15325.010004892294,14408.572026357706,14866.791015625,0.1661954873349301,-0.008459835350330902,-0.014068897143792225,-0.003342885661184347,0.011844543436429156,-0.012445880694224365,4596220000.0,4491754500.0,327470610000.0,28074.846,307.276,5.33,3.7,0.03825,0.1774166666666666,-0.2484583333333333
2023-10-23,14604.849609375,14604.849609375,14746.3701171875,14419.0595703125,14514.1103515625,4669060000,14796.02578125,14970.471875,14858.5884765625,40.234859313195805,-66.04298082584683,-35.13808939784273,-30.9048914280041,15329.872756175317,14387.304196949683,14858.5884765625,0.23080062484159405,-0.015034028772107133,-0.008459835350330902,-0.014068897143792225,-0.003342885661184347,0.011844543436429156,4668294000.0,4520193000.0,332139670000.0,28074.846,307.276,5.33,3.7,0.09027142857142856,0.017733333333333334,0.10014
2023-10-24,14745.8603515625,14745.8603515625,14774.16015625,14610.330078125,14678.41015625,4604720000,14720.7958984375,14931.90595703125,14868.589990234375,44.831651375094964,-70.70448888715691,-42.251369295705565,-28.453119591451348,15319.99862804007,14417.18135242868,14868.589990234375,0.36405927092083756,0.003019716316347232,-0.015034028772107133,-0.008459835350330902,-0.014068897143792225,-0.003342885661184347,4705710000.0,4515752000.0,336744390000.0,28074.846,307.276,5.33,3.7,0.0167,0.0854999999999999,-0.1395799999999999
2023-10-25,14381.6396484375,14381.6396484375,14643.6904296875,14362.240234375,14642.080078125,4599850000,14615.271875,14845.95791015625,14858.66396484375,36.93051751791374,-102.60556139089385,-54.32220771474323,-48.283353676150625,15344.216216571356,14373.111713116145,14858.66396484375,0.008781686513668596,0.009655062938613401,0.003019716316347232,-0.015034028772107133,-0.008459835350330902,-0.014068897143792225,4702252000.0,4503674000.0,332144540000.0,28074.846,307.276,5.33,3.7,0.0647,0.0883999999999999,-0.0320899999999999
2023-10-26,14109.5703125,14109.5703125,14372.509765625,14058.330078125,14314.009765625,4894900000,14480.5599609375,14738.50498046875,14829.00400390625,32.3447860711037,-148.13352178751666,-73.08447052929792,-75.04905125821874,15416.43528246691,14241.57272534559,14829.00400390625,-0.11235562155374643,-0.024699861143497537,0.009655062938613401,0.003019716316347232,-0.015034028772107133,-0.008459835350330902,4678274000.0,4515999500.0,327249640000.0,28074.846,307.276,5.33,3.7,0.0173,0.0329,-0.0251
2023-10-27,14180.419921875,14180.419921875,14321.0400390625,14130.3701171875,14245.75,4172100000,14404.46796875,14657.0349609375,14802.26298828125,34.621460783083464,-176.4636242360084,-93.76030127064001,-82.70332296536839,15456.403828785227,14148.122147777274,14802.26298828125,0.024687171399390282,-0.018917824572739828,-0.024699861143497537,0.009655062938613401,0.003019716316347232,-0.015034028772107133,4588126000.0,4467679500.0,331421740000.0,28074.846,307.276,5.33,3.7,0.0591,0.183,-0.22085
2023-10-30,14335.509765625,14335.509765625,14388.2001953125,14225.8603515625,14283.98046875,4149320000,14350.6,14573.312890625,14777.1599609375,39.42666427781887,-184.27675258755153,-111.86359153402232,-72.41316105352921,15463.344662227715,14090.975259647286,14777.1599609375,0.17818417221917227,0.005021386747138035,-0.018917824572739828,-0.024699861143497537,0.009655062938613401,0.003019716316347232,4484178000.0,4447410500.0,335571060000.0,28074.846,307.276,5.33,3.7,0.11073333333333334,0.06766666666666664,0.12102999999999998
2023-10-31,14409.7802734375,14409.7802734375,14420.4404296875,14232.400390625,14340.8603515625,4315630000,14283.383984375,14502.08994140625,14769.36796875,41.63883304816049,-182.373416597733,-125.96555654676446,-56.40786005096855,15469.07306253878,14069.662874961221,14769.36796875,0.24304339177710088,0.010936900642184444,0.005021386747138035,-0.018917824572739828,-0.024699861143497537,0.009655062938613401,4426360000.0,4428976500.0,339886690000.0,28074.846,307.276,5.33,3.7,0.1233,0.0387,0.08647
2023-11-01,14664.91015625,14664.91015625,14677.8603515625,14441.8896484375,14453.6796875,4545120000,14340.0380859375,14477.65498046875,14763.8009765625,48.58515512077234,-158.45162804405481,-132.46277084622253,-25.98885719783229,15465.045513983638,14062.55643914136,14763.8009765625,0.4294890619211273,0.005180876650134447,0.010936900642184444,0.005021386747138035,-0.018917824572739828,-0.024699861143497537,4415414000.0,4440829000.0,344431810000.0,28074.846,307.276,5.33,3.7,0.0739,0.0,0.15581
2023-11-02,14919.5498046875,14919.5498046875,14930.759765625,14792.8095703125,14856.9501953125,4962950000,14502.033984375,14491.29697265625,14773.61748046875,54.41672939230608,-117.5906351076228,-129.4883436985026,11.897708590879802,15477.959968277675,14069.274992659826,14773.61748046875,0.6035947190071672,0.017705327768446022,0.005180876650134447,0.010936900642184444,0.005021386747138035,-0.018917824572739828,4429024000.0,4480603000.0,349394760000.0,28074.846,307.276,5.33,3.7,0.0618,0.0259,0.03772
2023-11-03,15099.490234375,15099.490234375,15149.7802734375,14965.2900390625,14985.1201171875,4918750000,14685.848046875,14545.1580078125,14779.92998046875,58.038613285319315,-69.88275012414852,-117.56722498363179,47.684474859483274,15494.00117998046,14065.858780957042,14779.92998046875,0.7237593773035299,0.017363873745177782,0.017705327768446022,0.005180876650134447,0.010936900642184444,0.005021386747138035,4578354000.0,4511069500.0,354313510000.0,28074.846,307.276,5.33,3.7,0.0445454545454545,0.0885454545454545,-0.0971181818181818
2023-11-06,15154.9296875,15154.9296875,15180.1904296875,15064.91015625,15137.16015625,4345850000,14849.73203125,14600.166015625,14785.3189453125,59.11644887673191,-27.28587246474126,-99.5109544798537,72.22508201511243,15509.437456141557,14061.200434483442,14785.3189453125,0.7552142616574777,0.012060714434624975,0.017363873745177782,0.017705327768446022,0.005180876650134447,0.010936900642184444,4617660000.0,4536565500.0,358659360000.0,28424.722,307.696,5.33,3.9,0.0932333333333333,0.023733333333333332,0.1373
2023-11-07,15296.01953125,15296.01953125,15335.4404296875,15153.3095703125,15201.76953125,4354460000,15026.9798828125,14655.18193359375,14793.5439453125,61.80530308326979,17.653730017298585,-76.07801758042325,93.73174759772184,15537.680097889655,14049.407792735345,14793.5439453125,0.8376234202553416,0.0036716109129821817,0.012060714434624975,0.017363873745177782,0.017705327768446022,0.005180876650134447,4625426000.0,4539221000.0,363013820000.0,28424.722,307.696,5.33,3.9,0.0970999999999999,0.0348,0.18973
2023-11-08,15313.240234375,15313.240234375,15343.1904296875,15220.8798828125,15313.900390625,4685550000,15156.6458984375,14748.3419921875,14797.149951171876,62.13266129406897,54.03536947596331,-50.05534016914594,104.09070964510926,15551.053219033416,14043.246683310335,14797.149951171876,0.8422788474355757,0.00930983162966248,0.0036716109129821817,0.012060714434624975,0.017363873745177782,0.017705327768446022,4653512000.0,4565476500.0,367699370000.0,28424.722,307.696,5.33,3.9,0.0869,0.0241,0.1416799999999999
2023-11-09,15187.900390625,15187.900390625,15382.1103515625,15171.3203125,15351.1201171875,5313970000,15210.316015625,14856.175,14797.339990234375,58.221324580455,71.92509525439527,-25.6592530844377,97.58434833883297,15551.655755162517,14043.024225306233,14797.339990234375,0.7588838909046468,0.0011258290491731326,0.00930983162966248,0.0036716109129821817,0.012060714434624975,0.017363873745177782,4723716000.0,4588244000.0,362385400000.0,28424.722,307.696,5.33,3.9,0.1512,0.0156,0.23569
2023-11-10,15529.1201171875,15529.1201171875,15535.2001953125,15237.169921875,15252.3603515625,4722140000,15296.2419921875,14991.04501953125,14824.039990234374,64.73060426923254,112.34141021678988,1.9408795758078152,110.40053064098207,15642.876221322425,14005.203759146323,14824.039990234374,0.9305379392019764,-0.00818506350267001,0.0011258290491731326,0.00930983162966248,0.0036716109129821817,0.012060714434624975,4684394000.0,4611773500.0,367107540000.0,28424.722,307.696,5.33,3.9,0.1023571428571428,0.0311428571428571,0.1088214285714285
2023-11-13,15482.7900390625,15482.7900390625,15524.66015625,15404.7099609375,15469.2099609375,4349590000,15361.8140625,15105.773046875,14839.54296875,63.288759732818434,139.030523568048,29.358808374255855,109.67171519379215,15697.005615294815,13982.080322205185,14839.54296875,0.8750875171673622,0.02246655020025834,-0.00818506350267001,0.0011258290491731326,0.00930983162966248,0.0036716109129821817,4685142000.0,4613818500.0,362757950000.0,28424.722,307.696,5.33,3.9,0.10407883597883598,0.056100000000000004,0.10898846560846559
2023-11-14,15812.4697265625,15812.4697265625,15850.33984375,15726.1201171875,15744.3603515625,5332490000,15465.1041015625,15246.0419921875,14874.065966796876,68.64151816692649,184.65563846070836,60.41817439154636,124.237464069162,15829.423451873989,13918.708481719763,14874.065966796876,0.9911270254452865,-0.002983432272748221,0.02246655020025834,-0.00818506350267001,0.0011258290491731326,0.00930983162966248,4880748000.0,4659561000.0,368090440000.0,28424.722,307.696,5.33,3.9,0.0514,0.0,0.10013
2023-11-15,15817.1796875,15817.1796875,15904.6298828125,15765.3095703125,15881.7197265625,5063830000,15565.8919921875,15361.2689453125,14919.461962890626,68.71170736023373,218.67319671680343,92.06917885659777,126.60401786020566,15963.983671401704,13874.940254379548,14919.461962890626,0.9297266956227427,0.021293299635803953,-0.002983432272748221,0.02246655020025834,-0.00818506350267001,0.0011258290491731326,4956404000.0,4681895500.0,373154270000.0,28424.722,307.696,5.33,3.9,0.1335,0.0,0.23611
2023-11-16,15833.169921875,15833.169921875,15842.6298828125,15738.2197265625,15765.2001953125,4545180000,15694.9458984375,15452.63095703125,14971.96396484375,68.96567578340917,244.1087018337803,122.47708345203428,121.63161838174601,16090.56442424667,13853.36350544083,14971.96396484375,0.8849479721700364,0.00029786371256013133,0.021293299635803953,-0.002983432272748221,0.02246655020025834,-0.00818506350267001,4802646000.0,4658415000.0,377699450000.0,28424.722,307.696,5.33,3.9,0.0997,0.1233,0.0020799999999999
2023-11-17,15837.990234375,15837.990234375,15876.8701171875,15766.9404296875,15803.98046875,4408640000,15756.719921875,15526.48095703125,15035.819482421875,69.04724049021588,261.63946493871845,150.30955974937112,111.32990518934733,16200.472493901292,13871.166470942459,15035.819482421875,0.8443818648329239,0.0010109409320067098,0.00029786371256013133,0.021293299635803953,-0.002983432272748221,0.02246655020025834,4739946000.0,4647705000.0,382108090000.0,28424.722,307.696,5.33,3.9,0.1177999999999999,0.0118,0.20314
2023-11-20,16027.0595703125,16027.0595703125,16056.759765625,15844.830078125,15845.2001953125,4561810000,15865.573828125,15613.6939453125,15106.92998046875,72.14016368065066,287.47520112205893,177.7426880239087,109.73251309815024,16332.848913838305,13881.011047099197,15106.92998046875,0.8752815805343206,0.00030444393155537597,0.0010109409320067098,0.00029786371256013133,0.021293299635803953,-0.002983432272748221,4782390000.0,4642342500.0,386669900000.0,28424.722,307.696,5.33,3.9,0.08286666666666666,0.05423333333333333,0.058503333333333296
2023-11-21,15933.6201171875,15933.6201171875,15968.08984375,15866.8203125,15951.5498046875,4128600000,15889.80390625,15677.45400390625,15166.31796875,68.49734645563399,296.98694459337094,201.59153933780115,95.39540525556978,16432.989819277067,13899.646118222932,15166.31796875,0.8028811874670708,0.011937710097026155,0.00030444393155537597,0.0010109409320067098,0.00029786371256013133,0.021293299635803953,4541612000.0,4618536500.0,382541300000.0,28424.722,307.696,5.33,3.9,0.0566999999999999,0.0542999999999999,0.01825
2023-11-22,16001.3896484375,16001.3896484375,16119.3095703125,15964.0400390625,16025.740234375,3855240000,15926.6458984375,15746.2689453125,15247.30546875,69.6927000251477,306.46081510971635,222.5653944921842,83.89542061753215,16509.85248766238,13984.758449837618,15247.30546875,0.7986360778615217,-0.005830105810430863,0.011937710097026155,0.00030444393155537597,0.0010109409320067098,0.00029786371256013133,4299894000.0,4581306000.0,386396540000.0,28424.722,307.696,5.33,3.9,0.1350714285714285,0.0348571428571428,0.1897142857142857
2023-11-24,15982.009765625,15982.009765625,16007.4296875,15940.6201171875,15974.849609375,2541840000,15956.4138671875,15825.6798828125,15340.92744140625,68.88770662328072,308.8449587359464,239.82130734093667,69.02365139500975,16523.40176727686,14158.453115535636,15340.92744140625,0.7710766357429141,0.0042532413068450126,-0.005830105810430863,0.011937710097026155,0.00030444393155537597,0.0010109409320067098,3899226000.0,4463653000.0,383854700000.0,28424.722,307.696,5.33,3.9,0.07629999999999995,0.052199999999999996,0.03174000000000005
2023-11-27,15961.98046875,15961.98046875,16045.2998046875,15932.1904296875,15969.7197265625,4205880000,15981.2119140625,15868.96591796875,15430.00546875,68.0133304537921,305.5954981939776,252.97614551154487,52.61935268243275,16508.200601431436,14351.810336068565,15430.00546875,0.7466969956899153,-0.001211137484824154,0.0042532413068450126,-0.005830105810430863,0.011937710097026155,0.00030444393155537597,3858674000.0,4465342000.0,379648820000.0,28424.722,307.696,5.33,3.9,0.15687777777777775,0.028988888888888866,0.2358355555555555
2023-11-28,16010.4296875,16010.4296875,16031.51953125,15921.0703125,15940.2900390625,4474400000,15977.8859375,15921.7298828125,15513.75146484375,69.03710403355208,303.43194971301637,263.0673063518392,40.36464336117717,16489.305410259054,14538.197519428448,15513.75146484375,0.7545621515808684,-0.0012532401849785213,-0.001211137484824154,0.0042532413068450126,-0.005830105810430863,0.011937710097026155,3841192000.0,4481596000.0,384123220000.0,28424.722,307.696,5.33,3.9,0.0869,0.0449,0.10085
2023-11-29,15987.599609375,15987.599609375,16166.509765625,15976.6904296875,16111.3603515625,4890220000,15988.6818359375,15939.24287109375,15592.642431640625,67.93372275438364,296.4577451015739,269.74539410178613,26.71235099978776,16438.922851353647,14746.3620119276,15592.642431640625,0.733348880899494,0.0030352886876947593,-0.0012532401849785213,-0.001211137484824154,0.0042532413068450126,-0.005830105810430863,3993516000.0,4510325500.0,379233000000.0,28424.722,307.696,5.33,3.9,0.1382,0.0248,0.19801
2023-11-30,15947.8701171875,15947.8701171875,16013.48046875,15825.669921875,15987.66015625,5678070000,15977.9779296875,15952.3119140625,15656.7904296875,65.9581112061227,284.44588461780404,272.6854922049897,11.760392412814326,16394.511718873247,14919.069140501753,15656.7904296875,0.6972829656449769,-0.0014259503692661823,0.0030352886876947593,-0.0012532401849785213,-0.001211137484824154,0.0042532413068450126,4358082000.0,4566973000.0,373554930000.0,28424.722,307.696,5.33,3.9,0.2196,0.0435,0.3130199999999999
2023-12-01,15997.580078125,15997.580078125,16013.75,15834.9296875,15892.58984375,5607000000,15981.0919921875,15968.7529296875,15710.691943359376,67.2417758600927,275.7588012410033,273.3001540121924,2.4586472288108894,16375.540435679926,15045.843451038825,15710.691943359376,0.715754520074405,-0.002485019212277728,-0.0014259503692661823,0.0030352886876947593,-0.0012532401849785213,-0.001211137484824154,4971114000.0,4599175500.0,379161930000.0,28424.722,307.696,5.33,3.9,0.0468461538461538,0.0277692307692307,0.0465153846153846
2023-12-04,15839.669921875,15839.669921875,15852.4501953125,15695.580078125,15837.1201171875,6270020000,15956.6298828125,15968.9208984375,15747.700927734375,59.55871022371623,253.2133097635542,269.2827851624648,-16.069475398910583,16348.627615732783,15146.774239735967,15747.700927734375,0.576522640762519,0.00311702820327886,-0.002485019212277728,-0.0014259503692661823,0.0030352886876947593,-0.0012532401849785213,5383942000.0,4666739000.0,372891910000.0,28424.722,307.696,5.33,3.9,0.10612499999999997,0.0463,0.12148083333333333
2023-12-05,15877.7099609375,15877.7099609375,15931.83984375,15760.58984375,15763.650390625,6179120000,15930.0859375,15953.9859375,15783.83994140625,60.722969193122765,235.69837443135293,262.56590301624243,-26.8675285848895,16317.879214540902,15249.800668271597,15783.83994140625,0.5878868130617633,-0.009870877687677582,0.00311702820327886,-0.002485019212277728,-0.0014259503692661823,0.0030352886876947593,5724886000.0,4758402500.0,379071030000.0,28424.722,307.696,5.33,3.9,0.0427,0.0979,-0.17255
2023-12-06,15788.0498046875,15788.0498046875,15990.9404296875,15776.9501953125,15990.2001953125,5167030000,15890.1759765625,15939.42890625,15808.441455078126,56.587823591558866,212.13744825163485,252.48021206332092,-40.34276381168607,16290.680644654,15326.202265502252,15808.441455078126,0.47885732761727634,0.0024015676620865456,-0.009870877687677582,0.00311702820327886,-0.002485019212277728,-0.0014259503692661823,5780248000.0,4799031000.0,373904000000.0,28424.722,308.148,5.33,3.7,0.0255,0.1303,-0.26278
2023-12-07,16022.490234375,16022.490234375,16042.509765625,15875.48046875,15888.23046875,5694310000,15905.1,15941.53896484375,15843.903955078125,63.573020711075706,209.9623130346008,243.9766322575769,-34.0143192229761,16274.344457386584,15413.463452769667,15843.903955078125,0.7074459516926428,-0.0056469198940264365,0.0024015676620865456,-0.009870877687677582,0.00311702820327886,-0.002485019212277728,5783496000.0,4849469000.0,379598310000.0,28424.722,308.148,5.33,3.7,0.135,0.0,0.2013999999999999
2023-12-08,16084.6904296875,16084.6904296875,16100.8603515625,15937.580078125,15952.849609375,5430840000,15922.5220703125,15951.80703125,15888.74345703125,65.17410190038626,210.82725329650202,237.34675646536195,-26.519503168859927,16202.465158947361,15575.02175511514,15888.74345703125,0.8122942586685404,0.01484923296972962,-0.0056469198940264365,0.0024015676620865456,-0.009870877687677582,0.00311702820327886,5748264000.0,4855312500.0,385029150000.0,28424.722,308.148,5.33,3.7,0.1551818181818182,0.1322727272727273,0.1348454545454545
2023-12-11,16221.73046875,16221.73046875,16232.259765625,16061.8701171875,16069.6201171875,5607820000,15998.9341796875,15977.78203125,15923.373974609374,68.46300387641571,220.0342921927604,233.88426361084166,-13.849971418081253,16222.519126196483,15624.228823022266,15923.373974609374,0.9986818147606628,0.0038820554359930703,0.01484923296972962,-0.0056469198940264365,0.0024015676620865456,-0.009870877687677582,5615824000.0,4899596500.0,390636970000.0,28424.722,308.148,5.33,3.7,0.08707777777777774,0.022233333333333338,0.11016
2023-12-12,16354.25,16354.25,16354.25,16175.4599609375,16209.6103515625,4950100000,16094.2421875,16012.1640625,15966.94697265625,71.28688266439212,235.31162952239174,234.16973679315169,1.1418927292400554,16249.281218385424,15684.612726927075,15966.94697265625,1.1858945260846359,0.008519905288917773,0.0038820554359930703,0.01484923296972962,-0.0056469198940264365,0.0024015676620865456,5370020000.0,4929622000.0,395587070000.0,28424.722,308.148,5.33,3.7,0.0623,0.0208,0.05479
2023-12-13,16562.369140625,16562.369140625,16581.0390625,16357.2099609375,16392.1796875,6732040000,16249.1060546875,16069.641015625,16004.441943359376,75.06331163485572,261.2015360325295,239.57609664102725,21.625439391502226,16383.132723191482,15625.75116352727,16004.441943359376,1.236652734868516,0.008169259839774234,0.008519905288917773,0.0038820554359930703,0.01484923296972962,-0.0056469198940264365,5683022000.0,4999599500.0,402319110000.0,28424.722,308.148,5.33,3.7,0.0411,0.0251,0.01444
2023-12-14,16537.830078125,16537.830078125,16660.7109375,16419.259765625,16603.5390625,8033170000,16352.1740234375,16128.63701171875,16040.474462890625,73.83030262609103,276.5514630871112,246.97116993024406,29.58029315686713,16476.883435139218,15604.065490642033,16040.474462890625,1.0698274403843662,0.012725691525138805,0.008169259839774234,0.008519905288917773,0.0038820554359930703,0.01484923296972962,6150794000.0,5148066500.0,394285940000.0,28424.722,308.148,5.33,3.7,0.0963,0.0487999999999999,0.13002
2023-12-15,16623.44921875,16623.44921875,16669.76953125,16557.009765625,16587.0,8377630000,16459.92578125,16191.22392578125,16079.988427734375,75.35163539417077,292.2561925035261,256.02817444490046,36.22801805862565,16576.35588127125,15583.620974197502,16079.988427734375,1.0474379788029864,-0.0014816154797449022,0.012725691525138805,0.008169259839774234,0.008519905288917773,0.0038820554359930703,6740152000.0,5339689000.0,402663570000.0,28424.722,308.148,5.33,3.7,0.2284615384615384,0.0619999999999999,0.337476923076923
2023-12-18,16729.80078125,16729.80078125,16764.3203125,16629.2890625,16631.109375,5866080000,16561.53984375,16280.23701171875,16124.578955078125,77.13010855722004,309.7137981146352,266.76529917884744,42.94849893578777,16685.449471899436,15563.708438256814,16124.578955078125,1.039537921873592,0.005177168964763501,-0.0014816154797449022,0.012725691525138805,0.008169259839774234,0.008519905288917773,6791804000.0,5412561000.0,408529650000.0,28424.722,308.148,5.33,3.7,0.15079523809523807,0.0163333333333333,0.225407619047619
2023-12-19,16811.849609375,16811.849609375,16813.009765625,16733.380859375,16734.25,5757180000,16653.059765625,16373.6509765625,16163.81845703125,78.42356578252816,326.4071130379871,278.6936619506754,47.71345108731168,16800.63139339469,15527.00552066781,16163.81845703125,1.0088080936643429,0.006397683242539198,0.005177168964763501,-0.0014816154797449022,0.012725691525138805,0.008169259839774234,6953220000.0,5472329500.0,414286830000.0,28424.722,308.148,5.33,3.7,0.0775,0.0,0.17759
2023-12-20,16554.16015625,16554.16015625,16860.6796875,16552.060546875,16763.640625,6294700000,16651.41796875,16450.26201171875,16194.845458984375,65.83068025510745,315.2097582353381,285.99688120760794,29.212877027730144,16844.767360381175,15544.923557587574,16194.845458984375,0.7764291344032208,0.004904351773092008,0.006397683242539198,0.005177168964763501,-0.0014816154797449022,0.012725691525138805,6865752000.0,5580634500.0,407992130000.0,28424.722,308.148,5.33,3.7,0.1465,0.1111,0.05846
2023-12-21,16757.41015625,16757.41015625,16768.01953125,16621.51953125,16719.609375,5465640000,16695.333984375,16523.75400390625,16232.646484375,69.93181865191787,319.0584431251682,292.60919359112,26.449249534048192,16921.94335077864,15543.349617971358,16232.646484375,0.8806514271658581,-0.015327846674366041,0.004904351773092008,0.006397683242539198,0.005177168964763501,-0.0014816154797449022,6352246000.0,5661154500.0,413457770000.0,28424.722,308.148,5.33,3.7,0.1284,0.0738,0.08668
2023-12-22,16777.400390625,16777.400390625,16839.25,16703.5703125,16799.01953125,4796600000,16726.12421875,16593.025,16272.416015625,70.30927000203985,320.03246345195475,298.093847563287,21.938615888667755,16991.944230781937,15552.887800468065,16272.416015625,0.8509135322023869,0.01227788048935019,-0.015327846674366041,0.004904351773092008,0.006397683242539198,0.005177168964763501,5636040000.0,5773892500.0,418254370000.0,28424.722,308.148,5.33,3.7,0.2913,0.0192,0.47819
2023-12-26,16878.4609375,16878.4609375,16907.509765625,16813.5703125,16816.779296875,6120600000,16755.85625,16658.698046875,16318.2400390625,72.20865019284675,325.2103011971376,303.5171382900571,21.693162907080477,17070.513427919977,15565.966650205024,16318.2400390625,0.8723519313160477,0.0011929190840711534,0.01227788048935019,-0.015327846674366041,0.004904351773092008,0.006397683242539198,5686944000.0,5869628500.0,424374970000.0,28424.722,308.148,5.33,3.7,0.15060454545454544,0.01475,0.2874735227272727
2023-12-27,16906.80078125,16906.80078125,16922.009765625,16859.55078125,16896.140625,7480170000,16774.846484375,16713.953125,16363.05859375,72.73538365669181,327.8216396590633,308.37803856385835,19.44360109520494,17144.363834033615,15581.753353466385,16363.05859375,0.8479703958613032,0.006023611794558459,0.0011929190840711534,0.01227788048935019,-0.015327846674366041,0.004904351773092008,6031542000.0,6019917000.0,431855140000.0,28424.722,308.148,5.33,3.7,0.1201,0.0246,0.2214799999999999
2023-12-28,16898.470703125,16898.470703125,16969.169921875,16891.3203125,16963.51953125,5090570000,16843.70859375,16747.56328125,16408.6021484375,72.30160764619582,325.46719330833184,311.7958695127531,13.671323795578758,17203.823705554965,15613.380591320038,16408.6021484375,0.8080075925401121,0.0016790537866540056,0.006023611794558459,0.0011929190840711534,0.01227788048935019,-0.015327846674366041,5790716000.0,6029934500.0,426764570000.0,28424.722,308.148,5.33,3.7,0.1147,0.0322,0.22207
2023-12-29,16825.9296875,16825.9296875,16919.509765625,16757.890625,16902.439453125,5441060000,16857.4125,16776.3732421875,16452.505126953125,68.47201863458852,314.1267660798858,312.26204882617964,1.8647172537061465,17237.513492055707,15667.496761850543,16452.505126953125,0.7378475040186848,-0.0004927057598169693,0.0016790537866540056,0.006023611794558459,0.0011929190840711534,0.01227788048935019,5785800000.0,6018084000.0,421323510000.0,28424.722,308.148,5.33,3.7,0.0855714285714285,0.0537857142857142,0.0681571428571428
2024-01-02,16543.939453125,16543.939453125,16686.599609375,16453.150390625,16667.30078125,5791170000,16810.7203125,16768.422265625,16479.823095703126,56.04478315800257,279.1670762945796,305.64305431985963,-26.47597802528003,17235.657822931884,15723.98836847437,16479.823095703126,0.5424142706812064,-0.00429275624400649,-0.0004927057598169693,0.0016790537866540056,0.006023611794558459,0.0011929190840711534,5984714000.0,6027292500.0,415532340000.0,28424.722,308.148,5.33,3.7,0.10690265151515149,0.06598863636363633,0.08929140151515148
2024-01-03,16368.490234375,16368.490234375,16471.080078125,16352.1396484375,16413.259765625,5449950000,16708.726171875,16732.2912109375,16506.264111328124,49.968228577114225,234.59966569305107,291.43437659449796,-56.8347109014469,17202.453062480603,15810.075160175644,16506.264111328124,0.4010513764079056,-0.01675926618096424,-0.00429275624400649,-0.0004927057598169693,0.0016790537866540056,0.006023611794558459,5850584000.0,5986289000.0,410082390000.0,28424.722,308.148,5.33,3.7,0.0957,0.0172,0.09249
2024-01-04,16282.009765625,16282.009765625,16419.439453125,16276.4296875,16290.7802734375,5289220000,16583.76796875,16679.3072265625,16526.4791015625,47.24887924701434,190.10995143893888,271.16949156338615,-81.05954012444727,17167.08116863398,15885.877034491023,16526.4791015625,0.3091878339894403,-0.010605044780725437,-0.01675926618096424,-0.00429275624400649,-0.0004927057598169693,0.0016790537866540056,5412394000.0,5941794000.0,404793170000.0,28424.722,308.148,5.33,3.7,0.1296666666666666,0.0697777777777777,0.1294777777777777
2024-01-05,16305.98046875,16305.98046875,16415.390625,16249.1904296875,16281.740234375,5232820000,16465.269921875,16654.4892578125,16552.375634765624,48.092120331901235,154.99903537587306,247.93540032588353,-92.93636495001047,17102.81880579808,16001.932463733168,16552.375634765624,0.27618473715146147,-0.005283350358628924,-0.010605044780725437,-0.01675926618096424,-0.00429275624400649,-0.0004927057598169693,5440844000.0,5945083500.0,410025990000.0,28424.722,308.741,5.33,3.8,0.1106999999999999,0.0209,0.15963
2024-01-08,16649.869140625,16649.869140625,16655.23046875,16349.3896484375,16354.2197265625,6337770000,16430.0578125,16643.73515625,16583.744580078124,58.37274721540472,153.15682669682428,228.9796856000717,-75.82285890324741,17075.409363845214,16092.079796311034,16583.744580078124,0.5672455733357955,0.0014722201663093237,-0.005283350358628924,-0.010605044780725437,-0.01675926618096424,-0.00429275624400649,5620186000.0,5977256500.0,416363760000.0,28424.722,308.741,5.33,3.8,0.13116666666666665,0.05346666666666666,0.13350999999999996
2024-01-09,16678.69921875,16678.69921875,16710.880859375,16513.73046875,16531.9609375,5068410000,16457.009765625,16633.8650390625,16613.44501953125,59.10402024821254,152.26795915828916,213.6373403117152,-61.36938115342605,17046.441129734645,16180.448909327855,16613.44501953125,0.5753519462196756,0.021089726713094947,0.0014722201663093237,-0.005283350358628924,-0.010605044780725437,-0.01675926618096424,5475634000.0,5959135000.0,421432170000.0,28424.722,308.741,5.33,3.8,0.1524,0.0615,0.2123199999999999
2024-01-10,16793.05078125,16793.05078125,16827.369140625,16654.740234375,16702.55078125,4404590000,16541.921875,16625.3240234375,16642.01103515625,61.95858218206655,158.95836753512413,202.701545756397,-43.74317822127287,17040.17903587126,16243.84303444124,16642.01103515625,0.6896683633824413,0.0017315498327044043,0.021089726713094947,0.0014722201663093237,-0.005283350358628924,-0.010605044780725437,5266562000.0,5898973500.0,425836760000.0,28424.722,308.741,5.33,3.8,0.1103,0.0112,0.20018
2024-01-11,16820.900390625,16820.900390625,16898.16015625,16618.859375,16852.189453125,5044690000,16649.7,16616.733984375,16665.3435546875,62.64249138295858,164.61027037270105,195.0832906796578,-30.473020306956755,17046.85335412318,16283.83375525182,16665.3435546875,0.703870039731083,0.0068561439354604126,0.0017315498327044043,0.021089726713094947,0.0014722201663093237,-0.005283350358628924,5217656000.0,5903703000.0,430881450000.0,28424.722,308.741,5.33,3.8,0.0445,0.0526,-0.0400299999999999
2024-01-12,16832.919921875,16832.919921875,16900.369140625,16776.919921875,16855.0,4958940000,16755.087890625,16610.17890625,16678.87109375,62.95206141062431,168.1213218651319,189.69089691675265,-21.569575051620745,17064.17464494797,16293.56754255203,16678.87109375,0.6999057984880216,0.0016584008312590104,0.0068561439354604126,0.0017315498327044043,0.021089726713094947,0.0014722201663093237,5162880000.0,5815048000.0,435840390000.0,28424.722,308.741,5.33,3.8,0.1149,0.1341,-0.0069199999999999
2024-01-16,16830.7109375,16830.7109375,16895.330078125,16726.58984375,16775.099609375,6386180000,16791.25625,16610.65703125,16693.51513671875,62.84898268293845,168.78001790632334,185.5087211146668,-16.72870320834346,17078.510895098523,16308.519378338979,16693.51513671875,0.6781783276764243,0.0007145593262474215,0.0016584008312590104,0.0068561439354604126,0.0017315498327044043,0.021089726713094947,5172562000.0,5732698500.0,429454210000.0,28424.722,308.741,5.33,3.8,0.16922499999999996,0.036199999999999996,0.26571749999999994
2024-01-17,16736.279296875,16736.279296875,16749.109375,16561.490234375,16705.509765625,5181740000,16802.772265625,16629.891015625,16699.156640625,58.443392595357686,159.83966292684272,180.374909477102,-20.535246550259274,17083.134777493302,16315.178503756695,16699.156640625,0.5483395442156824,-0.00013123001744508311,0.0007145593262474215,0.0016584008312590104,0.0068561439354604126,0.0017315498327044043,5195228000.0,5572904000.0,424272470000.0,28424.722,308.741,5.33,3.8,0.1457,0.0997,0.13806
2024-01-18,16982.2890625,16982.2890625,16996.98046875,16818.130859375,16894.330078125,5587440000,16840.619921875,16691.2708984375,16711.7810546875,65.2729587019422,170.6382873326438,178.42758504821037,-7.789297715566562,17116.066944653026,16307.495164721975,16711.7810546875,0.83455039432067,-0.005610674497094403,-0.00013123001744508311,0.0007145593262474215,0.0016584008312590104,0.0068561439354604126,5431798000.0,5558972000.0,429859910000.0,28424.722,308.741,5.33,3.8,0.0856,0.0994,-0.00276
2024-01-19,17314.0,17314.0,17317.2109375,17041.849609375,17060.140625,5604950000,16939.23984375,16794.469921875,16736.88857421875,71.96359572373103,203.6154235499198,183.46515274855227,20.150270801367526,17221.693434719742,16252.083713717755,16736.88857421875,1.0951997110598986,0.014699190976750431,-0.005610674497094403,-0.00013123001744508311,0.0007145593262474215,0.0016584008312590104,5543850000.0,5551360500.0,435464860000.0,28424.722,308.741,5.33,3.8,0.1255,0.0634,0.1585599999999999
2024-01-22,17330.380859375,17330.380859375,17450.30078125,17309.869140625,17403.619140625,5456240000,17038.73203125,16896.9099609375,16775.699609375,72.24794777373546,228.43854271815871,192.45983074247357,35.978711975685144,17319.591493841257,16231.80772490874,16775.699609375,1.0099186675163676,0.019532757702992898,0.014699190976750431,-0.005610674497094403,-0.00013123001744508311,0.0007145593262474215,5643310000.0,5509437500.0,440921100000.0,28424.722,308.741,5.33,3.8,0.13693484848484846,0.0302234848484848,0.21682893939393935
2024-01-23,17404.2109375,17404.2109375,17410.859375,17286.01953125,17346.94921875,5207680000,17153.43203125,16972.344140625,16808.0396484375,73.55003614997759,251.1731461024683,204.20249381447252,46.97065228799579,17420.01001878987,16196.069278085131,16808.0396484375,0.9870916288963676,0.0009461048501213654,0.019532757702992898,0.014699190976750431,-0.005610674497094403,-0.00013123001744508311,5407610000.0,5496539500.0,446128780000.0,28424.722,308.741,5.33,3.8,0.1443,0.0,0.28952
2024-01-24,17499.30078125,17499.30078125,17665.259765625,17481.970703125,17562.3203125,4983210000,17306.036328125,17054.404296875,16844.13466796875,75.16616030145494,273.7082998667829,218.1036550249346,55.60464484184831,17529.278973677978,16158.990362259517,16844.13466796875,0.9781227165006168,0.004260153237489961,0.0009461048501213654,0.019532757702992898,0.014699190976750431,-0.005610674497094403,5367904000.0,5505870000.0,451111990000.0,28424.722,308.741,5.33,3.8,0.2371,0.0237999999999999,0.37444
2024-01-25,17516.990234375,17516.990234375,17631.33984375,17430.369140625,17589.26953125,5281570000,17412.9765625,17126.7982421875,16876.0611328125,75.46647360488839,289.6559886793766,232.414121755823,57.2418669235536,17624.523170753328,16127.599094871677,16876.0611328125,0.9281640678302315,0.005463611311738115,0.004260153237489961,0.0009461048501213654,0.019532757702992898,0.014699190976750431,5306730000.0,5463918500.0,456393560000.0,28424.722,308.741,5.33,3.8,0.1351,0.0641,0.1263999999999999
2024-01-26,17421.009765625,17421.009765625,17514.759765625,17395.5390625,17432.869140625,4510530000,17434.378515625,17186.8091796875,16901.77158203125,70.48582793636466,291.1931321088523,244.16992382642889,47.02320828242341,17689.002812433173,16114.54035162933,16901.77158203125,0.829787591968786,0.0010108662823804515,0.005463611311738115,0.004260153237489961,0.0009461048501213654,0.019532757702992898,5087846000.0,5315436500.0,451883030000.0,28424.722,308.741,5.33,3.8,0.0376428571428571,0.0568571428571428,-0.0009214285714285
2024-01-29,17596.26953125,17596.26953125,17603.94921875,17414.619140625,17438.029296875,4979310000,17487.55625,17263.144140625,16936.6615234375,73.87623193979357,303.05984251389236,255.9479075639216,47.11193494997076,17782.9166975349,16090.406349340099,16936.6615234375,0.8897216986094211,-0.005479278544190169,0.0010108662823804515,0.005463611311738115,0.004260153237489961,0.0009461048501213654,4992460000.0,5309873500.0,456862340000.0,28424.722,308.741,5.33,3.8,0.0883333333333333,0.06748888888888886,0.05823555555555556
2024-01-30,17476.7109375,17476.7109375,17578.4609375,17443.76953125,17556.490234375,4719240000,17502.05625,17327.744140625,16969.2005859375,68.12683473042713,299.3660116487372,264.63152838088473,34.734483267852454,17846.987055821955,16091.414116053042,16969.2005859375,0.7890853123022648,0.010060252992385221,-0.005479278544190169,0.0010108662823804515,0.005463611311738115,0.004260153237489961,4894772000.0,5273782500.0,452143100000.0,28424.722,308.741,5.33,3.8,0.1429,0.043,0.24822
2024-01-31,17137.240234375,17137.240234375,17375.3203125,17128.740234375,17269.98046875,5875610000,17429.644140625,17367.840234375,16998.865625,55.03104915780815,265.98012212733374,264.90124713017457,1.0788749971591756,17855.99770514898,16141.733544851017,16998.865625,0.5807195370350331,-0.006794542078232602,0.010060252992385221,-0.005479278544190169,0.0010108662823804515,0.005463611311738115,5073252000.0,5278004500.0,446267490000.0,28424.722,308.741,5.33,3.8,0.0351,0.085,-0.09865
2024-02-01,17344.7109375,17344.7109375,17356.759765625,17175.830078125,17216.990234375,5046920000,17395.18828125,17404.082421875,17047.67666015625,60.08146460763615,253.34234315470167,262.58946633508003,-9.247123180378367,17863.867255468213,16231.486064844283,17047.67666015625,0.6819637956194654,-0.019424175655191167,-0.006794542078232602,0.010060252992385221,-0.005479278544190169,0.0010108662823804515,5026322000.0,5257853000.0,451314410000.0,28424.722,308.741,5.33,3.8,0.1354,0.0316,0.2287099999999999
2024-02-02,17642.73046875,17642.73046875,17682.2890625,17378.369140625,17415.939453125,4800690000,17439.532421875,17436.95546875,17115.7126953125,65.99015963646072,264.32749496355245,262.93707206077454,1.3904229027779138,17888.88917377885,16342.53621684615,17115.7126953125,0.8408133770978626,0.012106424388498738,-0.019424175655191167,-0.006794542078232602,0.010060252992385221,-0.005479278544190169,5084354000.0,5233426500.0,456115100000.0,28424.722,308.741,5.33,3.8,0.1016999999999999,0.0414,0.15745
2024-02-05,17613.0390625,17613.0390625,17655.76953125,17469.619140625,17634.689453125,4831020000,17442.886328125,17465.2212890625,17181.065625,64.95852981787704,267.5532710107873,263.8603118507771,3.6929591600101617,17883.813014809006,16478.318235190993,17181.065625,0.8073461700209252,0.017182156123782377,0.012106424388498738,-0.019424175655191167,-0.006794542078232602,0.010060252992385221,5054696000.0,5213336500.0,451284080000.0,28708.161,309.698,5.33,3.7,0.1272333333333333,0.016700000000000003,0.1839966666666666
2024-02-06,17572.73046875,17572.73046875,17680.619140625,17475.4296875,17664.439453125,4759640000,17462.090234375,17482.0732421875,17227.20869140625,63.50702644464002,263.81604794510713,263.8514590696431,-0.03541112453598316,17903.802947370157,16550.61443544234,17227.20869140625,0.7553389821877102,-0.0016829257978288048,0.017182156123782377,0.012106424388498738,-0.019424175655191167,-0.006794542078232602,5062776000.0,5134430000.0,446524440000.0,28708.161,309.698,5.33,3.7,0.1487,0.0157,0.24331
2024-02-07,17755.0703125,17755.0703125,17784.169921875,17637.73046875,17674.58984375,4567580000,17585.65625,17507.6501953125,17281.02724609375,67.08951461104596,272.4272020481221,265.56660766533895,6.860594382783177,17945.034300918825,16617.02019126867,17281.02724609375,0.8569563477989939,-0.002288565511435303,-0.0016829257978288048,0.017182156123782377,0.012106424388498738,-0.019424175655191167,4801170000.0,5109388500.0,451092020000.0,28708.161,309.698,5.33,3.7,0.1275,0.0681,0.1137799999999999
2024-02-08,17783.169921875,17783.169921875,17814.119140625,17728.55078125,17757.599609375,5675850000,17673.348046875,17534.2681640625,17330.533203125,67.61710224594276,278.3108135371149,268.1154488396941,10.195364697420757,17988.969939172588,16672.096467077412,17330.533203125,0.8437207357741398,0.010376295480902131,-0.002288565511435303,-0.0016829257978288048,0.017182156123782377,0.012106424388498738,4926956000.0,5172951500.0,456767870000.0,28708.161,309.698,5.33,3.7,0.1008999999999999,0.0386,0.11438
2024-02-09,17962.41015625,17962.41015625,17987.900390625,17798.810546875,17820.98046875,5797260000,17737.283984375,17588.408203125,17387.60869140625,70.82946524759083,294.0472137303441,273.3018018178241,20.745411912519955,18057.83262823299,16717.38475457951,17387.60869140625,0.9288129931357118,0.0015826245055878818,0.010376295480902131,-0.002288565511435303,-0.0016829257978288048,0.017182156123782377,5126270000.0,5210580000.0,462565130000.0,28708.161,309.698,5.33,3.7,0.1251764705882353,0.022235294117647,0.1432176470588235
2024-02-12,17882.66015625,17882.66015625,18041.44921875,17859.66015625,17942.279296875,5458490000,17791.208203125,17617.047265625,17440.095703125,67.61554333353655,296.6635134403623,277.9741441423318,18.6893692980305,18091.571629071994,16788.619777178006,17440.095703125,0.8396629372617895,0.010079206078693392,0.0015826245055878818,0.010376295480902131,-0.002288565511435303,-0.0016829257978288048,5251764000.0,5235557500.0,457106640000.0,28708.161,309.698,5.33,3.7,0.08172499999999996,0.03256666666666667,0.09382250000000003
2024-02-13,17600.419921875,17600.419921875,17717.669921875,17478.23046875,17519.80078125,5599860000,17796.74609375,17629.4181640625,17478.58115234375,57.64623121665288,272.8176496340784,276.94284524068115,-4.125195606602745,18066.30300858295,16890.859296104554,17478.58115234375,0.6036534274145331,-0.004439827356478188,0.010079206078693392,0.0015826245055878818,0.010376295480902131,-0.002288565511435303,5419808000.0,5196241500.0,451506780000.0,28708.161,309.698,5.33,3.7,0.0465999999999999,0.1563,-0.19585
2024-02-14,17807.630859375,17807.630859375,17815.1796875,17619.919921875,17728.900390625,5092660000,17807.258203125,17696.4572265625,17532.14873046875,62.06806199047866,267.5556071974279,275.0653976320305,-7.509790434602621,18022.17614387429,17042.12131706321,17532.14873046875,0.7810884874702552,-0.015782899854323795,-0.004439827356478188,0.010079206078693392,0.0015826245055878818,0.010376295480902131,5524824000.0,5191787500.0,456599440000.0,28708.161,309.698,5.33,3.7,0.1575,0.0,0.2596
2024-02-15,17845.720703125,17845.720703125,17864.58984375,17722.310546875,17815.3203125,6049100000,17819.768359375,17746.558203125,17575.3203125,62.83615167793242,263.42236368213344,272.7367908420511,-9.31442715991767,18010.43883976345,17140.20178523655,17575.3203125,0.8107203827030804,0.011773067825641137,-0.015782899854323795,-0.004439827356478188,0.010079206078693392,0.0015826245055878818,5599474000.0,5214870500.0,462648540000.0,28708.161,309.698,5.33,3.7,0.0157,0.0277,-0.04198
2024-02-16,17685.98046875,17685.98046875,17864.16015625,17663.400390625,17853.58984375,5223800000,17764.482421875,17750.883203125,17593.9193359375,57.57111554061795,244.43929250282963,267.07729117420683,-22.637998671377204,18013.53006322178,17174.308608653217,17593.9193359375,0.609698259394273,0.0021389618894727125,0.011773067825641137,-0.015782899854323795,-0.004439827356478188,0.010079206078693392,5484782000.0,5195813000.0,457424740000.0,28708.161,309.698,5.33,3.7,0.0996153846153846,0.0736153846153846,0.0664461538461538
2024-02-20,17546.099609375,17546.099609375,17657.080078125,17399.41015625,17591.169921875,5595700000,17697.1703125,17744.1892578125,17604.7052734375,53.35515245095524,215.62229590220522,256.78629211980655,-41.16399621760132,18006.505168727563,17202.905378147436,17604.7052734375,0.42707108096657015,-0.008951178662514159,0.0021389618894727125,0.011773067825641137,-0.015782899854323795,-0.004439827356478188,5512224000.0,5202786000.0,451829040000.0,28708.161,309.698,5.33,3.7,0.16995833333333332,0.057799999999999976,0.24292333333333332
2024-02-21,17478.91015625,17478.91015625,17482.130859375,17319.439453125,17412.7890625,4845740000,17672.868359375,17734.8072265625,17608.440234375,51.407782242670095,185.22780035724645,242.47459376729455,-57.2467934100481,18003.72891620343,17213.151552546573,17608.440234375,0.336157618369121,-0.007909137953768575,-0.008951178662514159,0.0021389618894727125,0.011773067825641137,-0.015782899854323795,5361400000.0,5184689000.0,446983300000.0,28708.161,309.698,5.33,3.7,0.0461,0.0188,0.0612699999999999
2024-02-22,18004.69921875,18004.69921875,18034.80078125,17808.259765625,17857.759765625,5653930000,17712.28203125,17759.7701171875,17633.71015625,62.83823864182474,201.2468780601157,234.2290506258588,-32.9821725657431,18062.79505960179,17204.625252898208,17633.71015625,0.9323026277573787,-0.003829309910511447,-0.007909137953768575,-0.008951178662514159,0.0021389618894727125,0.011773067825641137,5473654000.0,5218225000.0,452637230000.0,28708.161,309.698,5.33,3.7,0.051,0.0,0.10285
2024-02-23,17937.609375,17937.609375,18091.619140625,17902.779296875,18052.58984375,5077910000,17730.659765625,17775.2140625,17654.74111328125,60.87064824791589,206.1521294306258,228.6136663868122,-22.46153695618642,18100.640790403057,17208.84143615944,17654.74111328125,0.8171882333988316,0.030081341330769007,-0.003829309910511447,-0.007909137953768575,-0.008951178662514159,0.0021389618894727125,5279416000.0,5208042000.0,447559320000.0,28708.161,309.698,5.33,3.7,0.0361999999999999,0.0634,-0.03856
2024-02-26,17933.330078125,17933.330078125,18014.109375,17926.66015625,17970.2109375,5417630000,17780.1296875,17772.3060546875,17680.35712890625,60.74000534088038,207.3045946632992,224.3518520421096,-17.0472573788104,18128.577902303477,17232.13635550902,17680.35712890625,0.7821968148657823,-0.0037262407405358466,0.030081341330769007,-0.003829309910511447,-0.007909137953768575,-0.008951178662514159,5318182000.0,5253397000.0,442141690000.0,28708.161,309.698,5.33,3.7,0.06779047619047616,0.08447619047619047,-0.03366190476190476
2024-02-27,17971.05078125,17971.05078125,17987.5390625,17871.060546875,17962.580078125,5423020000,17865.119921875,17781.1451171875,17699.09619140625,61.52390582768239,208.85413667991452,221.25230896967062,-12.398172289756104,18163.558046225153,17234.634336587347,17699.09619140625,0.7927631053251802,-0.00023856561850232882,-0.0037262407405358466,0.030081341330769007,-0.003829309910511447,-0.007909137953768575,5283646000.0,5275582500.0,447564710000.0,28708.161,309.698,5.33,3.7,0.1099,0.0679,0.06431
2024-02-28,17874.5,17874.5,17931.009765625,17840.359375,17895.029296875,5581690000,17944.237890625,17808.553125,17718.98564453125,58.31433669854637,199.98600457976863,216.99904809169024,-17.01304351192161,18177.37926009845,17260.592028964053,17718.98564453125,0.669629713621035,0.0021033853144214465,-0.00023856561850232882,-0.0037262407405358466,0.030081341330769007,-0.003829309910511447,5430836000.0,5318705000.0,441983020000.0,28708.161,309.698,5.33,3.7,0.0454,0.0757,-0.01504
2024-02-29,18043.849609375,18043.849609375,18068.51953125,17866.259765625,17991.669921875,6265340000,17952.06796875,17832.175,17764.31611328125,62.05360359683526,204.268365595839,214.45291159252,-10.18454599668101,18154.755596492803,17373.876630069695,17764.31611328125,0.8579728845485249,-0.005372572946637955,0.0021033853144214465,-0.00023856561850232882,-0.0037262407405358466,0.030081341330769007,5553118000.0,5338191500.0,448248360000.0,28708.161,309.698,5.33,3.7,0.0946,0.0155,0.17556
2024-03-01,18302.91015625,18302.91015625,18333.259765625,18064.439453125,18069.2890625,5457910000,18025.128125,17877.8939453125,17812.22607421875,66.93917335882708,225.96144573696802,216.75461842140962,9.2068273155584,18220.61493822958,17403.83721020792,17812.22607421875,1.1007559525646575,0.009474369038294794,-0.005372572946637955,0.0021033853144214465,-0.00023856561850232882,-0.0037262407405358466,5629118000.0,5358741000.0,453706270000.0,28708.161,309.698,5.33,3.7,0.1473,0.0618,0.17494
2024-03-04,18226.48046875,18226.48046875,18313.4296875,18218.25,18290.099609375,5725470000,18083.758203125,17931.9439453125,17841.41357421875,64.30854875260155,234.28543435765823,220.26078160865936,14.024652748998875,18281.0430103216,17401.7841381159,17841.41357421875,0.9379448495814166,0.014357276993729684,0.009474369038294794,-0.005372572946637955,0.0021033853144214465,-0.00023856561850232882,5690686000.0,5404980000.0,447980800000.0,28708.161,309.698,5.33,3.7,0.10436666666666665,0.0292,0.12230333333333333
2024-03-05,17897.869140625,17897.869140625,18097.5,17804.5,18088.7109375,6356800000,18069.121875,17967.1208984375,17855.655078125,54.408247673752,211.92314930284192,218.59325514749588,-6.6701058446539605,18282.399818757658,17428.910337492343,17855.655078125,0.5494605539103026,-0.004175821595993612,0.014357276993729684,0.009474369038294794,-0.005372572946637955,0.0021033853144214465,5877442000.0,5481269000.0,441624000000.0,28708.161,309.698,5.33,3.7,0.1169999999999999,0.0563999999999999,0.12693
2024-03-06,18017.5703125,18017.5703125,18142.880859375,17941.640625,18083.509765625,5511370000,18097.7359375,18020.9869140625,17877.8970703125,57.004817718482265,201.53657330630085,215.18191877925688,-13.645345472956024,18288.622662937654,17467.17147768735,17877.8970703125,0.6700323095217624,-0.018029335322769402,-0.004175821595993612,0.014357276993729684,0.009474369038294794,-0.005372572946637955,5863378000.0,5518855500.0,447135370000.0,28708.161,309.698,5.33,3.7,0.0448,0.0603,-0.0017899999999999
2024-03-07,18297.990234375,18297.990234375,18337.94921875,18101.4296875,18161.73046875,5072790000,18148.5640625,18050.316015625,17905.04306640625,62.40641982723494,213.4719098311616,214.83991698963783,-1.3680071584762175,18351.775633540215,17458.310499272287,17905.04306640625,0.9398013452318034,0.00668801246307571,-0.018029335322769402,-0.004175821595993612,0.014357276993729684,0.009474369038294794,5624868000.0,5544116000.0,452208160000.0,28708.161,310.967,5.33,3.9,0.0844999999999999,0.0645,0.0939
2024-03-08,18018.44921875,18018.44921875,18416.73046875,17995.380859375,18312.7890625,5411790000,18091.671875,18058.4,17916.80703125,54.98979584605327,198.09066045085638,211.49006568188156,-13.399405231025185,18362.41661035675,17471.197452143246,17916.80703125,0.6140484768120879,0.015563692385340833,0.00668801246307571,-0.018029335322769402,-0.004175821595993612,0.014357276993729684,5615644000.0,5530913000.0,446796370000.0,28708.161,310.967,5.33,3.9,0.0928,0.0495,0.11059
2024-03-11,17951.689453125,17951.689453125,18003.05078125,17873.330078125,17959.6796875,4917620000,18036.713671875,18060.2359375,17916.27099609375,53.35885779557312,178.45681526884073,204.8834155992734,-26.426600330432677,18361.67534281772,17470.86664936978,17916.27099609375,0.5397598915364871,-0.015277143120332903,0.015563692385340833,0.00668801246307571,-0.018029335322769402,-0.004175821595993612,5454074000.0,5486931000.0,441878750000.0,28708.161,310.967,5.33,3.9,0.09013333333333329,0.07516666666666662,0.03205666666666663
2024-03-12,18219.109375,18219.109375,18228.369140625,17919.330078125,18063.01953125,5100330000,18100.96171875,18085.041796875,17933.09345703125,58.6494067798562,182.37312047217347,200.38135657385342,-18.008236101679955,18398.13457433653,17468.052339725968,17933.09345703125,0.8075168058537415,-0.0037050783235845763,-0.015277143120332903,0.015563692385340833,0.00668801246307571,-0.018029335322769402,5202780000.0,5469023000.0,446979080000.0,28708.161,310.967,5.33,3.9,0.0548,0.0290999999999999,0.0352999999999999
2024-03-13,18068.470703125,18068.470703125,18163.740234375,18030.400390625,18151.759765625,4839000000,18111.141796875,18104.4388671875,17956.49599609375,54.873497038486704,171.34636445088472,194.5743581492597,-23.227993698374974,18397.535947691817,17515.45604449568,17956.49599609375,0.6269439498910715,0.014896643715527791,-0.0037050783235845763,-0.015277143120332903,0.015563692385340833,0.00668801246307571,5068306000.0,5430980000.0,442140080000.0,28708.161,310.967,5.33,3.9,0.1378,0.0598,0.09471
2024-03-14,18014.810546875,18014.810546875,18142.900390625,17913.630859375,18114.689453125,5450980000,18054.505859375,18101.5349609375,17966.85498046875,53.55090788380592,156.47392075100288,186.95427066960835,-30.48034991860547,18402.8766413403,17530.8333195972,17966.85498046875,0.5549921835424336,-0.008268168809706156,0.014896643715527791,-0.0037050783235845763,-0.015277143120332903,0.015563692385340833,5143944000.0,5448896000.0,436689100000.0,28708.161,310.967,5.33,3.9,0.055,0.0753,-0.05021
2024-03-15,17808.25,17808.25,17930.470703125,17764.990234375,17926.919921875,8261950000,18012.466015625,18052.0689453125,17964.9814453125,48.68628599177051,126.56077826390538,174.87557218846777,-48.314793924562395,18403.509496521347,17526.453394103653,17964.9814453125,0.3212982671456774,-0.002969822799708144,-0.008268168809706156,0.014896643715527791,-0.0037050783235845763,-0.015277143120332903,5713976000.0,5559538500.0,428427150000.0,28708.161,310.967,5.33,3.9,0.0106,0.1069,-0.19876
2024-03-18,17985.009765625,17985.009765625,18124.3203125,17973.08984375,18024.240234375,5025040000,18019.130078125,18027.921875,17979.93291015625,52.65017390756627,115.78276157015353,163.05701006480493,-47.2742484946514,18398.33745079608,17561.52836951642,17979.93291015625,0.5060669220522628,-0.011466151494489707,-0.002969822799708144,-0.008268168809706156,0.014896643715527791,-0.0037050783235845763,5735460000.0,5549600500.0,433452190000.0,28708.161,310.967,5.33,3.9,0.12475714285714283,0.04039523809523807,0.151167619047619
2024-03-19,18032.19921875,18032.19921875,18039.8203125,17809.150390625,17902.51953125,4758740000,17981.748046875,18041.3548828125,18004.237890625,53.67893067149639,109.78338564547084,152.40228518093812,-42.61889953546728,18369.650995240838,17638.824786009165,18004.237890625,0.53825988692222,0.009925723505959327,-0.011466151494489707,-0.002969822799708144,-0.008268168809706156,0.014896643715527791,5667142000.0,5507752500.0,438210930000.0,28708.161,310.967,5.33,3.9,0.0359,0.0290999999999999,-0.0129199999999999
2024-03-20,18240.109375,18240.109375,18249.119140625,18003.240234375,18067.69921875,5298380000,18016.07578125,18063.6087890625,18042.2978515625,58.00783534068508,120.41735274840903,146.0052986944323,-25.587945946023268,18326.975662790006,17757.620040334994,18042.2978515625,0.8474305260823699,0.0026238213790239495,0.009925723505959327,-0.011466151494489707,-0.002969822799708144,-0.008268168809706156,5759018000.0,5530384500.0,443509310000.0,28708.161,310.967,5.33,3.9,0.1094,0.0298,0.15348
2024-03-21,18320.380859375,18320.380859375,18464.69921875,18317.099609375,18438.240234375,5134740000,18077.18984375,18065.8478515625,18058.08193359375,59.57849537535408,133.77995418662613,143.56022979287107,-9.780275606244942,18367.880059410647,17748.28380777685,18058.08193359375,0.9233384645074957,0.011529938956853059,0.0026238213790239495,0.009925723505959327,-0.011466151494489707,-0.002969822799708144,5695770000.0,5504425000.0,448644050000.0,28708.161,310.967,5.33,3.9,0.1252,0.0373,0.18916
2024-03-22,18339.439453125,18339.439453125,18386.25,18267.490234375,18293.150390625,4339930000,18183.427734375,18097.946875,18078.1734375,59.961414361524156,144.2450145962066,143.69718675353818,0.5478278426684255,18406.63258979391,17749.714285206093,18078.1734375,0.8977146226560547,0.004400822534815552,0.011529938956853059,0.0026238213790239495,0.009925723505959327,-0.011466151494489707,4911366000.0,5467526000.0,452983980000.0,28708.161,310.967,5.33,3.9,0.1777,0.0876,0.1407999999999999
2024-03-25,18277.060546875,18277.060546875,18337.349609375,18189.279296875,18215.5390625,4636940000,18241.837890625,18130.483984375,18095.3599609375,58.02395181874953,145.82422308409878,144.1225940196503,1.7016290644484684,18427.85441572622,17762.865506148784,18095.3599609375,0.7732385207039916,0.0010402946257663803,0.004400822534815552,0.011529938956853059,0.0026238213790239495,0.009925723505959327,4833746000.0,5428491500.0,448347040000.0,28708.161,310.967,5.33,3.9,0.10746666666666664,0.056600000000000004,0.10766333333333333
2024-03-26,18210.5390625,18210.5390625,18378.69921875,18207.880859375,18329.2890625,5144260000,18277.505859375,18129.626953125,18107.334375,55.947826681448724,140.09312302522085,143.31669982076443,-3.223576795543579,18438.224846033696,17776.4439039663,18107.334375,0.6559499238185847,-0.003401352937173363,0.0010402946257663803,0.004400822534815552,0.011529938956853059,0.0026238213790239495,4910850000.0,5414553500.0,443202780000.0,28708.161,310.967,5.33,3.9,0.0699999999999999,0.0223,0.1160099999999999
2024-03-27,18280.83984375,18280.83984375,18344.08984375,18168.19921875,18338.189453125,4768930000,18285.651953125,18150.8638671875,18127.6513671875,57.67152686960311,139.61448161982844,142.57625618057725,-2.9617745607488075,18448.08104293485,17807.22169144015,18127.6513671875,0.7390360321733828,-0.00363961612997854,-0.003401352937173363,0.0010402946257663803,0.004400822534815552,0.011529938956853059,4804960000.0,5373915500.0,447971710000.0,28708.161,310.967,5.33,3.9,0.1088,0.0371,0.15317
2024-03-28,18254.689453125,18254.689453125,18308.3203125,18231.380859375,18263.41015625,5174450000,18272.513671875,18174.8517578125,18138.193359375,56.781498294036794,135.56235839914007,141.1734766242898,-5.611118225149738,18460.879571597678,17815.507147152322,18138.193359375,0.6805098720326002,0.003860444823117204,-0.00363961612997854,-0.003401352937173363,0.0010402946257663803,0.004400822534815552,4812902000.0,5319371000.0,442797260000.0,28708.161,310.967,5.33,3.9,0.1341,0.0150999999999999,0.2881
2024-04-01,18293.19921875,18293.19921875,18391.580078125,18211.279296875,18280.8203125,4798390000,18263.265625,18223.3466796875,18137.7078125,57.813994081308095,133.91475189832636,139.72173167909713,-5.806979780770774,18459.378071274714,17816.037553725288,18137.7078125,0.7416937873620765,-0.0014304808120695345,0.003860444823117204,-0.00363961612997854,-0.003401352937173363,0.0010402946257663803,4904594000.0,5286395000.0,447595650000.0,28708.161,310.967,5.33,3.9,0.143225,0.015899999999999997,0.2611
2024-04-02,18121.779296875,18121.779296875,18135.5703125,18002.26953125,18076.4296875,4710280000,18232.209375,18237.0236328125,18132.47275390625,51.873295449307975,117.42327438317807,135.26204021991333,-17.838765836735263,18451.456618998498,17813.488888814005,18132.47275390625,0.4832382477587714,0.0021095820733563198,-0.0014304808120695345,0.003860444823117204,-0.00363961612997854,-0.003401352937173363,4919262000.0,5235635500.0,442885370000.0,28708.161,310.967,5.33,3.9,0.0217,0.1649,-0.25979
2024-04-03,18160.189453125,18160.189453125,18238.669921875,18045.419921875,18054.439453125,5151500000,18222.139453125,18249.82265625,18145.58876953125,53.03775095725123,106.22850219172688,129.45533261427605,-23.22683042254917,18444.92298412726,17846.254554935236,18145.58876953125,0.524388597897933,-0.009370691251167185,0.0021095820733563198,-0.0014304808120695345,0.003860444823117204,-0.00363961612997854,4920710000.0,5175370500.0,448036870000.0,28708.161,310.967,5.33,3.9,0.0945,0.094,-0.0832
2024-04-04,17878.779296875,17878.779296875,18362.2890625,17875.75,18331.01953125,5368700000,18141.72734375,18213.6896484375,18138.64921875,44.535704423477156,73.79841462359036,118.32394901613891,-44.52553439254855,18456.35150878354,17820.94692871646,18138.64921875,0.09101660575445264,0.002119557667089822,-0.009370691251167185,0.0021095820733563198,-0.0014304808120695345,0.003860444823117204,5040664000.0,5168237000.0,442668170000.0,28708.161,310.967,5.33,3.9,0.1147,0.1155,-0.02804
2024-04-05,18108.4609375,18108.4609375,18202.9609375,17912.859375,17940.279296875,4578130000,18112.481640625,18192.49765625,18129.17275390625,51.38546942517955,65.87140094202186,107.8334394013155,-41.96203845929364,18438.04702385929,17820.298483953207,18129.17275390625,0.4664720916873435,-0.01549599231750165,0.002119557667089822,-0.009370691251167185,0.0021095820733563198,-0.0014304808120695345,4921400000.0,5143504000.0,447246300000.0,28708.161,312.345,5.33,3.9,0.1175,0.0183,0.15187
2024-04-08,18100.189453125,18100.189453125,18178.66015625,18050.689453125,18130.439453125,4386700000,18073.8796875,18168.57265625,18133.259765625,51.140524074665535,58.25027294002939,97.91680610905829,-39.666533169028895,18438.102089570817,17828.417441679183,18133.259765625,0.4457583315991943,0.01284660640478652,-0.01549599231750165,0.002119557667089822,-0.009370691251167185,0.0021095820733563198,4839062000.0,5092249500.0,442859600000.0,28708.161,312.345,5.33,3.9,0.0893,0.0452,0.08050333333333337
2024-04-09,18169.900390625,18169.900390625,18210.01953125,17973.0703125,18188.869140625,4869190000,18083.50390625,18157.856640625,18144.1703125,53.166738613495504,57.1764694006888,89.76873876738439,-32.59226936669559,18437.03491498024,17851.30571001976,18144.1703125,0.5439282827407206,-0.00045677456541159955,0.01284660640478652,-0.01549599231750165,0.002119557667089822,-0.009370691251167185,4870844000.0,5089828000.0,447728790000.0,28708.161,312.345,5.33,3.9,0.0513,0.0339999999999999,0.00498
2024-04-10,18011.66015625,18011.66015625,18040.830078125,17932.419921875,17957.9609375,5308250000,18053.798046875,18137.96875,18133.7978515625,48.27299159940597,43.060434034814534,80.42707782087042,-37.36664378605589,18430.160814510975,17837.434888614025,18133.7978515625,0.2939390028744337,0.0038513926984318214,-0.00045677456541159955,0.01284660640478652,-0.01549599231750165,0.002119557667089822,4902194000.0,5100224000.0,442420540000.0,28708.161,312.345,5.33,3.9,0.0104,0.0334,-0.0414099999999999
2024-04-11,18307.98046875,18307.98046875,18337.150390625,17998.25,18085.109375,4714750000,18139.63828125,18140.6828125,18145.77333984375,56.371435949190136,55.14823257682656,75.37130877206165,-20.223076195235095,18450.266353851213,17841.280325836284,18145.77333984375,0.7663560762387062,-0.008708921401497927,0.0038513926984318214,-0.00045677456541159955,0.01284660640478652,-0.01549599231750165,4771404000.0,5094011500.0,447135290000.0,28708.161,312.345,5.33,3.9,0.0426,0.0121,0.03343
2024-04-12,18003.490234375,18003.490234375,18166.490234375,17952.08984375,18117.669921875,4552740000,18118.644140625,18115.562890625,18145.20732421875,48.04712532213178,39.700440856726345,68.2371351889946,-28.536694332268254,18450.76558827698,17839.649060160522,18145.20732421875,0.2681013631221174,0.016451582470990544,-0.008708921401497927,0.0038513926984318214,-0.00045677456541159955,0.01284660640478652,4766326000.0,5049099500.0,442582550000.0,28708.161,312.345,5.33,3.9,0.1101,0.148,-0.15116
2024-04-15,17706.830078125,17706.830078125,18152.080078125,17676.349609375,18143.25,4910550000,18039.972265625,18056.9259765625,18140.136328125,41.601453104190135,3.4798458098484844,55.28567731316538,-51.805831503316895,18471.515542290108,17808.757113959895,18140.136328125,-0.15379213824816235,-0.016631557745800274,0.016451582470990544,-0.008708921401497927,0.0038513926984318214,-0.00045677456541159955,4871096000.0,4881529500.0,437672000000.0,28708.161,312.345,5.33,3.9,0.11706666666666667,0.05846666666666667,0.06591
2024-04-16,17713.66015625,17713.66015625,17817.73046875,17660.890625,17691.44921875,5001860000,17948.72421875,18016.1140625,18126.56884765625,41.795055985825364,-24.3929200979328,39.34995783094575,-63.74287792887855,18503.745063981536,17749.392631330964,18126.56884765625,-0.04736840969069396,-0.016477924690600942,-0.016631557745800274,0.016451582470990544,-0.008708921401497927,0.0038513926984318214,4897630000.0,4880370500.0,442673860000.0,28708.161,312.345,5.33,3.9,0.1099,0.0689999999999999,0.06763
2024-04-17,17493.619140625,17493.619140625,17788.5390625,17459.5703125,17785.8203125,4991470000,17845.116015625,17949.45703125,18099.63984375,37.483691107969285,-63.505704661318305,18.778825332492936,-82.28452999381125,18570.464494540123,17628.815192959875,18099.63984375,-0.14357367664160453,0.0003857312740260799,-0.016477924690600942,-0.016631557745800274,0.016451582470990544,-0.008708921401497927,4834274000.0,4892007000.0,437682390000.0,28708.161,312.345,5.33,3.9,0.0776,0.1514,-0.07115
2024-04-18,17394.310546875,17394.310546875,17590.810546875,17376.490234375,17514.76953125,4932540000,17662.38203125,17901.01015625,18057.34990234375,35.69409856512152,-101.34796551968248,-5.246532837942148,-96.10143268174033,18618.35449768059,17496.34530700691,18057.34990234375,-0.09093932650466788,-0.012422108908268892,0.0003857312740260799,-0.016477924690600942,-0.016631557745800274,0.016451582470990544,4877832000.0,4873715000.0,432749850000.0,28708.161,312.345,5.33,3.9,0.1464,0.0802,0.13073
2024-04-19,17037.650390625,17037.650390625,17362.279296875,16973.939453125,17334.7109375,5316010000,17469.2140625,17793.9291015625,17993.21337890625,30.13033984486583,-158.29302036005538,-35.8558303423648,-122.43719001769058,18701.551861482523,17284.874896329977,17993.21337890625,-0.17451014718684005,-0.005676846680592096,-0.012422108908268892,0.0003857312740260799,-0.016477924690600942,-0.016631557745800274,5030486000.0,4882778500.0,427433840000.0,28708.161,312.345,5.33,3.9,0.1151,0.1094,0.00157
2024-04-22,17210.890625,17210.890625,17305.150390625,17010.25,17161.109375,4616730000,17370.026171875,17704.99921875,17936.7859375,35.39776376320198,-187.28444895596112,-66.14155406508407,-121.14289489087706,18706.167979613918,17167.403895386084,17936.7859375,0.028260816625271332,-0.02050441466414299,-0.005676846680592096,-0.012422108908268892,0.0003857312740260799,-0.016477924690600942,4971722000.0,4896618500.0,432050570000.0,28708.161,312.345,5.33,3.9,0.0719,0.057499999999999996,0.029903333333333403
2024-04-23,17471.470703125,17471.470703125,17513.310546875,17277.25,17297.240234375,4951670000,17321.58828125,17635.15625,17896.5064453125,42.42840638221224,-187.07722069541705,-90.32868739115067,-96.74853330426639,18675.174560506446,17117.838330118557,17896.5064453125,0.22707515956163377,0.010168082476344598,-0.02050441466414299,-0.005676846680592096,-0.012422108908268892,0.0003857312740260799,4961684000.0,4912355000.0,437002240000.0,28708.161,312.345,5.33,3.9,0.1149,0.0121,0.22113
2024-04-24,17526.80078125,17526.80078125,17653.66015625,17435.330078125,17613.66015625,4735870000,17328.224609375,17586.6703125,17862.31953125,43.826334975037135,-180.36913282666865,-108.33677647825427,-72.03235634841438,18642.971087891652,17081.667974608346,17862.31953125,0.2851033875834475,0.015140417994783384,0.010168082476344598,-0.02050441466414299,-0.005676846680592096,-0.012422108908268892,4910564000.0,4891935500.0,441738110000.0,28708.161,312.345,5.33,3.9,0.0651,0.1141,-0.0591599999999999
2024-04-25,17430.5,17430.5,17474.4609375,17172.419921875,17205.279296875,4743640000,17335.4625,17498.922265625,17819.8025390625,41.91852153573854,-180.74013333888433,-122.81744785038029,-57.922685488504044,18597.096768298066,17042.508309826935,17819.8025390625,0.24957839359918926,0.0031668815445000664,0.015140417994783384,0.010168082476344598,-0.02050441466414299,-0.005676846680592096,4872784000.0,4890671000.0,436994470000.0,28708.161,312.345,5.33,3.9,0.1071,0.1281,-0.10105
2024-04-26,17718.30078125,17718.30078125,17772.779296875,17533.080078125,17566.220703125,4694400000,17471.592578125,17470.4033203125,17792.98310546875,49.05593977852635,-156.0126197562713,-129.4564822315585,-26.556137524712796,18543.65653685016,17042.309674087337,17792.98310546875,0.45025644901184486,-0.005494487125854763,0.0031668815445000664,0.015140417994783384,0.010168082476344598,-0.02050441466414299,4748462000.0,4866668500.0,441688870000.0,28708.161,312.345,5.33,3.9,0.2006,0.047,0.2591
2024-04-29,17782.720703125,17782.720703125,17820.0,17671.029296875,17801.140625,4972520000,17585.95859375,17477.9923828125,17767.4591796875,50.521595865335584,-129.72237893933925,-129.50966157311467,-0.21271736622458093,18480.27938938596,17054.63896998904,17767.4591796875,0.5107050299850201,0.01651133250623915,-0.005494487125854763,0.0031668815445000664,0.015140417994783384,0.010168082476344598,4819620000.0,4875375000.0,446661390000.0,28708.161,312.345,5.33,3.9,0.08552053872053866,0.024436363636363635,0.11157538720538718
2024-04-30,17440.689453125,17440.689453125,17768.869140625,17440.689453125,17720.349609375,5229400000,17579.80234375,17450.6953125,17733.4046875,43.38475592924607,-134.93083836836013,-130.59389693216377,-4.336941436196355,18440.00166693924,17026.807708060758,17733.4046875,0.2928697384134736,0.003635784416933019,0.01651133250623915,-0.005494487125854763,0.0031668815445000664,0.015140417994783384,4875166000.0,4901331000.0,441431990000.0,28708.161,312.345,5.33,3.9,0.078,0.105,0.0109599999999999
2024-05-01,17318.55078125,17318.55078125,17667.859375,17284.369140625,17382.779296875,5277790000,17538.15234375,17433.1884765625,17691.32275390625,41.14931306260288,-147.21712270456192,-133.9185420866434,-13.298580617918503,18391.11481002557,16991.53069778693,17691.32275390625,0.2336551841389514,-0.019233910024796907,0.003635784416933019,0.01651133250623915,-0.005494487125854763,0.0031668815445000664,4983550000.0,4907645500.0,436154200000.0,28708.161,312.345,5.33,3.9,0.0806,0.0717,0.02798
2024-05-02,17541.5390625,17541.5390625,17575.80078125,17290.640625,17474.919921875,4901610000,17560.36015625,17447.911328125,17674.4607421875,46.5628741029342,-137.37720198273018,-134.61027406586078,-2.766927916869406,18371.48087004186,16977.44061433314,17674.4607421875,0.4046500421037525,-0.007003087360925142,-0.019233910024796907,0.003635784416933019,0.01651133250623915,-0.005494487125854763,5015144000.0,4884291000.0,441055810000.0,28708.161,312.345,5.33,3.9,0.1486,0.0188,0.1522
2024-05-03,17890.80078125,17890.80078125,17926.98046875,17784.779296875,17848.66015625,4887310000,17594.86015625,17533.2263671875,17663.577734375,53.7405750722193,-100.2409765370503,-127.7364145600987,27.495438023048393,18338.51306450146,16988.64240424854,17663.577734375,0.668329495236547,0.01287568943074735,-0.007003087360925142,-0.019233910024796907,0.003635784416933019,0.01651133250623915,5053726000.0,4899750000.0,445943120000.0,28708.161,312.345,5.33,3.9,0.1369,0.0418,0.17846
2024-05-06,18093.5703125,18093.5703125,18094.4609375,17937.279296875,17950.98046875,4460130000,17657.030078125,17621.4943359375,17663.24677734375,57.324487647347866,-53.82794867747725,-112.95472138357441,59.12677270609716,18337.286555639388,16989.20699904811,17663.24677734375,0.8192122698191171,0.019910551605853533,0.01287568943074735,-0.007003087360925142,-0.019233910024796907,0.003635784416933019,4951248000.0,4903421500.0,450403250000.0,29147.044,313.023,5.33,3.9,0.17179999999999995,0.04547777777777776,0.27710777777777773
2024-05-07,18091.44921875,18091.44921875,18156.3203125,18061.609375,18106.330078125,5041870000,17787.18203125,17683.4921875,17659.32421875,57.274500271721585,-17.0202454549908,-93.76782619785769,76.74758074286689,18321.762684706588,16996.885752793412,17659.32421875,0.8261623699463121,0.011333731437136452,0.019910551605853533,0.01287568943074735,-0.007003087360925142,-0.019233910024796907,4913742000.0,4912055500.0,445361380000.0,29147.044,313.023,5.33,3.9,0.1776,0.0,0.3607999999999999
2024-05-08,18085.009765625,18085.009765625,18135.33984375,17987.69921875,17987.69921875,4530190000,17940.473828125,17739.3130859375,17662.99169921875,57.11167610435785,11.497973007983092,-72.71466635668953,84.21263936467263,18334.39494134509,16991.58845709241,17662.99169921875,0.8142806289330053,-0.00011722914346734559,0.011333731437136452,0.019910551605853533,0.01287568943074735,-0.007003087360925142,4764222000.0,4873152500.0,440831190000.0,29147.044,313.023,5.33,3.9,0.145,0.1014,0.11795
2024-05-09,18113.4609375,18113.4609375,18138.01953125,18012.619140625,18095.80078125,4505120000,18054.858203125,17807.6091796875,17653.26572265625,57.684073004390974,35.979884682587,-50.97575614883423,86.95564083142122,18290.072909655948,17016.458535656555,17653.26572265625,0.8613301044951679,-0.0003559390431987497,-0.00011722914346734559,0.011333731437136452,0.019910551605853533,0.01287568943074735,4684924000.0,4862671000.0,445336310000.0,29147.044,313.023,5.33,3.9,0.0678,0.0,0.1757699999999999
2024-05-10,18161.1796875,18161.1796875,18247.609375,18099.73046875,18171.150390625,4402110000,18108.933984375,17851.8970703125,17661.1501953125,58.680144642851914,58.557466368587484,-29.06911164534989,87.62657801393738,18319.747142196284,17002.553248428718,17661.1501953125,0.8796172260996947,0.0015731908494225344,-0.0003559390431987497,-0.00011722914346734559,0.011333731437136452,0.019910551605853533,4587884000.0,4855139500.0,449738420000.0,29147.044,313.023,5.33,3.9,0.1085,0.0112,0.1484899999999999
2024-05-13,18198.609375,18198.609375,18233.5,18147.5703125,18228.400390625,4452750000,18129.941796875,17893.4859375,17685.73916015625,59.48572089809803,78.56497733205106,-7.542293849869699,86.10727118192075,18386.86540930369,16984.612911008808,17685.73916015625,0.8657474067383685,0.002634435802448376,0.0015731908494225344,-0.0003559390431987497,-0.00011722914346734559,0.011333731437136452,4586408000.0,4832249500.0,454191170000.0,29147.044,313.023,5.33,3.9,0.08566153846153846,0.03994102564102563,0.12592384615384614
2024-05-14,18322.76953125,18322.76953125,18339.580078125,18175.30078125,18187.509765625,7270240000,18176.205859375,17981.6939453125,17716.19462890625,62.12367043545904,103.24956417143767,14.616077754391775,88.6334864170459,18473.123740798754,16959.265517013748,17716.19462890625,0.9006814461311757,0.002060972257532434,0.002634435802448376,0.0015731908494225344,-0.0003559390431987497,-0.00011722914346734559,5032082000.0,4945668500.0,461461410000.0,29147.044,313.023,5.33,3.9,0.0457,0.0,0.0910199999999999
2024-05-15,18596.650390625,18596.650390625,18607.529296875,18359.3203125,18412.810546875,8538990000,18278.533984375,18109.50390625,17771.34619140625,67.19743476140391,143.26075273738024,40.34501275098947,102.91573998639078,18615.683562925053,16927.008819887447,17771.34619140625,0.9887289293698942,0.0068225079011017264,0.002060972257532434,0.002634435802448376,0.0015731908494225344,-0.0003559390431987497,5833842000.0,5123044500.0,470000400000.0,29147.044,313.023,5.33,3.9,0.0578999999999999,0.0914,-0.0524599999999999
2024-05-16,18557.9609375,18557.9609375,18669.5,18553.30078125,18589.98046875,11932600000,18367.433984375,18211.14609375,17829.5287109375,65.85538297037947,169.8896107350556,66.2539323478027,103.63567838725291,18723.39133495526,16935.666086919737,17829.5287109375,0.9074631867301495,0.01494756886549764,0.0068225079011017264,0.002060972257532434,0.002634435802448376,0.0015731908494225344,7319338000.0,5473047500.0,458067800000.0,29147.044,313.023,5.33,3.9,0.0501,0.0595,-0.0576799999999999
2024-05-17,18546.23046875,18546.23046875,18590.369140625,18462.25,18571.8203125,9587280000,18444.444140625,18276.6890625,17904.95771484375,65.42871266725459,187.88084828896172,90.57931553603451,97.3015327529272,18771.65183295979,17038.26359672771,17904.95771484375,0.8699533321514892,-0.00208045278651392,0.01494756886549764,0.0068225079011017264,0.002060972257532434,0.002634435802448376,8356372000.0,5686611000.0,448480520000.0,29147.044,313.023,5.33,3.9,0.0875,0.0,0.18279
2024-05-20,18674.189453125,18674.189453125,18703.830078125,18549.83984375,18559.220703125,6861320000,18539.56015625,18334.7509765625,17978.12265625,67.87383254527833,210.04300924812924,114.47205427845346,95.57095496967578,18845.17209540934,17111.073217090663,17978.12265625,0.9013997157704647,-0.0006320990107429036,-0.00208045278651392,0.01494756886549764,0.0068225079011017264,0.002060972257532434,8838086000.0,5798840500.0,455341840000.0,29147.044,313.023,5.33,3.9,0.05303333333333333,0.009033333333333301,0.09569666666666667
2024-05-21,18713.80078125,18713.80078125,18721.1796875,18589.91015625,18603.990234375,6245090000,18617.76640625,18396.9861328125,18040.23916015625,68.613873289861,228.1727511691497,137.21219365659272,90.96055751255699,18932.10731988361,17148.371000428888,18040.23916015625,0.877612774796028,0.006899460490939591,-0.0006320990107429036,-0.00208045278651392,0.01494756886549764,0.0068225079011017264,8633056000.0,5863511500.0,461586930000.0,29147.044,313.023,5.33,3.9,0.0348,0.052,-0.03404
2024-05-22,18705.19921875,18705.19921875,18756.689453125,18606.16015625,18733.5390625,7277340000,18639.476171875,18459.005078125,18099.15908203125,68.2462372722166,239.09054112243757,157.5878631497617,81.50267797267588,19003.814716985587,17194.50344707691,18099.15908203125,0.8349562603174082,0.002121180585879179,0.006899460490939591,-0.0006320990107429036,-0.00208045278651392,0.01494756886549764,8380726000.0,5990585000.0,454309590000.0,29147.044,313.023,5.33,3.9,0.0172,0.0060999999999999,0.02307
2024-05-23,18623.390625,18623.390625,18907.5390625,18554.890625,18907.140625,7752800000,18652.562109375,18509.998046875,18158.80361328125,64.69574868188036,238.39364496193593,173.74901951219655,64.64462544973938,19034.675867281974,17282.931359280523,18158.80361328125,0.765213910816706,-0.00045963738743115545,0.002121180585879179,0.006899460490939591,-0.0006320990107429036,-0.00208045278651392,7544766000.0,6141043000.0,446556790000.0,29147.044,313.023,5.33,3.9,0.0524999999999999,0.0586999999999999,-0.01165
2024-05-24,18808.349609375,18808.349609375,18851.990234375,18664.7890625,18669.359375,5836040000,18704.9859375,18574.7150390625,18213.3060546875,68.66493266252697,249.88546985798894,188.97630958135505,60.909160276633884,19109.194899876697,17317.4172094983,18213.3060546875,0.8320967539013377,-0.00437357511103087,-0.00045963738743115545,0.002121180585879179,0.006899460490939591,-0.0006320990107429036,6794518000.0,6198125000.0,452392830000.0,29147.044,313.023,5.33,3.9,0.0993636363636363,0.1080909090909091,0.0324
2024-05-28,18869.439453125,18869.439453125,18875.19921875,18755.939453125,18855.150390625,6293380000,18744.0359375,18641.798046875,18267.6419921875,69.86984074267815,260.9146025986811,203.36396818482027,57.55063441386082,19185.131624244048,17350.15236013095,18267.6419921875,0.8279587255872172,0.009931541903369201,-0.00437357511103087,-0.00045963738743115545,0.002121180585879179,0.006899460490939591,6680930000.0,6264168000.0,458686210000.0,29147.044,313.023,5.33,3.9,0.12583611111111104,0.052358333333333326,0.13087249999999995
2024-05-29,18736.75,18736.75,18814.8203125,18706.619140625,18708.0703125,6652480000,18748.62578125,18683.19609375,18332.44501953125,64.10402625239172,255.9973615895542,213.89064686576708,42.10671472378712,19184.774643499666,17480.115395562832,18332.44501953125,0.7371764215975041,0.0032480172380222605,0.009931541903369201,-0.00437357511103087,-0.00045963738743115545,0.002121180585879179,6762408000.0,6335322000.0,452033730000.0,29147.044,313.023,5.33,3.9,0.0232,0.1139999999999999,-0.1643899999999999
2024-05-30,18538.66015625,18538.66015625,18705.259765625,18487.759765625,18683.25,6659290000,18715.31796875,18677.3970703125,18393.45048828125,56.59536875804036,233.425434669698,217.79760442655328,15.627830243144729,19102.908740358307,17683.992236204194,18393.45048828125,0.602338416350521,-0.007031976411097096,0.0032480172380222605,0.009931541903369201,-0.00437357511103087,-0.00045963738743115545,6638798000.0,6404397000.0,445374440000.0,29147.044,313.023,5.33,3.9,0.0839999999999999,0.0372,0.08079
2024-05-31,18536.650390625,18536.650390625,18574.560546875,18189.779296875,18550.80078125,6674090000,18697.969921875,18675.266015625,18443.2060546875,56.52303012289523,212.92043444423325,216.8221704300893,-3.9017359858560496,19030.091340928193,17856.320768446807,18443.2060546875,0.5796103924636277,-0.010572262732330806,-0.007031976411097096,0.0032480172380222605,0.009931541903369201,-0.00437357511103087,6423056000.0,6493021000.0,438700350000.0,29147.044,313.023,5.33,3.9,0.0739166666666666,0.0088333333333333,0.1322166666666666
2024-06-03,18600.970703125,18600.970703125,18707.220703125,18392.5703125,18666.720703125,5422040000,18656.494140625,18680.7400390625,18478.71455078125,58.35751230476051,199.5597847297613,213.36969329002372,-13.809908560262414,19007.981003128454,17949.448098434044,18478.71455078125,0.6154958450526817,-0.00010840943240020273,-0.010572262732330806,-0.007031976411097096,0.0032480172380222605,0.009931541903369201,6340256000.0,6519757500.0,444122390000.0,29147.044,313.023,5.33,3.9,0.0971083333333333,0.06545833333333333,0.06653833333333341
2024-06-04,18654.83984375,18654.83984375,18697.94921875,18521.849609375,18598.0,4917350000,18613.57421875,18678.805078125,18506.77802734375,59.88418667962322,191.1151070291926,208.9187760378575,-17.80366900866491,19008.882441670943,18004.673613016555,18506.77802734375,0.6474412614004296,0.003469899423281575,-0.00010840943240020273,-0.010572262732330806,-0.007031976411097096,0.0032480172380222605,6065050000.0,6542618500.0,449039740000.0,29147.044,313.023,5.33,3.9,0.0705,0.0562,0.0465999999999999
2024-06-05,19035.05078125,19035.05078125,19035.869140625,18768.25,18791.279296875,5325000000,18673.234375,18710.930078125,18553.95810546875,68.62674552562439,212.6511738503541,209.66525560035683,2.985918249997269,19068.907646491287,18039.008564446216,18553.95810546875,0.9671260361024332,0.00289603921670345,0.003469899423281575,-0.00010840943240020273,-0.010572262732330806,-0.007031976411097096,5799554000.0,6556775000.0,454364740000.0,29147.044,313.175,5.33,3.9,0.0595,0.0,0.13358
2024-06-06,19021.189453125,19021.189453125,19071.7890625,18978.859375,19053.009765625,4960580000,18769.740234375,18742.5291015625,18600.76708984375,68.04453356170274,225.9950385025404,212.93121218079355,13.063826321746859,19106.34499949877,18095.18918018873,18600.76708984375,0.9157839526336536,0.0203813562959847,0.00289603921670345,0.003469899423281575,-0.00010840943240020273,-0.010572262732330806,5459812000.0,6578294500.0,449404160000.0,29147.044,313.175,5.33,3.9,0.0075,0.0,0.00772
2024-06-07,19000.94921875,19000.94921875,19113.880859375,18958.6796875,18992.580078125,4755650000,18862.6,18780.2849609375,18645.14150390625,67.14871347916134,232.25958569012073,216.796886882659,15.46269880746172,19125.807606570375,18164.47540124212,18645.14150390625,0.8701194164427878,-0.0007282002178136127,0.0203813562959847,0.00289603921670345,0.003469899423281575,-0.00010840943240020273,5076124000.0,6590821000.0,444648510000.0,29147.044,313.175,5.33,3.9,0.0679999999999999,0.0402,0.0553399999999999
2024-06-10,19074.669921875,19074.669921875,19089.830078125,18940.7109375,18945.310546875,5207110000,18957.33984375,18806.9169921875,18690.816015625,68.76185123690239,240.40172763121518,221.51785503237025,18.88387259884493,19151.020075026954,18230.61195622305,18690.816015625,0.9170475014375437,-0.0010640887850299485,-0.0007282002178136127,0.0203813562959847,0.00289603921670345,0.003469899423281575,5033138000.0,6631071000.0,449855620000.0,29147.044,313.175,5.33,3.9,0.07346666666666667,0.013333333333333334,0.1341
2024-06-11,19210.1796875,19210.1796875,19212.630859375,18966.560546875,19031.400390625,5009220000,19068.4078125,18840.991015625,18741.39453125,71.52931997526399,254.8511736733126,228.18451876055872,26.66665491275387,19196.147086084246,18286.641976415754,18741.39453125,1.015428831863154,0.00387984317395329,-0.0010640887850299485,-0.0007282002178136127,0.0203813562959847,0.00289603921670345,5051512000.0,6658894500.0,454864840000.0,29147.044,313.175,5.33,3.9,0.0896,0.0975999999999999,-4.999999999999449e-05
2024-06-12,19465.1796875,19465.1796875,19556.900390625,19347.279296875,19358.259765625,5560630000,19154.43359375,18913.833984375,18798.5150390625,75.86281518139711,283.60955819435185,239.26952664731735,44.3400315470345,19314.708081825836,18282.32199629916,18798.5150390625,1.145751291870037,0.007104173554772553,0.00387984317395329,-0.0010640887850299485,-0.0007282002178136127,0.0203813562959847,5098638000.0,6573414000.0,460425470000.0,29147.044,313.175,5.33,3.9,0.0595,0.0445,0.0110999999999999
2024-06-13,19576.919921875,19576.919921875,19639.44921875,19473.7109375,19609.05078125,4916020000,19265.5796875,19017.6599609375,18847.528515625,77.4803588937963,311.82278917157964,253.7801791521698,58.042610019409835,19460.16404395877,18234.892987291227,18847.528515625,1.0952898358945793,0.01327421211816815,0.007104173554772553,0.00387984317395329,-0.0010640887850299485,-0.0007282002178136127,5089726000.0,6392265500.0,465341490000.0,29147.044,313.175,5.33,3.9,0.1207,0.0378,0.1093799999999999
2024-06-14,19659.80078125,19659.80078125,19664.58984375,19534.619140625,19557.220703125,4973820000,19397.35,19129.975,18902.6205078125,78.62458866108545,336.9852148825521,270.42118629824625,66.56402858430585,19598.17256865543,18207.068446969566,18902.6205078125,1.0443016533657326,0.005740519027767066,0.01327421211816815,0.007104173554772553,0.00387984317395329,-0.0010640887850299485,5133360000.0,6044326500.0,470315310000.0,29147.044,313.175,5.33,3.9,0.0743,0.0725,0.0220299999999999
2024-06-17,19902.75,19902.75,19977.83984375,19623.7109375,19681.859375,6061200000,19562.966015625,19260.1529296875,18970.446484375,81.57923429030927,372.2396431902089,290.7848776766388,81.45476551357007,19775.594794824792,18165.298173925206,18970.446484375,1.078963840279422,0.004233600571782903,0.005740519027767066,0.01327421211816815,0.007104173554772553,0.00387984317395329,5304178000.0,5868022500.0,476376510000.0,29147.044,313.175,5.33,3.9,0.08953333333333334,0.023466666666666667,0.12246999999999997
2024-06-18,19908.859375,19908.859375,19940.5,19837.859375,19904.4296875,5796180000,19702.701953125,19385.5548828125,19032.17998046875,81.64793194183383,396.1059443635568,311.8490910140224,84.25685334953437,19926.12253043877,18138.23743049873,19032.17998046875,0.9903443708774412,0.012357664324946116,0.004233600571782903,0.005740519027767066,0.01327421211816815,0.007104173554772553,5461570000.0,5814765500.0,482172690000.0,29147.044,313.175,5.33,3.9,0.0696,0.0363,0.06179
2024-06-20,19752.30078125,19752.30078125,19979.9296875,19685.029296875,19962.970703125,6289300000,19760.126171875,19457.2798828125,19084.10498046875,74.02889164299299,397.80158088839016,329.03958898889596,68.7619918994942,20019.8475938986,18148.3623670389,19084.10498046875,0.8570403822542928,0.000306961349562318,0.012357664324946116,0.004233600571782903,0.005740519027767066,0.01327421211816815,5607304000.0,5816976000.0,475883390000.0,29147.044,313.175,5.33,3.9,0.16670000000000001,0.0195,0.284155
2024-06-21,19700.4296875,19700.4296875,19801.970703125,19643.51953125,19722.369140625,8589160000,19784.828125,19525.20390625,19133.86650390625,71.6434715093776,390.458854665525,341.3234421242218,49.1354125413032,20090.38761460213,18177.345393210373,19133.86650390625,0.796158222363524,-0.00786376511085285,0.000306961349562318,0.012357664324946116,0.004233600571782903,0.005740519027767066,6341932000.0,5882567000.0,467294230000.0,29147.044,313.175,5.33,3.9,0.096,0.055,0.0303545454545454
2024-06-24,19474.619140625,19474.619140625,19723.19921875,19472.529296875,19648.23046875,5503210000,19747.791796875,19572.5708984375,19176.4279296875,62.2409686052673,362.24295596908996,345.50734489319547,16.735611075894496,20112.85195132544,18240.00390804956,19176.4279296875,0.6592180486869194,-0.0026260785679832477,-0.00786376511085285,0.000306961349562318,0.012357664324946116,0.004233600571782903,6447810000.0,5770087500.0,461791020000.0,29147.044,313.175,5.33,3.9,0.08340740740740737,0.024299999999999964,0.11780777777777778
2024-06-25,19701.130859375,19701.130859375,19712.419921875,19523.509765625,19555.83984375,4848280000,19707.46796875,19635.2169921875,19221.0669921875,66.92951818900465,354.07766867451573,347.22140964945953,6.856259025056204,20168.66293660894,18273.471047766063,19221.0669921875,0.7533062060964206,-0.011462214299735707,-0.0026260785679832477,-0.00786376511085285,0.000306961349562318,0.012357664324946116,6205226000.0,5720699500.0,466639300000.0,29147.044,313.175,5.33,3.9,0.0718,0.0,0.11688
2024-06-26,19751.05078125,19751.05078125,19763.55078125,19654.1796875,19671.0703125,5294310000,19675.90625,19689.3041015625,19265.14755859375,67.87621789968178,347.62750665683416,347.30262905093446,0.32487760589970094,20225.8035641383,18304.491553049204,19265.14755859375,0.7529017774582142,0.011631124445329322,-0.011462214299735707,-0.0026260785679832477,-0.00786376511085285,0.000306961349562318,6104852000.0,5670746000.0,471933610000.0,29147.044,313.175,5.33,3.9,0.0854999999999999,0.0,0.16299
2024-06-27,19789.029296875,19789.029296875,19850.810546875,19701.33984375,19740.51953125,5382060000,19683.251953125,19721.6890625,19317.7615234375,68.61238898691055,341.64201906711605,346.1705070541708,-4.528487987054746,20271.807569390385,18363.715477484617,19317.7615234375,0.7469837674170147,0.0025338607327327622,0.011631124445329322,-0.011462214299735707,-0.0026260785679832477,-0.00786376511085285,5923404000.0,5607225000.0,477315670000.0,29147.044,313.175,5.33,3.9,0.0327,0.0454,-0.02263
2024-06-28,19682.869140625,19682.869140625,20017.7109375,19665.849609375,19817.0,8960940000,19679.73984375,19732.283984375,19374.97197265625,64.1845594221111,324.59056169264295,341.85451798186523,-17.26395628922228,20267.55099717728,18482.39294813522,19374.97197265625,0.672476139092542,0.0019228605123660092,0.0025338607327327622,0.011631124445329322,-0.011462214299735707,-0.0026260785679832477,5997760000.0,5722307500.0,468354730000.0,29147.044,313.175,5.33,3.9,0.1576,0.0463,0.19996
2024-07-01,19812.220703125,19812.220703125,19827.75,19577.5390625,19720.109375,5189990000,19747.26015625,19747.5259765625,19438.75048828125,66.98065268153047,317.85076318907886,337.05376702330796,-19.203003834229094,20258.4245753249,18619.0764012376,19438.75048828125,0.727816287440999,-0.0053645964467172735,0.0019228605123660092,0.0025338607327327622,0.011631124445329322,-0.011462214299735707,5935116000.0,5648102500.0,473544720000.0,29147.044,313.175,5.33,3.9,0.0882,0.027499999999999997,0.12561333333333333
2024-07-02,20011.890625,20011.890625,20014.919921875,19741.810546875,19746.220703125,4526550000,19809.412109375,19758.4400390625,19509.296484375,70.7736426720303,324.87614829239465,334.6182432771253,-9.74209498473067,20265.803907960653,18752.78906078935,19509.296484375,0.8321805741461404,0.006571783898772221,-0.0053645964467172735,0.0019228605123660092,0.0025338607327327622,0.011631124445329322,5870770000.0,5603328000.0,478071270000.0,29147.044,313.175,5.33,3.9,0.0676,0.0267,0.14475
2024-07-03,20186.630859375,20186.630859375,20186.630859375,19995.279296875,19995.279296875,3713960000,19896.528125,19786.2171875,19585.88603515625,73.62866955601103,340.6174670181572,335.8180880253317,4.7993789928254955,20286.23302558871,18885.53904472379,19585.88603515625,0.9288908444139908,0.010078119200615632,0.006571783898772221,-0.0053645964467172735,0.0019228605123660092,0.0025338607327327622,5554700000.0,5543158500.0,481785230000.0,29147.044,313.175,5.33,3.9,0.1183,0.0544,0.10346
2024-07-05,20391.970703125,20391.970703125,20407.0,20201.5,20224.130859375,4851000000,20017.11640625,19850.1841796875,19653.73203125,76.53009752954631,365.44911489995866,341.7442934002571,23.704821499701552,20391.309786588226,18916.154275911776,19653.73203125,1.0004480317715592,0.008731820378665489,0.010078119200615632,0.006571783898772221,-0.0053645964467172735,0.0019228605123660092,5448488000.0,5519458500.0,486636230000.0,29147.044,313.175,5.33,3.9,0.12586363636363634,0.05440909090909089,0.12068909090909094
2024-07-08,20439.5390625,20439.5390625,20455.380859375,20363.369140625,20393.890625,5286260000,20168.450390625,19924.0951171875,19724.64951171875,77.15708787199628,384.5340743597735,350.3022495921604,34.23182476761309,20478.711673899692,18970.58734953781,19724.64951171875,0.9740256086538046,0.010172071069236344,0.008731820378665489,0.010078119200615632,0.006571783898772221,-0.0053645964467172735,4713552000.0,5535742500.0,491922490000.0,29147.044,313.044,5.33,4.1,0.10461481481481479,0.0396185185185185,0.0950629629629629
2024-07-09,20453.01953125,20453.01953125,20543.900390625,20395.5703125,20504.169921875,4839140000,20296.61015625,20021.93515625,19797.25302734375,77.34182154443546,396.17988826008514,359.47777732574536,36.70211093433977,20537.416828239562,19057.08922644794,19797.25302734375,0.9429874192121952,0.002332700456837644,0.010172071069236344,0.008731820378665489,0.010078119200615632,0.006571783898772221,4643382000.0,5539917000.0,496761630000.0,29147.044,313.044,5.33,4.1,0.0502,0.0185,0.0230799999999999
2024-07-10,20675.380859375,20675.380859375,20690.970703125,20479.939453125,20533.26953125,5228240000,20429.308203125,20119.36015625,19877.28857421875,80.18799848698055,418.527456513777,371.2877131633517,47.23974335042527,20634.446698224296,19120.130450213204,19877.28857421875,1.027031448156531,0.00065952899959143,0.002332700456837644,0.010172071069236344,0.008731820378665489,0.010078119200615632,4783720000.0,5540973500.0,501989870000.0,29147.044,313.044,5.33,4.1,0.1329,0.0118,0.15208
2024-07-11,20211.359375,20211.359375,20672.099609375,20165.0,20661.41015625,6366620000,20434.25390625,20165.391015625,19927.34755859375,62.53483876789927,394.2507325286206,375.88031703640553,18.370415492215045,20629.160401003508,19225.53471618399,19927.34755859375,0.7023415640493714,0.01087180930841325,0.00065952899959143,0.002332700456837644,0.010172071069236344,0.008731820378665489,5314252000.0,5608843500.0,495623250000.0,29147.044,313.044,5.33,4.1,0.0474,0.1125,-0.17282
2024-07-12,20331.490234375,20331.490234375,20526.080078125,20217.990234375,20226.23046875,5845930000,20422.1578125,20219.637109375,19970.6630859375,64.70140361189358,380.3207098404964,376.76839559722373,3.55231424327269,20659.182240668342,19282.143931206658,19970.6630859375,0.7620313073051362,-0.022443189198354974,0.01087180930841325,0.00065952899959143,0.002332700456837644,0.010172071069236344,5513238000.0,5623108500.0,501469180000.0,29147.044,313.044,5.33,4.1,0.1283,0.093,0.10466
2024-07-15,20386.880859375,20386.880859375,20585.169921875,20304.529296875,20401.01953125,5450350000,20411.626171875,20290.03828125,20011.1611328125,65.68671333698532,369.491360613727,375.3129886005244,-5.8216279867974094,20697.444823610705,19324.877442014295,20011.1611328125,0.7737349958917911,0.0059437298177773545,-0.022443189198354974,0.01087180930841325,0.00065952899959143,0.002332700456837644,5546056000.0,5649825000.0,506919530000.0,29147.044,313.044,5.33,4.1,0.1105,0.045366666666666666,0.1667733333333333
2024-07-16,20398.619140625,20398.619140625,20477.0,20266.509765625,20441.529296875,5812930000,20400.74609375,20348.678125,20048.10205078125,65.90391978609905,357.73248709572727,371.796888299565,-14.064401203837747,20734.290175665014,19361.913925897486,20048.10205078125,0.7554088865230112,0.002724376047278154,0.0059437298177773545,-0.022443189198354974,0.01087180930841325,0.00065952899959143,5740814000.0,5691780500.0,512732460000.0,29147.044,313.044,5.33,4.1,0.1214,0.0,0.25924
2024-07-17,19799.140625,19799.140625,20080.26953125,19793.75,20041.310546875,6007280000,20225.498046875,20327.403125,20042.92158203125,48.88477265697441,296.62132298367214,356.7617752363865,-60.14045225271434,20735.266948495417,19350.57621556708,20042.92158203125,0.32394555604795383,0.0005757762225113705,0.002724376047278154,0.0059437298177773545,-0.022443189198354974,0.01087180930841325,5896622000.0,5689084500.0,506725180000.0,29147.044,313.044,5.33,4.1,0.0673,0.1313,-0.11091
2024-07-18,19705.08984375,19705.08984375,19947.98046875,19575.7890625,19936.240234375,5977260000,20124.244140625,20279.2490234375,20032.73310546875,46.841028913424836,237.85927940033798,332.98127606917683,-95.12199666883885,20739.23769816789,19326.22851276961,20032.73310546875,0.2681237566573941,-0.029388191009023013,0.0005757762225113705,0.002724376047278154,0.0059437298177773545,-0.022443189198354974,5818750000.0,5698138500.0,500747920000.0,29147.044,313.044,5.33,4.1,0.061,0.0108,0.11374
2024-07-19,19522.619140625,19522.619140625,19784.48046875,19479.380859375,19687.80078125,4992930000,19962.469921875,20192.3138671875,20021.2490234375,43.07810965570337,174.55392672079688,301.2958061995009,-126.74187947870399,20753.928719162792,19288.569327712208,20021.2490234375,0.1597217817542371,-0.0047502456309261865,-0.029388191009023013,0.0005757762225113705,0.002724376047278154,0.0059437298177773545,5648150000.0,5633320000.0,495754990000.0,29147.044,313.044,5.33,4.1,0.0921818181818181,0.055090909090909,0.028190909090909
2024-07-22,19822.869140625,19822.869140625,19861.720703125,19638.369140625,19751.01953125,5093620000,19849.667578125,20130.646875,20027.37099609375,50.171456842690816,146.91806434542013,270.4202578286847,-123.50219348326459,20750.75089324582,19303.99109894168,20027.37099609375,0.358648369775088,-0.00926007973431675,-0.0047502456309261865,-0.029388191009023013,0.0005757762225113705,0.002724376047278154,5576804000.0,5458543000.0,500848610000.0,29147.044,313.044,5.33,4.1,0.050851851851851836,0.044044444444444435,0.0023977777777777673
2024-07-23,19754.33984375,19754.33984375,19904.599609375,19736.220703125,19783.330078125,4938000000,19720.81171875,20060.77890625,20041.35703125,48.68036740689066,118.12503094624844,239.9612124521975,-121.83618150594904,20729.706999148973,19353.00706335103,20041.35703125,0.29151797713011113,0.015379596243580096,-0.00926007973431675,-0.0047502456309261865,-0.029388191009023013,0.0005757762225113705,5401818000.0,5430282500.0,495910610000.0,29147.044,313.044,5.33,4.1,0.0208,0.0460999999999999,-0.01901
2024-07-24,19032.390625,19032.390625,19482.55078125,19005.470703125,19475.66015625,6735560000,19567.46171875,19896.4798828125,20007.92001953125,36.40524148837543,36.62884167685479,199.29473829712896,-162.66589662027417,20819.749747311864,19196.09029175064,20007.92001953125,-0.10082142914263735,-0.0034570826447396508,0.015379596243580096,-0.00926007973431675,-0.0047502456309261865,-0.029388191009023013,5547474000.0,5524646500.0,489175050000.0,29147.044,313.044,5.33,4.1,0.0763,0.0816,-0.0077699999999999
2024-07-25,18830.580078125,18830.580078125,19227.19921875,18721.7109375,19041.150390625,6114350000,19392.559765625,19758.401953125,19961.896484375,33.83672519710136,-43.73771880260756,150.68824687718165,-194.42596567978921,20925.262827122006,18998.530141627994,19961.896484375,-0.08716832634202826,-0.036546360164924185,-0.0034570826447396508,0.015379596243580096,-0.00926007973431675,-0.0047502456309261865,5574892000.0,5565648500.0,483060700000.0,29147.044,313.044,5.33,4.1,0.0356999999999999,0.0413,-0.0165
2024-07-26,19023.66015625,19023.66015625,19142.6796875,18899.310546875,18990.19921875,5281560000,19292.76796875,19627.6189453125,19923.62802734375,38.32043985437855,-90.80213780300983,102.39016994114337,-193.1923077441532,20972.885380846943,18874.37067384056,19923.62802734375,0.07114054617344456,-0.010603531151252787,-0.036546360164924185,-0.0034570826447396508,0.015379596243580096,-0.00926007973431675,5632618000.0,5560623500.0,488342260000.0,29147.044,313.044,5.33,4.1,0.1085,0.0668,0.0617
2024-07-29,19059.490234375,19059.490234375,19224.58984375,18974.509765625,19122.4296875,4897230000,19140.0921875,19494.8798828125,19892.45908203125,39.144606475101874,-123.78294830556842,57.155546291801016,-180.93849459736944,21006.84434486476,18778.073819197743,19892.45908203125,0.12626531620747972,0.010253538516813654,-0.010603531151252787,-0.036546360164924185,-0.0034570826447396508,0.015379596243580096,5593340000.0,5357438000.0,493239490000.0,29147.044,313.044,5.33,4.1,0.12536666666666665,0.07846666666666667,0.09737333333333333
2024-07-30,18796.26953125,18796.26953125,19165.419921875,18667.220703125,19129.560546875,5564310000,18948.478125,19334.644921875,19841.6615234375,35.40212189518674,-169.20964569155694,11.882507895129423,-181.09215358668638,21059.285995510552,18624.037051364445,19841.6615234375,0.07072479398854502,0.0018834481814073989,0.010253538516813654,-0.010603531151252787,-0.036546360164924185,-0.0034570826447396508,5718602000.0,5376154000.0,487675180000.0,29147.044,313.044,5.33,4.1,0.0803,0.0687,0.02022
2024-07-31,19362.4296875,19362.4296875,19426.619140625,19162.91015625,19222.849609375,6292560000,19014.4859375,19290.973828125,19809.1884765625,47.114137020718644,-157.70827481799643,-22.035648647495744,-135.67262617050068,21042.241142556722,18576.135810568278,19809.1884765625,0.31884034584107807,-0.013810479707912937,0.0018834481814073989,0.010253538516813654,-0.010603531151252787,-0.036546360164924185,5630002000.0,5464454500.0,493967740000.0,29147.044,313.044,5.33,4.1,0.093,0.036,0.08278
2024-08-01,18890.390625,18890.390625,19538.970703125,18737.08984375,19375.970703125,6664550000,19026.448046875,19209.50390625,19744.37646484375,40.518065001370715,-184.55552171400632,-54.53962326079786,-130.01589845320845,21029.080360175307,18459.672569512193,19744.37646484375,0.1676332021148916,0.030120878789736683,-0.013810479707912937,0.0018834481814073989,0.010253538516813654,-0.010603531151252787,5740042000.0,5611984000.0,487303190000.0,29147.044,313.044,5.33,4.1,0.054,0.0,0.08895
2024-08-02,18440.849609375,18440.849609375,18628.779296875,18263.5,18494.240234375,6313870000,18909.8859375,19101.326953125,19646.82041015625,35.4307302213128,-239.34731444063436,-91.50116149676516,-147.84615294386919,21017.887206339317,18275.753613973186,19646.82041015625,0.06020713063047976,-0.024379123390941948,0.030120878789736683,-0.013810479707912937,0.0018834481814073989,0.010253538516813654,5946504000.0,5685127500.0,480989320000.0,29147.044,313.044,5.33,4.1,0.1259,0.0987,0.06528
2024-08-05,17895.16015625,17895.16015625,18169.490234375,17435.390625,17444.400390625,6852190000,18677.019921875,18908.5560546875,19519.60146484375,30.435228541165117,-323.0785350376718,-137.8166362049465,-185.26189883272534,21044.509216358543,17994.693713328954,19519.60146484375,-0.03263592731431801,-0.023797338263088497,-0.024379123390941948,0.030120878789736683,-0.013810479707912937,0.0018834481814073989,6337496000.0,5763424000.0,474137130000.0,29511.664,313.569,5.33,4.2,0.0764,0.14629999999999999,-0.09941666666666664
2024-08-06,18077.919921875,18077.919921875,18368.6796875,17858.8203125,17961.44921875,5908930000,18533.35,18740.9140625,19400.846484375,33.801630823546446,-370.41898542665876,-184.33710604928896,-186.0818793773698,20988.330678571485,17813.362290178517,19400.846484375,0.08332606795823598,-0.02959134013259246,-0.023797338263088497,-0.024379123390941948,0.030120878789736683,-0.013810479707912937,6406420000.0,5816913500.0,480046060000.0,29511.664,313.569,5.33,4.2,0.1056999999999999,0.0676,0.0982
2024-08-07,17867.369140625,17867.369140625,18445.75,17851.080078125,18345.44921875,5913620000,18234.337890625,18624.4119140625,19260.4458984375,31.88714050924571,-420.0838566239945,-231.48645616423008,-188.59740045976443,20869.85064080055,17651.041156074454,19260.4458984375,0.06720745218909852,0.01021280413414849,-0.02959134013259246,-0.023797338263088497,-0.024379123390941948,0.030120878789736683,6330632000.0,5851182500.0,474132440000.0,29511.664,313.569,5.33,4.2,0.1459,0.1047,0.0595199999999999
2024-08-08,18413.8203125,18413.8203125,18445.41015625,17965.0703125,18102.05078125,5815880000,18139.023828125,18582.7359375,19170.5689453125,41.19609439569897,-410.61625360482503,-267.3124156523491,-143.30383795247593,20756.98186868219,17584.156021942814,19170.5689453125,0.2614906492298684,-0.011646847765667157,0.01021280413414849,-0.02959134013259246,-0.023797338263088497,-0.024379123390941948,6160898000.0,5823645500.0,479948320000.0,29511.664,313.569,5.33,4.2,0.1162,0.102,0.03812
2024-08-09,18513.099609375,18513.099609375,18567.630859375,18313.779296875,18373.890625,5783410000,18153.473828125,18531.6798828125,19079.6494140625,42.727567620967086,-390.5995124162473,-291.96983500512874,-98.62967741111856,20592.649486512368,17566.649341612632,19079.6494140625,0.3127727106548859,0.03058375117087242,-0.011646847765667157,0.01021280413414849,-0.02959134013259246,-0.023797338263088497,6054806000.0,5820519500.0,485731730000.0,29511.664,313.569,5.33,4.2,0.0447692307692307,0.0413076923076923,-0.0355
2024-08-12,18542.029296875,18542.029296875,18665.75,18433.609375,18548.23046875,4890850000,18282.84765625,18479.9337890625,18987.4068359375,43.191851500437245,-368.15782259708794,-307.2074325235206,-60.95039007356735,20385.41754787342,17589.39612400158,18987.4068359375,0.3407102552004923,0.005391564335381682,0.03058375117087242,-0.011646847765667157,0.01021280413414849,-0.02959134013259246,5662538000.0,5792544500.0,490622580000.0,29511.664,313.569,5.33,4.2,0.11045555555555549,0.029733333333333334,0.13030518518518516
2024-08-13,19006.4296875,19006.4296875,19013.009765625,18723.740234375,18724.83984375,5469160000,18468.549609375,18500.9498046875,18917.79736328125,50.17454200728031,-309.33358633453463,-307.6326632857234,-1.7009230488112053,20148.586018624377,17687.008707938123,18917.79736328125,0.536006313445439,0.001562660392393278,0.005391564335381682,0.03058375117087242,-0.011646847765667157,0.01021280413414849,5574584000.0,5775356000.0,496091740000.0,29511.664,313.569,5.33,4.2,0.0741,0.0118999999999999,0.14098
2024-08-14,19022.6796875,19022.6796875,19103.0,18837.099609375,19043.759765625,4985480000,18699.61171875,18466.9748046875,18878.97431640625,50.404263681638646,-258.4247563700301,-297.7910819025848,39.3663255325547,20039.69851590274,17718.25011690976,18878.97431640625,0.561903323440697,0.02504582336644612,0.001562660392393278,0.005391564335381682,0.03058375117087242,-0.011646847765667157,5388956000.0,5724266000.0,501077220000.0,29511.664,313.569,5.33,4.2,0.0591,0.0839,-0.02741
2024-08-15,19490.150390625,19490.150390625,19502.919921875,19239.939453125,19251.859375,5478170000,18914.877734375,18526.95078125,18868.22734375,56.60291176998791,-178.30279923835405,-273.8934253697386,95.59062613138457,20000.3741215146,17736.0805659854,18868.22734375,0.7746653786812756,0.0008549738308130106,0.02504582336644612,0.001562660392393278,0.005391564335381682,0.03058375117087242,5321414000.0,5699311500.0,506555390000.0,29511.664,313.569,5.33,4.2,0.2097,0.0381,0.32187
2024-08-16,19508.51953125,19508.51953125,19561.240234375,19376.720703125,19393.73046875,5138150000,19113.96171875,18633.7177734375,18867.52236328125,56.83123044359486,-112.0319008176557,-241.52112045932205,129.48921964166635,19997.96969644493,17737.07503011757,18867.52236328125,0.783514830440995,0.024574387562872113,0.0008549738308130106,0.02504582336644612,0.001562660392393278,0.005391564335381682,5192362000.0,5706572500.0,511693540000.0,29511.664,313.569,5.33,4.2,0.1751,0.0829,0.20656
2024-08-19,19766.490234375,19766.490234375,19767.4296875,19445.099609375,19521.9296875,5564300000,19358.85390625,18820.85078125,18864.70341796875,60.01298082264003,-38.254680428872234,-200.8678324532321,162.61315202435986,19985.358763008982,17744.04807292852,18864.70341796875,0.9023479745121258,0.0009424832675399841,0.024574387562872113,0.0008549738308130106,0.02504582336644612,0.001562660392393278,5327052000.0,5730106500.0,517257840000.0,29511.664,313.569,5.33,4.2,0.1309,0.061733333333333335,0.1523766666666667
2024-08-20,19719.8203125,19719.8203125,19835.380859375,19652.1796875,19736.349609375,5305260000,19501.53203125,18985.0408203125,18862.97744140625,59.16340727495819,16.260979161244904,-157.4420701303367,173.7030492915816,19977.955587482233,17747.999295330264,18862.97744140625,0.8842420024595526,0.013223489497076635,0.0009424832675399841,0.024574387562872113,0.0008549738308130106,0.02504582336644612,5294272000.0,5748469500.0,511952580000.0,29511.664,313.569,5.33,4.2,0.036,0.02,0.00517
2024-08-21,19824.83984375,19824.83984375,19885.33984375,19690.640625,19758.470703125,4765150000,19661.9640625,19180.787890625,18902.59990234375,60.517891061113225,67.1649943909797,-112.52065722607342,179.6856516170531,20096.458479054334,17708.741325633167,18902.59990234375,0.8862433789885231,-0.0023610626530874423,0.013223489497076635,0.0009424832675399841,0.024574387562872113,0.0008549738308130106,5250206000.0,5649949000.0,516717730000.0,29511.664,313.569,5.33,4.2,0.0295999999999999,0.0236,0.02114
2024-08-22,19491.83984375,19491.83984375,19938.890625,19459.859375,19911.279296875,5065360000,19662.301953125,19288.58984375,18935.662890625,54.36088384594723,79.71754199956194,-74.07301738094635,153.79055938050828,20157.423532202905,17713.902249047096,18935.662890625,0.727612894947531,0.005325582565447018,-0.0023610626530874423,0.013223489497076635,0.0009424832675399841,0.024574387562872113,5167644000.0,5597499500.0,511652370000.0,29511.664,313.569,5.33,4.2,0.0392,0.0182,0.03054
2024-08-23,19720.869140625,19720.869140625,19818.400390625,19526.630859375,19669.779296875,5380810000,19704.771875,19409.366796875,18970.52333984375,57.5590598658817,106.91384039518016,-37.87564582572105,144.7894862209012,20241.645585660957,17699.40109402654,18970.52333984375,0.7951509200827697,-0.01679710921372124,0.005325582565447018,-0.0023610626530874423,0.013223489497076635,0.0009424832675399841,5216176000.0,5602462000.0,517033180000.0,29511.664,313.569,5.33,4.2,0.1075454545454545,0.1138181818181818,0.0168818181818181
2024-08-26,19516.439453125,19516.439453125,19726.900390625,19437.33984375,19679.240234375,5110940000,19654.76171875,19506.8078125,18993.37080078125,53.92656112821419,110.69530890576425,-8.161454879423992,118.85676378518824,20287.445560119762,17699.296041442736,18993.37080078125,0.7021014043312017,0.011750009168500108,-0.01679710921372124,0.005325582565447018,-0.0023610626530874423,0.013223489497076635,5125504000.0,5613147500.0,511922240000.0,29511.664,313.569,5.33,4.2,0.12794444444444444,0.05198148148148146,0.18154777777777775
2024-08-27,19581.51953125,19581.51953125,19617.919921875,19369.529296875,19450.5703125,4362380000,19627.1015625,19564.316796875,19032.63330078125,54.90230297063791,117.58808609176413,16.98845331481363,100.5996327769505,20348.986251664635,17716.280349897865,19032.63330078125,0.708487484340883,-0.010366160134335778,0.011750009168500108,-0.01679710921372124,0.005325582565447018,-0.0023610626530874423,4936928000.0,5553051000.0,516284620000.0,29511.664,313.569,5.33,4.2,0.0317,0.0285999999999999,0.01224
2024-08-28,19350.779296875,19350.779296875,19587.0390625,19221.48046875,19567.44921875,5211920000,19532.289453125,19597.1267578125,19032.05078125,50.794925862128274,103.24174654556191,34.239111960963285,69.00263458459862,20347.799406676426,17716.302155823574,19032.05078125,0.6211205960871523,0.0033346286489044363,-0.010366160134335778,0.011750009168500108,-0.01679710921372124,0.005325582565447018,5026282000.0,5499019000.0,511072700000.0,29511.664,313.569,5.33,4.2,0.0065,0.092,-0.18818
2024-08-29,19325.44921875,19325.44921875,19622.73046875,19281.650390625,19425.279296875,5727780000,19499.011328125,19580.656640625,19053.8037109375,50.3496101570535,88.80455979659382,45.15220152808939,43.65235826850443,20374.0688246244,17733.5385972506,19053.8037109375,0.6028753638176191,-0.01178357144381792,0.0033346286489044363,-0.010366160134335778,0.011750009168500108,-0.01679710921372124,5158766000.0,5452180500.0,505344920000.0,29511.664,313.569,5.33,4.2,0.1328,0.0388,0.23555
2024-08-30,19574.640625,19574.640625,19582.169921875,19326.619140625,19506.26953125,5531150000,19469.765625,19587.26875,19110.49326171875,54.56928038829165,96.35987255969303,55.39373573441012,40.96613682528291,20417.23763865115,17803.748884786353,19110.49326171875,0.6775968473538954,-0.0013089952469815813,-0.01178357144381792,0.0033346286489044363,-0.010366160134335778,0.011750009168500108,5188834000.0,5413044500.0,510876070000.0,29511.664,313.569,5.33,4.2,0.1439,0.0644,0.2632
2024-09-03,18958.740234375,18958.740234375,19438.109375,18869.80078125,19438.109375,5813970000,19358.22578125,19506.49375,19163.672265625,44.502277585749724,52.04950384776748,54.724889357081594,-2.6753855093141112,20342.47124509446,17984.873286155536,19163.672265625,0.4130759209928093,0.012894469020064525,-0.0013089952469815813,-0.01178357144381792,0.0033346286489044363,-0.010366160134335778,5329440000.0,5361133500.0,505062100000.0,29511.664,313.569,5.33,4.2,0.10034999999999998,0.048600000000000004,0.09219499999999997
2024-09-04,18921.400390625,18921.400390625,19070.8203125,18808.759765625,18832.640625,5011820000,19226.201953125,19426.6517578125,19205.8462890625,43.97263710076445,13.761569271784538,46.53222534002219,-32.77065606823765,20276.478955528164,18135.21362259684,19205.8462890625,0.36715990117483294,-0.031464199135201265,0.012894469020064525,-0.0013089952469815813,-0.01178357144381792,0.0033346286489044363,5459328000.0,5316278000.0,500050280000.0,29511.664,313.569,5.33,4.2,0.0403,0.1094,-0.13897
2024-09-05,18930.330078125,18930.330078125,19102.359375,18806.830078125,18864.419921875,4983030000,19142.112109375,19337.20078125,19258.9943359375,44.14384288648442,-15.6805875244645,34.08966276712485,-49.77025029158935,20138.30049347651,18379.68817839849,19258.9943359375,0.3131115908864095,-0.0019695319039341186,-0.031464199135201265,0.012894469020064525,-0.0013089952469815813,-0.01178357144381792,5413550000.0,5269748500.0,505033310000.0,29511.664,314.062,5.33,4.2,0.1209,0.0554999999999999,0.14752
2024-09-06,18421.310546875,18421.310546875,18930.76953125,18400.970703125,18903.029296875,5549030000,18961.284375,19230.1478515625,19259.36884765625,37.17106097093046,-79.17465488591915,11.43679923651605,-90.6114541224352,20137.164407015047,18381.57328829745,19259.36884765625,0.022634688768860472,0.0004719358670950413,-0.0019695319039341186,-0.031464199135201265,0.012894469020064525,-0.0013089952469815813,5377800000.0,5256406000.0,499484280000.0,29511.664,314.062,5.33,4.2,0.0884,0.0762,-0.02178
2024-09-09,18660.779296875,18660.779296875,18693.859375,18469.400390625,18579.80078125,5132150000,18778.512109375,19124.1388671875,19266.75283203125,41.826495824881384,-108.91552356072498,-12.633665322932156,-96.28185823779282,20120.265101105615,18413.240562956882,19266.75283203125,0.14501181933012722,-0.026889099616820733,0.0004719358670950413,-0.0019695319039341186,-0.031464199135201265,0.012894469020064525,5298000000.0,5223843000.0,504616430000.0,29511.664,314.062,5.33,4.2,0.14583333333333334,0.06703333333333333,0.15319000000000002
2024-09-10,18829.140625,18829.140625,18845.740234375,18570.669921875,18722.150390625,4963740000,18752.5921875,19055.408984375,19281.1083984375,44.9167773644118,-117.5450381015471,-33.61593987865515,-83.92909822289195,20091.8849936043,18470.3318032707,19281.1083984375,0.22127477770586307,0.012999550134646931,-0.026889099616820733,0.0004719358670950413,-0.0019695319039341186,-0.031464199135201265,5127954000.0,5227487500.0,509580170000.0,29511.664,314.062,5.33,4.2,0.1752,0.0474,0.23451
2024-09-11,19237.30078125,19237.30078125,19266.390625,18531.580078125,18866.0,6086930000,18815.772265625,19020.987109375,19292.651953125,51.62580419305896,-90.40672462952352,-44.97409682882883,-45.432627800694696,20093.475135464498,18491.828770785505,19292.651953125,0.4654410779460077,0.009022202419659564,0.012999550134646931,-0.026889099616820733,0.0004719358670950413,-0.0019695319039341186,5342976000.0,5258376000.0,515667100000.0,29511.664,314.062,5.33,4.2,0.1193,0.0701,0.09229
2024-09-12,19423.0703125,19423.0703125,19456.41015625,19166.80078125,19236.419921875,4983120000,18914.3203125,19028.2162109375,19312.671484375,54.35101365000333,-53.29501528956462,-46.63828052097599,-6.656734768588628,20105.05200117163,18520.290967578374,19312.671484375,0.5696627603687873,0.02167704646637314,0.009022202419659564,0.012999550134646931,-0.026889099616820733,0.0004719358670950413,5342994000.0,5258258000.0,520650220000.0,29511.664,314.062,5.33,4.2,0.1374,0.0212,0.2779399999999999
2024-09-13,19514.58984375,19514.58984375,19556.80078125,19384.689453125,19396.099609375,4802880000,19132.976171875,19047.1302734375,19313.89345703125,55.67581532938389,-16.310835789150588,-40.57279157461091,24.261955785460323,20107.500822962986,18520.28609109951,19313.89345703125,0.6264456426025754,0.009656735805215755,0.02167704646637314,0.009022202419659564,0.012999550134646931,-0.026889099616820733,5193764000.0,5224493500.0,525453100000.0,29511.664,314.062,5.33,4.2,0.0679,0.0474,0.0734499999999999
2024-09-16,19423.060546875,19423.060546875,19446.060546875,19294.1796875,19412.7890625,4675530000,19285.432421875,19031.972265625,19309.6205078125,53.988289902329456,5.549769319884945,-31.348279395711742,36.89804871559669,20099.728172205396,18519.5128434196,19309.6205078125,0.5717877095583337,0.004711898262094172,0.009656735805215755,0.02167704646637314,0.009022202419659564,0.012999550134646931,5102440000.0,5201362500.0,520777570000.0,29511.664,314.062,5.33,4.2,0.14348013468013468,0.057385521885521866,0.18569050505050508
2024-09-17,19432.400390625,19432.400390625,19596.33984375,19337.119140625,19539.75,4959520000,19406.084375,19079.33828125,19292.916015625,54.14103670925768,23.35883756120893,-20.406856004327608,43.76569356553654,20056.018716544866,18529.813314705134,19292.916015625,0.5913929244594872,-0.004690300826605043,0.004711898262094172,0.009656735805215755,0.02167704646637314,0.009022202419659564,5101596000.0,5171123500.0,525737090000.0,29511.664,314.062,5.33,4.2,0.1227999999999999,0.0140999999999999,0.19941
2024-09-18,19344.490234375,19344.490234375,19643.509765625,19330.810546875,19478.509765625,5611630000,19427.522265625,19121.647265625,19274.14951171875,52.378489100112695,30.03283767835819,-10.318917267790448,40.35175494614864,20011.058592119367,18537.240431318136,19274.14951171875,0.5477268665342054,0.0004808636480053696,-0.004690300826605043,0.004711898262094172,0.009656735805215755,0.02167704646637314,5006536000.0,5186442000.0,520125460000.0,29511.664,314.062,5.33,4.2,0.0916,0.1167999999999999,0.0321899999999999
2024-09-19,19839.830078125,19839.830078125,19951.7890625,19723.939453125,19798.7109375,5574650000,19510.87421875,19212.597265625,19274.8990234375,60.23400991012535,74.4337901185354,6.6316242094747215,67.80216590906068,20014.193088105152,18535.60495876985,19274.8990234375,0.8820746585740974,-0.004523895889486318,0.0004808636480053696,-0.004690300826605043,0.004711898262094172,0.009656735805215755,5124842000.0,5226917000.0,525700110000.0,29511.664,314.062,5.33,4.2,0.1234,0.0139,0.2217299999999999
2024-09-20,19791.490234375,19791.490234375,19845.69921875,19632.73046875,19816.2890625,9914480000,19566.254296875,19349.615234375,19289.88154296875,59.2075649280629,104.51644292644414,26.20858795286861,78.30785497357553,20059.222105928297,18520.540980009202,19289.88154296875,0.8259991189575596,0.025606249518520974,-0.004523895889486318,0.0004808636480053696,-0.004690300826605043,0.004711898262094172,6147162000.0,5469373000.0,515785630000.0,29511.664,314.062,5.33,4.2,0.0655833333333333,0.0378333333333333,0.043125
2024-09-23,19852.19921875,19852.19921875,19892.779296875,19797.8203125,19848.7109375,5237310000,19652.08203125,19468.7572265625,19296.448046875,60.12655344536441,131.73728427393144,47.31432721708118,84.42295705685027,20083.3195020779,18509.576591672103,19296.448046875,0.8531397461429686,-0.0024365049276958706,0.025606249518520974,-0.004523895889486318,0.0004808636480053696,-0.004690300826605043,6259518000.0,5462198000.0,521022940000.0,29511.664,314.062,5.33,4.2,0.17734166666666662,0.03816666666666666,0.21780583333333325
2024-09-24,19944.83984375,19944.83984375,19984.470703125,19739.669921875,19917.560546875,5347580000,19754.569921875,19580.3271484375,19317.86806640625,61.55005949895833,158.95301001029657,69.64206377572427,89.3109462345723,20151.866819656476,18483.86931315602,19317.86806640625,0.8758829224266472,0.00306742866030163,-0.0024365049276958706,0.025606249518520974,-0.004523895889486318,0.0004808636480053696,6337130000.0,5474030000.0,526370520000.0,29511.664,314.062,5.33,4.2,0.0232,0.0118,0.04215
2024-09-25,19972.609375,19972.609375,20043.4296875,19921.220703125,19922.279296875,4858060000,19880.19375,19653.8580078125,19337.42255859375,61.98813251653372,180.67967500305895,91.8495860211912,88.83008898186775,20214.667965652814,18460.177151534685,19337.42255859375,0.8620348486837297,0.0046665169928630235,0.00306742866030163,-0.0024365049276958706,0.025606249518520974,-0.004523895889486318,6186416000.0,5498814000.0,531228580000.0,29511.664,314.062,5.33,4.2,0.1626,0.0172,0.34016
2024-09-26,20115.5390625,20115.5390625,20273.30078125,19966.990234375,20273.30078125,5669210000,19935.335546875,19723.1048828125,19375.660546875,64.24607627487211,207.04476167826215,114.8886211526054,92.15614052565675,20319.499478408,18431.821615341996,19375.660546875,0.8919516831241935,0.0013923165825120432,0.0046665169928630235,0.00306742866030163,-0.0024365049276958706,0.025606249518520974,6205328000.0,5521678500.0,536897790000.0,29511.664,314.062,5.33,4.2,0.0203999999999999,0.0252,-0.0083699999999999
2024-09-27,20008.619140625,20008.619140625,20152.529296875,19964.130859375,20147.279296875,5367890000,19978.761328125,19772.5078125,19409.81904296875,61.312071765753075,216.81245961691457,135.27338884546725,81.53907077144731,20394.569185795768,18425.06890014173,19409.81904296875,0.8040365629890728,0.007156285131120876,0.0013923165825120432,0.0046665169928630235,0.00306742866030163,-0.0024365049276958706,5296010000.0,5503684000.0,531529900000.0,29511.664,314.062,5.33,4.2,0.12,0.0576,0.1068699999999999
2024-09-30,20060.689453125,20060.689453125,20072.4296875,19852.849609375,19959.259765625,5846150000,20020.459375,19836.270703125,19434.121484375,62.21702584878607,226.14817427407252,153.44834593118833,72.69982834288419,20459.164227698144,18409.078741051853,19434.121484375,0.8056301665619789,-0.005315289913076393,0.007156285131120876,0.0013923165825120432,0.0046665169928630235,0.00306742866030163,5417778000.0,5519434000.0,537376050000.0,29511.664,314.062,5.33,4.2,0.1739333333333333,0.0468333333333333,0.2935299999999999
2024-10-01,19773.30078125,19773.30078125,20056.19921875,19622.2890625,20046.060546875,5879980000,19986.1515625,19870.3607421875,19474.84951171875,54.62271303389887,207.95970139977726,164.35061702490611,43.609084374871145,20484.983925926055,18464.715097511442,19474.84951171875,0.6477284930270683,0.0026023941049624355,-0.005315289913076393,0.007156285131120876,0.0013923165825120432,0.0046665169928630235,5524258000.0,5522734500.0,531496070000.0,29511.664,314.062,5.33,4.2,0.0499,0.0622,-0.05923
2024-10-02,19802.58984375,19802.58984375,19876.69921875,19630.91015625,19725.94921875,5489040000,19952.14765625,19916.170703125,19518.908984375,55.222585266828936,193.6760116674959,170.21569595342407,23.46031571407184,20503.96018188216,18533.85778686784,19518.908984375,0.6439929518855984,-0.014325961854228852,0.0026023941049624355,-0.005315289913076393,0.007156285131120876,0.0013923165825120432,5650454000.0,5546595500.0,536985110000.0,29511.664,314.062,5.33,4.2,0.1224,0.0316,0.09802
2024-10-03,19793.33984375,19793.33984375,19902.69921875,19688.220703125,19712.330078125,5208990000,19887.7078125,19911.5216796875,19562.05947265625,54.975407368878145,179.5400608895834,172.08056894065595,7.45949194892745,20513.589621863648,18610.52932344885,19562.05947265625,0.6215307635214723,0.0014812429560457918,-0.014325961854228852,0.0026023941049624355,-0.005315289913076393,0.007156285131120876,5558410000.0,5557893500.0,531776120000.0,29511.664,314.062,5.33,4.2,0.0537,0.1115,-0.1126399999999999
2024-10-04,20035.01953125,20035.01953125,20045.689453125,19829.490234375,20025.16015625,5136070000,19892.987890625,19935.874609375,19642.744921875,60.01167926206633,185.698136509287,174.80408245438218,10.894054054904814,20449.67229603898,18835.81754771102,19642.744921875,0.7430668619845846,-0.0004671106190142771,0.0014812429560457918,-0.014325961854228852,0.0026023941049624355,-0.005315289913076393,5512046000.0,5537245500.0,536912190000.0,29511.664,314.062,5.33,4.2,0.0333,0.0460999999999999,-0.0547299999999999
2024-10-07,19800.740234375,19800.740234375,19990.119140625,19763.0390625,19954.66015625,5240320000,19840.998046875,19930.7287109375,19699.74296875,53.7367450422285,169.717674790998,173.78680092170535,-4.06912613070736,20362.846750771176,19036.639186728826,19699.74296875,0.5761549461512302,0.012210151970705185,-0.0004671106190142771,0.0014812429560457918,-0.014325961854228852,0.0026023941049624355,5390880000.0,5542654000.0,531671870000.0,29511.664,314.732,5.13,4.1,0.057600000000000005,0.06403333333333333,-0.032940000000000004
2024-10-08,20107.779296875,20107.779296875,20132.669921875,19881.080078125,19902.2109375,5566510000,19907.89375,19947.02265625,19763.67490234375,59.68613263457461,179.75641005683065,174.98072274873041,4.775687308100231,20309.550506774962,19217.79929791254,19763.67490234375,0.8151857233937,-0.011693489817146352,0.012210151970705185,-0.0004671106190142771,0.0014812429560457918,-0.014325961854228852,5328186000.0,5572792500.0,537238380000.0,29511.664,314.732,5.13,4.1,0.0408,0.0757,-0.03168
2024-10-09,20268.859375,20268.859375,20284.419921875,20047.859375,20097.560546875,5228670000,20001.14765625,19976.64765625,19815.25283203125,62.416764341955584,198.42270277870193,179.66911875472474,18.753584023977197,20346.456393593162,19284.049270469335,19815.25283203125,0.9269611273265929,0.015506443641281953,-0.011693489817146352,0.012210151970705185,-0.0004671106190142771,0.0014812429560457918,5276112000.0,5529879500.0,542467050000.0,29511.664,314.732,5.13,4.1,0.0749,0.0619,0.0193099999999999
2024-10-10,20241.759765625,20241.759765625,20314.240234375,20117.19921875,20165.25,5855390000,20090.831640625,19989.2697265625,19856.1873046875,61.6600733122747,208.62427151061274,185.46014930590235,23.164122204710395,20386.31742334679,19326.05718602821,19856.1873046875,0.8636583240286554,0.0080108338045084,0.015506443641281953,-0.011693489817146352,0.012210151970705185,-0.0004671106190142771,5405392000.0,5573493000.0,536611660000.0,29511.664,314.732,5.13,4.1,0.0411,0.0,0.0674599999999999
2024-10-11,20271.970703125,20271.970703125,20313.19921875,20142.1796875,20154.83984375,5140440000,20138.221875,20015.6048828125,19894.05634765625,62.21009397024514,216.6494583061467,191.69801110595122,24.951447200195474,20429.620182106228,19358.49251320627,19894.05634765625,0.852819151667389,-0.0013370071237667203,0.0080108338045084,0.015506443641281953,-0.011693489817146352,0.012210151970705185,5406266000.0,5590371000.0,541752100000.0,29511.664,314.732,5.13,4.1,0.1429,0.0324999999999999,0.2260799999999999
2024-10-14,20439.05078125,20439.05078125,20493.900390625,20355.060546875,20366.060546875,4894710000,20265.883984375,20053.441015625,19944.855859375,65.18478557696824,233.79638344303385,200.11768557336777,33.67869786966608,20485.032444369706,19404.67927438029,19944.855859375,0.9574383040685142,0.0014925054861734122,-0.0013370071237667203,0.0080108338045084,0.015506443641281953,-0.011693489817146352,5337144000.0,5601330000.0,546646810000.0,29511.664,314.732,5.13,4.1,0.11843333333333333,0.016333333333333335,0.20247
2024-10-15,20159.830078125,20159.830078125,20484.310546875,20083.560546875,20442.76953125,6522700000,20276.294140625,20092.0939453125,19981.22734375,57.096063184716435,222.29222159508936,204.5525927777121,17.739628817377252,20471.802009755673,19490.65267774433,19981.22734375,0.6820342006541102,0.008241925788657678,0.0014925054861734122,-0.0013370071237667203,0.0080108338045084,0.015506443641281953,5528382000.0,5679489000.0,540124110000.0,29511.664,314.732,5.13,4.1,0.0967,0.0941,0.0092999999999999
2024-10-16,20174.05078125,20174.05078125,20200.58984375,20036.73046875,20172.869140625,5257570000,20257.332421875,20129.2400390625,20022.70537109375,57.38609335425693,211.88015975159942,206.01810617248958,5.8620535791098405,20417.537736708065,19627.873005479436,20022.70537109375,0.691657806371538,-0.013661138480126844,0.008241925788657678,0.0014925054861734122,-0.0013370071237667203,0.0080108338045084,5534162000.0,5661786000.0,545381680000.0,29511.664,314.732,5.13,4.1,0.0551999999999999,0.0,0.10933
2024-10-17,20190.419921875,20190.419921875,20377.650390625,20186.4296875,20375.2890625,5806860000,20247.064453125,20168.948046875,20040.23486328125,57.740223356687295,202.61377311779142,205.33723956154995,-2.723466443758525,20431.999822700647,19648.469903861853,20040.23486328125,0.6916775032870819,0.0007053979656519438,-0.013661138480126844,0.008241925788657678,0.0014925054861734122,-0.0013370071237667203,5524456000.0,5673396500.0,551188540000.0,29511.664,314.732,5.13,4.1,0.082,0.0,0.16978
2024-10-18,20324.0390625,20324.0390625,20360.2890625,20273.55078125,20288.48046875,5090190000,20257.478125,20197.85,20066.8623046875,60.617256204455586,203.70387146745634,205.01056594273123,-1.3066944752748952,20459.83196781414,19673.89264156086,20066.8623046875,0.8272221521710954,0.0008113958273672228,0.0007053979656519438,-0.013661138480126844,0.008241925788657678,0.0014925054861734122,5514406000.0,5432182000.0,556278730000.0,29511.664,314.732,5.13,4.1,0.2049,0.0391,0.26224
2024-10-21,20361.470703125,20361.470703125,20386.6796875,20193.029296875,20280.490234375,6092180000,20241.962109375,20253.923046875,20092.32587890625,61.40984694758895,205.2225253073084,205.05295781564666,0.16956749166172358,20492.658763386087,19691.99299442641,20092.32587890625,0.8361512814122889,0.006617947578209327,0.0008113958273672228,0.0007053979656519438,-0.013661138480126844,0.008241925788657678,5753900000.0,5474925500.0,562370910000.0,29511.664,314.732,5.13,4.1,0.1307,0.044399999999999995,0.23041
2024-10-22,20390.4609375,20390.4609375,20437.9296875,20218.849609375,20256.970703125,6407180000,20288.08828125,20282.1912109375,20114.60693359375,62.046917639087084,206.3862468663683,205.31961562579102,1.0666312405772942,20529.70843342434,19699.50543376316,20114.60693359375,0.8322729549505725,0.0018417422102905423,0.006617947578209327,0.0008113958273672228,0.0007053979656519438,-0.013661138480126844,5730796000.0,5527905500.0,568778090000.0,29511.664,314.732,5.13,4.1,0.0608999999999999,0.0643,0.0238299999999999
2024-10-23,20066.9609375,20066.9609375,20312.779296875,19934.919921875,20303.55078125,6245610000,20266.6703125,20262.0013671875,20119.32451171875,51.77525764220767,179.13974669906383,200.08364184044558,-20.943895141381745,20529.749371294012,19708.89965214349,20119.32451171875,0.4362080865752863,0.0014237789989575145,0.0018417422102905423,0.006617947578209327,0.0008113958273672228,0.0007053979656519438,5928404000.0,5597283000.0,562532480000.0,29511.664,314.732,5.13,4.1,0.0375,0.0803,-0.0908399999999999
2024-10-24,20232.869140625,20232.869140625,20256.380859375,20116.880859375,20197.619140625,5761280000,20275.16015625,20261.1123046875,20125.191015625,55.81516937518617,168.98613745317925,193.86414096299234,-24.878003509813084,20538.730403735306,19711.651627514697,20125.191015625,0.6301908936559113,-0.01586526175114822,0.0014237789989575145,0.0018417422102905423,0.006617947578209327,0.0008113958273672228,5919288000.0,5601886500.0,568293760000.0,29511.664,314.732,5.13,4.1,0.2116,0.1298,0.19212
2024-10-25,20352.01953125,20352.01953125,20552.8203125,20322.25,20354.91015625,6100040000,20280.75625,20269.1171875,20142.36103515625,58.50375024051069,168.61013701178308,188.8133401727505,-20.203203160967405,20563.958599130823,19720.763471181675,20142.36103515625,0.7486476607184512,0.008267729410633473,-0.01586526175114822,0.0014237789989575145,0.0018417422102905423,0.006617947578209327,6121258000.0,5638494000.0,574393800000.0,29511.664,314.732,5.13,4.1,0.0,0.1866,-0.34041
2024-10-28,20351.0703125,20351.0703125,20470.4296875,20344.8203125,20455.009765625,5641660000,20278.676171875,20260.319140625,20156.880078125,58.47322476234731,166.3183455746548,184.31434125313135,-17.995995678476532,20586.55796634568,19727.202189904317,20156.880078125,0.7259718729990418,0.0058889517743068165,0.008267729410633473,-0.01586526175114822,0.0014237789989575145,0.0018417422102905423,6031154000.0,5628269500.0,568752140000.0,29511.664,314.732,5.13,4.1,0.10383333333333333,0.039733333333333266,0.16169333333333333
2024-10-29,20550.650390625,20550.650390625,20600.099609375,20294.580078125,20369.080078125,6881170000,20310.7140625,20299.401171875,20195.74755859375,62.86100149603977,178.54833463445902,183.16113992939688,-4.612805294937857,20619.92925438932,19771.56586279818,20195.74755859375,0.9183382210371133,-4.664002746967988e-05,0.0058889517743068165,0.008267729410633473,-0.01586526175114822,0.0014237789989575145,6125952000.0,5678329000.0,575633310000.0,29511.664,314.732,5.13,4.1,0.1302,0.0,0.22532
2024-10-30,20387.69921875,20387.69921875,20559.51953125,20378.75,20510.919921875,6514690000,20374.86171875,20320.766015625,20225.00302734375,57.51732704483075,173.09654215699265,181.14822037491604,-8.051678217923381,20614.286533703573,19835.71952098393,20225.00302734375,0.7089687705081777,0.009806859052637451,-4.664002746967988e-05,0.0058889517743068165,0.008267729410633473,-0.01586526175114822,6179768000.0,5729611500.0,569118620000.0,29511.664,314.732,5.13,4.1,0.0703999999999999,0.0469,0.07733
2024-10-31,19890.419921875,19890.419921875,20227.189453125,19880.259765625,20227.189453125,6411940000,20306.371875,20290.766015625,20229.85703125,44.95739230604648,127.18358086801527,170.35529247353588,-43.17171160552061,20598.34308121931,19861.370981280692,20229.85703125,0.039416608304069456,-0.007929246460702588,0.009806859052637451,-4.664002746967988e-05,0.0058889517743068165,0.008267729410633473,6309900000.0,5789759000.0,562706680000.0,29511.664,314.732,5.13,4.1,0.076,0.0180999999999999,0.08495
2024-11-01,20033.140625,20033.140625,20162.5390625,19950.990234375,19955.830078125,5896470000,20242.59609375,20261.676171875,20229.7630859375,48.43750939157406,101.14762932829399,156.5137598444875,-55.36613051619352,20598.45918656115,19861.066985313846,20229.7630859375,0.2333542982894177,-0.024391143480166022,-0.007929246460702588,0.009806859052637451,-4.664002746967988e-05,0.0058889517743068165,6269186000.0,5827779000.0,568603150000.0,29511.664,314.732,5.13,4.1,0.0327272727272727,0.0046363636363636,0.0718090909090909
2024-11-04,19963.599609375,19963.599609375,20106.990234375,19898.5703125,20011.55078125,5762320000,20165.101953125,20221.8890625,20237.9060546875,46.8821141059532,74.04898081480133,140.02080403855027,-65.97182322374894,20572.304524752442,19903.50758462256,20237.9060546875,0.08985092656191099,0.0071753489210169,-0.024391143480166022,-0.007929246460702588,0.009806859052637451,-4.664002746967988e-05,6293318000.0,5853879000.0,562840830000.0,29511.664,314.732,5.13,4.1,0.10891666666666666,0.03653333333333333,0.15783166666666668
2024-11-05,20227.4609375,20227.4609375,20249.2109375,20042.9296875,20042.9296875,7060340000,20100.4640625,20205.5890625,20243.89013671875,53.04344583358404,73.02274982628296,126.62119319609681,-53.59844336981385,20572.720933820612,19915.059339616888,20243.89013671875,0.47501876441691576,-0.0034712987307750076,0.0071753489210169,-0.024391143480166022,-0.007929246460702588,0.009806859052637451,6329152000.0,5928570500.0,569901170000.0,29825.182,315.631,4.83,4.1,0.1149,0.0278,0.11633
2024-11-06,20781.330078125,20781.330078125,20807.029296875,20526.640625,20571.2890625,8138050000,20179.190234375,20277.0259765625,20269.513671875,62.79815627421675,115.56984787857073,124.4109241325916,-8.841076254020876,20676.997080387853,19862.030263362147,20269.513671875,1.1280211605644501,0.01321712182612056,-0.0034712987307750076,0.0071753489210169,-0.024391143480166022,-0.007929246460702588,6653824000.0,6074039500.0,578039220000.0,29825.182,315.631,4.83,4.1,0.144,0.0475,0.1913
2024-11-07,21101.5703125,21101.5703125,21132.80078125,20896.41015625,20896.41015625,9232670000,20421.4203125,20363.89609375,20312.50419921875,67.05911072630204,173.13366307903925,134.15547192188114,38.97819115715811,20863.730053032097,19761.278345405404,20312.50419921875,1.215737576369594,0.02738203980896947,0.01321712182612056,-0.0034712987307750076,0.0071753489210169,-0.024391143480166022,7217970000.0,6242903500.0,587271890000.0,29825.182,315.631,4.83,4.1,0.1118,0.0322,0.19873
2024-11-08,21117.1796875,21117.1796875,21155.0,21050.3203125,21083.580078125,7316010000,20638.228125,20440.412109375,20354.7646484375,67.25597584922087,217.50567740328916,150.82551301816275,66.6801643851264,21012.260374235888,19697.268922639112,20354.7646484375,1.0797870686814808,0.01540999701034984,0.02738203980896947,0.01321712182612056,-0.0034712987307750076,0.0071753489210169,7501878000.0,6351682000.0,594587900000.0,29825.182,315.631,4.83,4.1,0.1271,0.0,0.24335
2024-11-11,21106.58984375,21106.58984375,21182.029296875,20993.48046875,21171.240234375,8087930000,20866.826171875,20515.9640625,20388.1416015625,66.96358694119455,248.94660505159845,170.44973142484992,78.49687362674854,21126.458969063417,19649.824234061583,20388.1416015625,0.9865443194295495,0.0007397257535262103,0.01540999701034984,0.02738203980896947,0.01321712182612056,-0.0034712987307750076,7967000000.0,6511343000.0,586499970000.0,29825.182,315.631,4.83,4.1,0.1090481481481481,0.0,0.22519481481481476
2024-11-12,21070.7890625,21070.7890625,21144.669921875,20946.740234375,21105.490234375,7816410000,21035.491796875,20567.9779296875,20433.68955078125,65.92022183060416,267.88690934811893,189.93716700950372,77.94974233861521,21223.316195749554,19644.06290581295,20433.68955078125,0.9034181950283119,-0.0005014800227450822,0.0007397257535262103,0.01540999701034984,0.02738203980896947,0.01321712182612056,8118214000.0,6576028500.0,578683560000.0,29825.182,315.631,4.83,4.1,0.1611,0.0,0.25588
2024-11-13,21036.16015625,21036.16015625,21154.939453125,20955.240234375,21049.66015625,9623670000,21086.4578125,20632.8240234375,20476.79501953125,64.86739960713453,276.91091695253635,207.33191699811027,69.57899995442608,21300.147670675615,19653.442368386888,20476.79501953125,0.8396874570946585,-0.0016961897452421049,-0.0005014800227450822,0.0007397257535262103,0.01540999701034984,0.02738203980896947,8415338000.0,6794333500.0,569059890000.0,29825.182,315.631,4.83,4.1,0.1139,0.0970999999999999,0.0625
2024-11-14,20896.669921875,20896.669921875,21067.66015625,20864.01953125,21052.0703125,8680480000,21045.477734375,20733.4490234375,20512.10751953125,60.66439408622504,269.6979023112399,219.8051140607362,49.892788250503685,21344.278469533492,19679.93656952901,20512.10751953125,0.7310597373909249,-0.0016434555985199717,-0.0016961897452421049,-0.0005014800227450822,0.0007397257535262103,0.01540999701034984,8304900000.0,6938014500.0,560379410000.0,29825.182,315.631,4.83,4.1,0.078,0.0535,0.046
2024-11-15,20394.130859375,20394.130859375,20684.560546875,20315.080078125,20679.98046875,8002270000,20900.86796875,20769.548046875,20515.612109375,48.47769385549505,220.8846134633677,220.0210139412625,0.8635995221052042,21345.034030124414,19686.190188625587,20515.612109375,0.42676751906301325,-0.006630974157779246,-0.0016434555985199717,-0.0016961897452421049,-0.0005014800227450822,0.0007397257535262103,8442152000.0,7083618500.0,552377140000.0,29825.182,315.631,4.83,4.1,0.2014545454545454,0.038,0.3055727272727273
2024-11-18,20539.189453125,20539.189453125,20622.279296875,20401.259765625,20450.2109375,8455360000,20787.387890625,20827.10703125,20524.498046875,51.50599222718966,191.6950058792754,214.35581232886508,-22.66080644958967,21350.76874965006,19698.22734409994,20524.498046875,0.5088901894988279,-0.02404876300285208,-0.006630974157779246,-0.0016434555985199717,-0.0016961897452421049,-0.0005014800227450822,8515638000.0,7201777500.0,560832500000.0,29825.182,315.631,4.83,4.1,0.12269999999999998,0.0143,0.22963148148148146
2024-11-19,20684.58984375,20684.58984375,20696.470703125,20423.30078125,20435.6796875,7246610000,20710.148046875,20872.819921875,20539.2044921875,54.39921880261183,178.23998829624543,207.13264752234116,-28.89265922609573,21365.90031212286,19712.508672252137,20539.2044921875,0.5879315874452281,0.00711276174259301,-0.02404876300285208,-0.006630974157779246,-0.0016434555985199717,-0.0016961897452421049,8401678000.0,7243749000.0,568079110000.0,29825.182,315.631,4.83,4.1,0.0,0.0839,-0.1579799999999999
2024-11-20,20667.099609375,20667.099609375,20676.5703125,20402.5390625,20660.83984375,7121670000,20636.3359375,20861.396875,20569.21142578125,53.98200552376018,164.2718505440571,198.56048812668436,-34.288637582627274,21366.78778920668,19771.63506235582,20569.21142578125,0.5613660259271852,0.007079168871626518,0.00711276174259301,-0.02404876300285208,-0.006630974157779246,-0.0016434555985199717,7901278000.0,7287552000.0,560957440000.0,29825.182,315.631,4.83,4.1,0.137,0.0317,0.2145
2024-11-21,20740.779296875,20740.779296875,20814.9296875,20436.80078125,20775.26953125,7492540000,20605.1578125,20825.3177734375,20594.60693359375,55.52931129040552,157.3336909029531,190.31512868193812,-32.981437778985025,21379.332031804297,19809.881835383203,20594.60693359375,0.5931360317228129,-0.000845568343734171,0.007079168871626518,0.00711276174259301,-0.02404876300285208,-0.006630974157779246,7663690000.0,7374115000.0,568449980000.0,29825.182,315.631,4.83,4.1,0.0713,0.0226,0.07113
2024-11-22,20776.23046875,20776.23046875,20797.240234375,20655.720703125,20737.490234375,6575820000,20681.577734375,20791.2228515625,20615.81748046875,56.29084368806588,152.9328480185759,182.83867254926568,-29.905824530689785,21395.852532803878,19835.782428133625,20615.81748046875,0.6028242178354892,0.003565071485240212,-0.000845568343734171,0.007079168871626518,0.00711276174259301,-0.02404876300285208,7378400000.0,7397904000.0,575025800000.0,29825.182,315.631,4.83,4.1,0.1370833333333333,0.0731666666666666,0.098675
2024-11-25,20804.890625,20804.890625,20998.490234375,20712.380859375,20918.759765625,7932980000,20734.71796875,20761.0529296875,20638.50849609375,56.932928666603566,150.02834998359685,176.27660803613193,-26.24825805253508,21412.496078052212,19864.520914135286,20638.50849609375,0.607483719884268,0.0017092497522666061,0.003565071485240212,-0.000845568343734171,0.007079168871626518,0.00711276174259301,7273924000.0,7512470000.0,582958780000.0,29825.182,315.631,4.83,4.1,0.11508571428571424,0.015044444444444435,0.188806455026455
2024-11-26,20922.900390625,20922.900390625,20944.900390625,20832.400390625,20871.55078125,6411770000,20782.380078125,20746.2640625,20657.12099609375,59.56673009243694,155.45690576122433,172.11266758115042,-16.655761819926084,21440.06428109043,19874.17771109707,20657.12099609375,0.6697309368534775,0.0013794685370431825,0.0017092497522666061,0.003565071485240212,-0.000845568343734171,0.007079168871626518,7106956000.0,7489000000.0,589370550000.0,29825.182,315.631,4.83,4.1,0.0882,0.0382,0.0882099999999999
2024-11-27,20744.490234375,20744.490234375,20853.080078125,20615.419921875,20852.4296875,5619090000,20797.858203125,20717.0970703125,20674.960546875,54.17280036516466,143.70630986607648,166.43139603813563,-22.72508617205915,21448.25577734562,19901.665316404382,20674.960546875,0.5449567543935862,0.005672212738441207,0.0013794685370431825,0.0017092497522666061,0.003565071485240212,-0.000845568343734171,6806440000.0,7444220000.0,583751460000.0,29825.182,315.631,4.83,4.1,0.1517,0.0397,0.29036
2024-11-29,20930.369140625,20930.369140625,20956.310546875,20751.9609375,20771.01953125,4042550000,20835.776171875,20720.4669921875,20726.9580078125,58.39944616326337,147.69027073322286,162.68317097715308,-14.992900243930222,21413.07385311515,20040.84216250985,20726.9580078125,0.6482338108098741,-0.00852702794159177,0.005672212738441207,0.0013794685370431825,0.0017092497522666061,0.003565071485240212,6116442000.0,7325750500.0,587794010000.0,29825.182,315.631,4.83,4.1,0.09085,0.01534999999999995,0.165085
2024-12-02,21164.599609375,21164.599609375,21201.029296875,20971.759765625,20971.759765625,6370530000,20913.45,20797.5138671875,20783.53095703125,63.02703511784046,167.81357922477036,163.70925262667654,4.10432659809382,21413.02092043811,20154.04099362439,20783.53095703125,0.8026804830067268,0.008960398840844208,-0.00852702794159177,0.005672212738441207,0.0013794685370431825,0.0017092497522666061,6075384000.0,7349453500.0,594164540000.0,29825.182,315.631,4.83,4.1,0.137,0.003966666666666633,0.29608666666666666
2024-12-03,21229.3203125,21229.3203125,21235.7890625,21081.810546875,21106.509765625,6005160000,20998.3359375,20866.526953125,20846.8169921875,64.21166235016875,186.83020374265107,168.33344284987146,18.496760892779605,21375.681108912428,20317.952875462575,20846.8169921875,0.8616272197490068,0.011190938257050087,0.008960398840844208,-0.00852702794159177,0.005672212738441207,0.0013794685370431825,5689820000.0,7361595500.0,600169700000.0,29825.182,315.631,4.83,4.1,0.1254,0.0494,0.18353
2024-12-04,21492.359375,21492.359375,21498.439453125,21340.83984375,21361.810546875,7870030000,21112.227734375,20947.30390625,20910.0619140625,68.61321561937793,220.58332248181614,178.7834187762604,41.79990370555575,21429.512352198024,20390.611475926973,20910.0619140625,1.0604937624343471,0.0030579696436274784,0.011190938257050087,0.008960398840844208,-0.00852702794159177,0.005672212738441207,5981472000.0,7402080000.0,608039730000.0,29825.182,315.631,4.83,4.1,0.0983,0.0569,-0.00287
2024-12-05,21425.220703125,21425.220703125,21517.490234375,21411.529296875,21488.51953125,7229510000,21248.373828125,21023.116015625,20942.2564453125,66.36948824620774,239.1585120853597,190.85843743808024,48.300074647279445,21506.03571053354,20378.477180091464,20942.2564453125,0.928327439129165,0.012390366654608354,0.0030579696436274784,0.011190938257050087,0.008960398840844208,-0.00852702794159177,6303556000.0,7356653000.0,600810220000.0,29825.182,315.631,4.83,4.1,0.0655,0.0236,0.12695
2024-12-06,21622.25,21622.25,21626.310546875,21449.619140625,21458.580078125,6787610000,21386.75,21111.2630859375,20968.2904296875,69.51959841438855,266.7037069717735,206.0274913448189,60.67621562695459,21606.252397499993,20330.328461875004,20968.2904296875,1.0125380534476538,-0.0031238390678082206,0.012390366654608354,0.0030579696436274784,0.011190938257050087,0.008960398840844208,6852568000.0,7234400000.0,607597830000.0,29825.182,316.528,4.64,4.2,0.1064545454545454,0.0576363636363636,0.0789090909090909
2024-12-09,21440.8203125,21440.8203125,21609.990234375,21400.76953125,21573.759765625,7884620000,21441.994140625,21177.7220703125,20984.4724609375,63.610972060891676,270.7723181281217,218.9764567014795,51.795861426642205,21653.974681386397,20314.970240488605,20984.4724609375,0.8408113054924012,0.009196138495145778,-0.0031238390678082206,0.012390366654608354,0.0030579696436274784,0.011190938257050087,7155386000.0,7262830500.0,599713210000.0,29825.182,316.528,4.64,4.2,0.14216666666666666,0.06305,0.22275
2024-12-10,21368.1796875,21368.1796875,21567.01953125,21313.26953125,21492.509765625,6843850000,21469.766015625,21234.0509765625,20997.551953125,61.36224664995185,265.0795582861938,228.19707701842236,36.882481267771425,21687.022372069427,20308.081534180572,20997.551953125,0.7687771108022504,-0.008390879186948585,0.009196138495145778,-0.0031238390678082206,0.012390366654608354,0.0030579696436274784,7323124000.0,7200626500.0,592869360000.0,29825.182,316.528,4.64,4.2,0.0921999999999999,0.0407,0.0575399999999999
2024-12-11,21763.98046875,21763.98046875,21784.7109375,21533.890625,21540.380859375,6639720000,21524.090234375,21318.158984375,21032.2115234375,68.00019014612319,289.1724206375475,240.3921457422474,48.78027489530007,21802.17778482218,20262.245262052824,21032.2115234375,0.9751954611598913,-0.003387959226431758,-0.008390879186948585,0.009196138495145778,-0.0031238390678082206,0.012390366654608354,7077062000.0,7141792000.0,599509080000.0,29825.182,316.528,4.64,4.2,0.0649,0.0339,0.08266
2024-12-12,21615.26953125,21615.26953125,21715.830078125,21596.669921875,21652.849609375,7047550000,21562.1,21405.2369140625,21061.1669921875,63.58045481084739,292.8902018742192,250.89175696864177,41.99844490557743,21874.114957480084,20248.219026894916,21061.1669921875,0.8407982815130584,0.018522905883346485,-0.003387959226431758,-0.008390879186948585,0.009196138495145778,-0.0031238390678082206,7040670000.0,7012986000.0,592461530000.0,29825.182,316.528,4.64,4.2,0.0702,0.0688999999999999,0.02554
2024-12-13,21780.25,21780.25,21886.740234375,21646.08984375,21789.650390625,6028250000,21593.7,21490.225,21105.34599609375,66.20476918051223,305.6260484770355,261.83861527032053,43.78743320671498,21974.730081894704,20235.961910292797,21105.34599609375,0.8881506545432495,-0.006832892434981197,0.018522905883346485,-0.003387959226431758,-0.008390879186948585,0.009196138495145778,6888798000.0,6880374500.0,598489780000.0,29825.182,316.528,4.64,4.2,0.1187,0.0651,0.0765599999999999
2024-12-16,22096.66015625,22096.66015625,22133.220703125,21879.740234375,21891.359375,8855040000,21724.86796875,21583.4310546875,21190.4724609375,70.58285637450153,337.3620541661112,276.9433030494787,60.41875111663251,22099.15951425894,20281.785407616062,21190.4724609375,0.9986247421486838,0.007632589013589763,-0.006832892434981197,0.018522905883346485,-0.003387959226431758,-0.008390879186948585,7082882000.0,6923013000.0,607344820000.0,29825.182,316.528,4.64,4.2,0.08020000000000001,0.04576666666666664,0.12069666666666666
2024-12-17,22001.080078125,22001.080078125,22062.0,21921.2109375,22003.640625,9534350000,21851.448046875,21660.60703125,21263.5669921875,67.72853846190395,350.75724265708413,291.7060909709998,59.051151686084324,22186.741344991384,20340.39263938362,21263.5669921875,0.8994440940097123,0.014527388631902838,0.007632589013589763,-0.006832892434981197,0.018522905883346485,-0.003387959226431758,7620982000.0,6976962500.0,597810470000.0,29825.182,316.528,4.64,4.2,0.0593999999999999,0.1149999999999999,-0.15165
2024-12-18,21209.3203125,21209.3203125,22038.080078125,21146.830078125,21979.529296875,9996120000,21740.516015625,21632.303125,21289.803515625,49.77271959620259,294.0944917365414,292.18377112410815,1.9107206124332379,22172.64018378273,20406.966847467273,21289.803515625,0.4544178407921421,-0.004325544107079193,0.014527388631902838,0.007632589013589763,-0.006832892434981197,0.018522905883346485,8292262000.0,7114438000.0,587814350000.0,29825.182,316.528,4.64,4.2,0.0658,0.0733,-0.02954
2024-12-19,21110.509765625,21110.509765625,21413.740234375,21093.4609375,21358.7890625,8029590000,21639.5640625,21600.83203125,21311.9740234375,48.06028340861069,238.46677155820362,281.44037121092725,-42.973599652723635,22150.10580972802,20473.84223714698,21311.9740234375,0.37981349645253437,-0.03598731347795159,-0.004325544107079193,0.014527388631902838,0.007632589013589763,-0.006832892434981197,8488670000.0,7159834000.0,579784760000.0,29825.182,316.528,4.64,4.2,0.1115,0.0675,0.04501
2024-12-20,21289.150390625,21289.150390625,21540.3203125,20913.720703125,20939.640625,10962450000,21541.344140625,21567.5220703125,21339.392578125,51.32109309859655,206.41676405029648,266.4356497788011,-60.01888572850464,22133.572750297804,20545.212405952196,21339.392578125,0.4683685206075203,-0.004658826658238802,-0.03598731347795159,-0.004325544107079193,0.014527388631902838,0.007632589013589763,9475510000.0,7333329500.0,590747210000.0,29825.182,316.528,4.64,4.2,0.08225,0.0406666666666666,0.1144083333333333
2024-12-23,21503.169921875,21503.169921875,21510.08984375,21224.26953125,21364.259765625,6820720000,21422.64609375,21573.75703125,21375.73955078125,54.968623825309734,196.02681463184854,252.35388274941062,-56.32706811756208,22126.764058245793,20624.715043316708,21375.73955078125,0.5848376915980771,0.008462165385076936,-0.004658826658238802,-0.03598731347795159,-0.004325544107079193,0.014527388631902838,9068646000.0,7345574500.0,597567930000.0,29825.182,316.528,4.64,4.2,0.107925,0.03191666666666667,0.16433416666666664
2024-12-24,21797.650390625,21797.650390625,21797.650390625,21558.970703125,21564.369140625,4739190000,21381.96015625,21616.7041015625,21425.3775390625,59.46885463658415,209.14393650193233,243.71189349991496,-34.567956997982634,22148.24336550883,20702.51171261617,21425.3775390625,0.7574978909935635,0.01005298601978244,0.008462165385076936,-0.004658826658238802,-0.03598731347795159,-0.004325544107079193,8109614000.0,7185885000.0,602307120000.0,29825.182,316.528,4.64,4.2,0.0881538461538461,0.0287692307692307,0.1203615384615384
2024-12-26,21768.310546875,21768.310546875,21837.69921875,21645.619140625,21733.98046875,6467910000,21493.758203125,21617.137109375,21467.648046875,58.837950909113125,214.6969767961382,237.90891015915963,-23.211933363021444,22165.226582123854,20770.06951162615,21467.648046875,0.715504409043163,0.013694746859179485,0.01005298601978244,0.008462165385076936,-0.004658826658238802,-0.03598731347795159,7403972000.0,7188692000.0,595839210000.0,29825.182,316.528,4.64,4.2,0.07839999999999994,0.034483333333333296,0.15925666666666663
2024-12-27,21473.01953125,21473.01953125,21642.259765625,21292.189453125,21633.099609375,7765120000,21566.26015625,21602.912109375,21504.07451171875,52.77005419667909,193.04498174263426,228.93612447585457,-35.891142733220306,22113.121912040566,20895.027111396936,21504.07451171875,0.47450528443899315,-0.0013460094654338395,0.013694746859179485,0.01005298601978244,0.008462165385076936,-0.004658826658238802,7351078000.0,7295993500.0,588074090000.0,29825.182,316.528,4.64,4.2,0.1215454545454545,0.034,0.1676363636363636
2024-12-30,21197.08984375,21197.08984375,21346.060546875,21046.630859375,21189.099609375,8384090000,21547.848046875,21544.59609375,21517.410546875,47.808490714164584,151.86974009966434,213.52284760061653,-61.65310750095219,22083.747573575427,20951.07352017457,21517.410546875,0.2171995754972626,-0.013565178381167109,-0.0013460094654338395,0.013694746859179485,0.01005298601978244,0.008462165385076936,6835406000.0,7513070500.0,579690000000.0,29825.182,316.528,4.64,4.2,0.11259999999999999,0.061266666666666664,0.09401999999999995
2024-12-31,21012.169921875,21012.169921875,21276.140625,20979.51953125,21256.01953125,8873030000,21449.648046875,21436.1470703125,21509.7890625,44.77045761406169,103.12777934549013,191.44383394959127,-88.31605460410114,22099.728314172866,20919.849810827134,21509.7890625,0.0782454386498928,-0.012850064570492092,-0.013565178381167109,-0.0013460094654338395,0.013694746859179485,0.01005298601978244,7245868000.0,7638195500.0,570816970000.0,29825.182,316.528,4.64,4.2,0.2174999999999999,0.0935999999999999,0.25237
2025-01-02,20975.619140625,20975.619140625,21236.58984375,20800.5,21120.05078125,8737550000,21285.241796875,21333.6009765625,21497.10400390625,44.172952614629615,60.84865626919418,165.32479841351187,-104.47614214431769,22122.293001794835,20871.915006017665,21497.10400390625,0.08293822744607535,-0.00872383535844301,-0.012850064570492092,-0.013565178381167109,-0.0013460094654338395,0.013694746859179485,8045540000.0,7774815000.0,562079420000.0,29825.182,316.528,4.64,4.2,0.06135,0.0747,-0.0005850000000000022
2025-01-03,21326.16015625,21326.16015625,21359.630859375,21075.890625,21096.7890625,8214050000,21196.81171875,21345.2849609375,21488.79404296875,50.9359642953791,54.99394107386979,143.25862694558347,-88.26468587171368,22118.64937692992,20858.938709007583,21488.79404296875,0.37089584071953086,-0.0017395053145818906,-0.00872383535844301,-0.012850064570492092,-0.013565178381167109,-0.0013460094654338395,8394768000.0,7792016000.0,570293470000.0,29825.182,316.528,4.64,4.2,0.115076923076923,0.0296923076923076,0.1404461538461538
2025-01-06,21559.5,21559.5,21703.490234375,21462.51953125,21551.1796875,9586840000,21214.1078125,21390.183984375,21495.5080078125,54.85633419454343,68.39420654962669,128.28574286639213,-59.89153631676544,22125.37273673354,20865.643278891457,21495.5080078125,0.5507982025736852,0.016711831640100705,-0.0017395053145818906,-0.00872383535844301,-0.012850064570492092,-0.013565178381167109,8759112000.0,7909882500.0,579880310000.0,29825.182,317.604,4.48,4.1,0.0866111111111111,0.030055555555555502,0.12775555555555554
2025-01-07,21173.0390625,21173.0390625,21621.25,21101.08984375,21619.890625,13371130000,21209.29765625,21378.5728515625,21473.0474609375,48.013603283989184,47.28477614972144,112.08554952305799,-64.80077337333655,22115.78808215884,20830.306839716162,21473.0474609375,0.2666178326589784,0.010941484169695537,0.016711831640100705,-0.0017395053145818906,-0.00872383535844301,-0.012850064570492092,9756520000.0,8239058500.0,566509180000.0,29825.182,317.604,4.48,4.1,0.064,0.0765999999999999,0.01483
2025-01-08,21180.970703125,21180.970703125,21242.609375,20992.080078125,21156.759765625,8851720000,21243.0578125,21346.3529296875,21460.05498046875,48.156538348006556,30.839914249230787,95.83642246829255,-64.99650821906177,22115.910036131314,20804.199924806187,21460.05498046875,0.28723631469013233,-0.01792532004452796,0.010941484169695537,0.016711831640100705,-0.0017395053145818906,-0.00872383535844301,9752258000.0,8287413500.0,575360900000.0,29825.182,317.604,4.48,4.1,0.0748,0.1321,-0.11733
2025-01-10,20847.580078125,20847.580078125,21015.509765625,20718.779296875,21012.2890625,8608880000,21217.45,21251.3458984375,21434.025,42.82643067732611,-8.990952359406947,74.87094750275266,-83.8618998621596,22144.29937923812,20723.750620761883,21434.025,0.08717015633869829,0.00037461039964958864,-0.01792532004452796,0.010941484169695537,0.016711831640100705,-0.0017395053145818906,9726524000.0,8375665000.0,566752020000.0,29825.182,317.604,4.48,4.1,0.184,0.0247999999999999,0.26715500000000003
2025-01-13,20784.720703125,20784.720703125,20797.099609375,20538.330078125,20593.650390625,7830760000,21109.162109375,21152.9869140625,21385.06201171875,41.88510122034425,-45.10943386350118,50.87487122950189,-95.98430509300307,22133.54876858413,20636.57525485337,21385.06201171875,0.09896330623941425,-0.015740101323628797,0.00037461039964958864,-0.01792532004452796,0.010941484169695537,0.016711831640100705,9649866000.0,8435217000.0,558921260000.0,29825.182,317.604,4.48,4.1,0.11596666666666666,0.03403333333333333,0.13844333333333333
2025-01-14,20757.41015625,20757.41015625,20969.51953125,20622.720703125,20896.359375,7168110000,20948.744140625,21081.4259765625,21342.16904296875,41.45872717959244,-75.07194095943487,25.685508791714543,-100.75744975114941,22132.273530925457,20552.064555012046,21342.16904296875,0.12994838301007472,-0.0030151880824746957,-0.015740101323628797,0.00037461039964958864,-0.01792532004452796,0.010941484169695537,9166120000.0,8441245000.0,551753150000.0,29825.182,317.604,4.48,4.1,0.0869,0.031,0.18329
2025-01-15,21237.849609375,21237.849609375,21286.009765625,21024.26953125,21067.810546875,7260250000,20961.70625,21085.501953125,21315.0490234375,50.923272083911165,-59.365664606280916,8.675274112115451,-68.04093871839636,22078.630190542615,20551.467856332383,21315.0490234375,0.449449110724419,-0.0013139722811331689,-0.0030151880824746957,-0.015740101323628797,0.00037461039964958864,-0.01792532004452796,7943944000.0,8502845000.0,559013400000.0,29825.182,317.604,4.48,4.1,0.1546,0.0,0.32242
2025-01-16,21091.25,21091.25,21330.58984375,21087.849609375,21324.98046875,7085990000,20943.762109375,21093.4099609375,21264.778515625,48.3543442409411,-58.07820137824092,-4.675420985955823,-53.402780392285095,21938.830599344154,20590.726431905845,21264.778515625,0.37127959410233025,0.02314544297715959,-0.0013139722811331689,-0.0030151880824746957,-0.015740101323628797,0.00037461039964958864,7590798000.0,8414392500.0,551927410000.0,29825.182,317.604,4.48,4.1,0.0706,0.0133,0.13147
2025-01-17,21441.16015625,21441.16015625,21515.759765625,21334.630859375,21461.900390625,7996360000,21062.478125,21139.9640625,21236.78251953125,54.2825832580252,-28.494584374751867,-9.439253663715032,-19.055330711036834,21822.837929378456,20650.727109684045,21236.78251953125,0.6743671616068128,-0.006902752023928427,0.02314544297715959,-0.0013139722811331689,-0.0030151880824746957,-0.015740101323628797,7468294000.0,8337493000.0,559923770000.0,29825.182,317.604,4.48,4.1,0.0975454545454545,0.0,0.2146454545454545
2025-01-21,21566.509765625,21566.509765625,21620.23046875,21379.060546875,21557.8203125,8015780000,21218.8359375,21163.9990234375,21254.6419921875,56.22126379202213,5.007586781823193,-6.549885574607387,11.55747235643058,21858.66815926332,20650.615825111676,21254.6419921875,0.7581575024698831,0.01659029959106273,-0.006902752023928427,0.02314544297715959,-0.0013139722811331689,-0.0030151880824746957,7505298000.0,8238476000.0,567939550000.0,29825.182,317.604,4.48,4.1,0.10043888888888887,0.03931944444444442,0.11655055555555553
2025-01-22,21853.0,21853.0,21943.0390625,21756.23046875,21756.23046875,7219060000,21437.95390625,21193.3490234375,21291.76650390625,60.35880926137824,54.052581891312,5.57060791857649,48.48197397273551,21947.545633813796,20635.9873739987,21291.76650390625,0.9279135081447889,0.005846213939056044,0.01659029959106273,-0.006902752023928427,0.02314544297715959,-0.0013139722811331689,7515488000.0,8197949500.0,575158610000.0,29825.182,317.604,4.48,4.1,0.0967,0.0453,0.08615
2025-01-23,21900.9296875,21900.9296875,21900.9296875,21722.0390625,21737.240234375,6837700000,21570.569921875,21266.1380859375,21322.35546875,61.022510879122336,95.6856148757688,23.593609310014955,72.09200556575385,22032.4450130069,20612.2659244931,21322.35546875,0.9073952527744015,0.013284033322426447,0.005846213939056044,0.01659029959106273,-0.006902752023928427,0.02314544297715959,7430978000.0,7991712000.0,581996310000.0,29825.182,317.604,4.48,4.1,0.0980999999999999,0.0447,0.08617
2025-01-24,21774.009765625,21774.009765625,21945.48046875,21709.060546875,21915.48046875,7708150000,21707.121875,21325.4419921875,21335.8974609375,58.24170821275772,117.08898752170353,42.29268495235267,74.79630256935086,22070.416141933543,20601.378779941457,21335.8974609375,0.7982308796376685,0.0021932772388231214,0.013284033322426447,0.005846213939056044,0.01659029959106273,-0.006902752023928427,7555410000.0,8036083500.0,574288160000.0,29825.182,317.604,4.48,4.1,0.2038181818181818,0.0196363636363636,0.4941909090909091
2025-01-27,21127.279296875,21127.279296875,21292.5390625,20974.900390625,21000.169921875,8870200000,21644.345703125,21353.4119140625,21302.37890625,46.59082803374698,80.93262969419447,50.020673900721036,30.91195579347344,22008.82217556508,20595.93563693492,21302.37890625,0.37606958903808047,-0.005795184208432946,0.0021932772388231214,0.013284033322426447,0.005846213939056044,0.01659029959106273,7730178000.0,8242634000.0,565417960000.0,29825.182,317.604,4.48,4.1,0.12686666666666666,0.03576666666666666,0.18151407407407405
2025-01-28,21463.0390625,21463.0390625,21500.73046875,21043.130859375,21186.080078125,7121740000,21623.6515625,21421.24375,21287.11533203125,51.96345190781156,78.46694455504621,55.709928031586074,22.757016523460138,21963.733050224957,20610.497613837546,21287.11533203125,0.6300023083480532,-0.029701946297966852,-0.005795184208432946,0.0021932772388231214,0.013284033322426447,0.005846213939056044,7551370000.0,8275325500.0,572539700000.0,29825.182,317.604,4.48,4.1,0.0926,0.0520999999999999,0.08319
2025-01-29,21411.4609375,21411.4609375,21477.880859375,21251.80078125,21473.009765625,6497710000,21535.34375,21486.648828125,21284.03740234375,51.1128578633316,71.52643546249601,58.87322951776807,12.653205944727944,21957.64775106002,20610.42705362748,21284.03740234375,0.5945825248966902,0.01589223869798806,-0.029701946297966852,-0.005795184208432946,0.0021932772388231214,0.013284033322426447,7407100000.0,8211955000.0,566041990000.0,29825.182,317.604,4.48,4.1,0.0562,0.0814,-0.01849
2025-01-30,21508.119140625,21508.119140625,21623.44921875,21308.689453125,21519.810546875,6679500000,21456.781640625,21513.67578125,21299.5888671875,52.6762270804985,72.98422448015117,61.69542851024469,11.28879596990648,21979.082884871386,20620.094849503614,21299.5888671875,0.6534452607458513,-0.002403113783178812,0.01589223869798806,-0.029701946297966852,-0.005795184208432946,0.0021932772388231214,7375460000.0,8126725500.0,572721490000.0,29825.182,317.604,4.48,4.1,0.1597,0.0,0.25687
2025-01-31,21478.05078125,21478.05078125,21846.009765625,21425.7890625,21661.560546875,7947370000,21397.58984375,21552.355859375,21322.88291015625,52.11787351673175,70.89602225632188,63.53554725946013,7.360474996861754,21992.764176338416,20653.001643974087,21322.88291015625,0.6158174432747555,0.004514320783955084,-0.002403113783178812,0.01589223869798806,-0.029701946297966852,-0.005795184208432946,7423304000.0,8080442500.0,564774120000.0,29825.182,317.604,4.48,4.1,0.0924545454545454,0.0539090909090909,0.140790909090909
2025-02-03,21297.580078125,21297.580078125,21406.580078125,21004.349609375,21084.640625,8272460000,21431.65,21537.9978515625,21338.98095703125,48.77605425560629,54.055511179172754,61.63954004340266,-7.584028864229907,21988.901517623024,20689.060396439476,21338.98095703125,0.4681492774528066,-0.0013980004099105603,0.004514320783955084,-0.002403113783178812,0.01589223869798806,-0.029701946297966852,7303756000.0,8057188000.0,556501660000.0,29825.182,317.604,4.48,4.1,0.15295925925925924,0.033133333333333334,0.17453814814814814
2025-02-04,21566.919921875,21566.919921875,21582.400390625,21308.240234375,21319.580078125,6477050000,21452.426171875,21538.0388671875,21351.0189453125,53.56180602279724,61.7311608488817,61.65786420449847,0.0732966443832268,22008.810790032207,20693.22710059279,21351.0189453125,0.6641104084032078,-0.008402564318478523,-0.0013980004099105603,0.004514320783955084,-0.002403113783178812,0.01589223869798806,7174818000.0,7970338000.0,562978710000.0,29825.182,317.604,4.48,4.1,0.1149999999999999,0.0276,0.10399
2025-02-05,21658.16015625,21658.16015625,21662.98046875,21408.640625,21453.869140625,6712220000,21501.766015625,21518.5548828125,21355.951953125,55.09242541445937,74.31978073000573,64.19024750959993,10.129533220405804,22021.757790022915,20690.146116227086,21355.951953125,0.7269491992838565,0.012646499872849049,-0.008402564318478523,-0.0013980004099105603,0.004514320783955084,-0.002403113783178812,7217720000.0,7826607000.0,569690930000.0,30042.113,318.961,4.33,4.0,0.0806,0.0613,0.0201299999999999
2025-02-06,21774.0703125,21774.0703125,21776.080078125,21618.25,21674.169921875,6642100000,21554.95625,21505.8689453125,21386.003515625,57.03007938947634,92.58210471686834,69.86861895105362,22.713485765814724,22071.026237928236,20700.980793321767,21386.003515625,0.7832510398853716,0.0042305639704469655,0.012646499872849049,-0.008402564318478523,-0.0013980004099105603,0.004514320783955084,7210240000.0,7490155500.0,576333030000.0,30042.113,318.961,4.33,4.0,0.0775,0.031,0.08655
2025-02-07,21491.310546875,21491.310546875,21869.3203125,21465.4609375,21776.279296875,7748940000,21557.608203125,21477.5990234375,21401.5205078125,51.223664396139355,83.27879201037285,72.55065356291747,10.728138447455379,22081.025311023728,20722.015704601272,21401.5205078125,0.5660702018868499,0.0053518006799184725,0.0042305639704469655,0.012646499872849049,-0.008402564318478523,-0.0013980004099105603,7170554000.0,7435016500.0,568584090000.0,30042.113,318.961,4.33,4.0,0.1901,0.0099,0.29668
2025-02-10,21756.73046875,21756.73046875,21793.130859375,21645.169921875,21670.060546875,9535440000,21649.43828125,21540.544140625,21446.97802734375,55.775319890151934,96.21392491684674,77.28330783370333,18.930617083143403,22091.17456299795,20802.78149168955,21446.97802734375,0.7404176553756907,-0.01298607754851766,0.0053518006799184725,0.0042305639704469655,0.012646499872849049,-0.008402564318478523,7423150000.0,7481344500.0,578119530000.0,30042.113,318.961,4.33,4.0,0.1146923076923077,0.021,0.19102179487179485
2025-02-11,21693.51953125,21693.51953125,21776.25,21625.509765625,21629.109375,9269380000,21674.758203125,21563.5921875,21492.41796875,54.47163092350944,100.20936537158559,81.8685193412798,18.340846030305798,22064.045520068285,20920.790417431715,21492.41796875,0.6759026152922656,0.012350104070949497,-0.01298607754851766,0.0053518006799184725,0.0042305639704469655,0.012646499872849049,7981616000.0,7553275500.0,568850150000.0,30042.113,318.961,4.33,4.0,0.0515,0.0688,-0.05491
2025-02-12,21719.259765625,21719.259765625,21745.66015625,21454.189453125,21475.41015625,7946550000,21686.978125,21594.3720703125,21540.51044921875,54.93357560496265,104.25106117234463,86.34502770749276,17.906033464851873,22003.24005210624,21077.780846331258,21540.51044921875,0.6931466187713432,-0.0029053509483326634,0.012350104070949497,-0.01298607754851766,0.0053518006799184725,0.0042305639704469655,8228482000.0,7592197500.0,576796700000.0,30042.113,318.961,4.33,4.0,0.1133,0.1184,-0.0023399999999999
2025-02-13,22030.7109375,22030.7109375,22038.150390625,21758.0390625,21786.16015625,8414510000,21738.30625,21646.63125,21580.153515625,60.19611646165832,131.0746934031704,95.2909608466283,35.78373255654209,22068.830620524062,21091.476410725936,21580.153515625,0.9609970646855494,0.0011865402632302846,-0.0029053509483326634,0.012350104070949497,-0.01298607754851766,0.0053518006799184725,8582964000.0,7649910500.0,585211210000.0,30042.113,318.961,4.33,4.0,0.1752,0.0,0.31488
2025-02-14,22114.689453125,22114.689453125,22139.4296875,22010.349609375,22038.609375,7995720000,21862.98203125,21710.2951171875,21631.32548828125,61.50153187278319,157.2957718287107,107.69192304304478,49.60384878566593,22118.77985132245,21143.87112524005,21631.32548828125,0.9958043270226039,0.014339861267644638,0.0011865402632302846,-0.0029053509483326634,0.012350104070949497,-0.01298607754851766,8632320000.0,7695397000.0,593206930000.0,30042.113,318.961,4.33,4.0,0.1257,0.0346,0.20023
2025-02-18,22164.609375,22164.609375,22191.369140625,22029.580078125,22176.009765625,8683170000,21944.5578125,21796.998046875,21667.49794921875,62.29318248898508,180.02902337346313,122.15934310912846,57.869680264334676,22200.753245626805,21134.24265281069,21667.49794921875,0.9661101625522839,0.0038118840496452755,0.014339861267644638,0.0011865402632302846,-0.0029053509483326634,0.012350104070949497,8461866000.0,7729737500.0,601890100000.0,30042.113,318.961,4.33,4.0,0.098575,0.006675,0.16395999999999994
2025-02-19,22175.599609375,22175.599609375,22222.609375,22045.75,22121.73046875,8171530000,22040.973828125,21857.866015625,21697.95244140625,62.476125373257794,196.6650764897422,137.0604897852512,59.604586704491,22274.719276515552,21121.18560629695,21697.95244140625,0.9140730178064344,0.0022573195965880366,0.0038118840496452755,0.014339861267644638,0.0011865402632302846,-0.0029053509483326634,8242296000.0,7737525000.0,610061630000.0,30042.113,318.961,4.33,4.0,0.1088,0.0484,0.07934
2025-02-20,22068.060546875,22068.060546875,22148.439453125,21878.75,22132.7109375,7329270000,22110.733984375,21898.8560546875,21708.70546875,59.437346950166734,198.87920911372203,149.42423365094538,49.454975462776645,22305.32094524284,21112.08999225716,21708.70546875,0.8011613780432281,0.0004958460665405173,0.0022573195965880366,0.0038118840496452755,0.014339861267644638,0.0011865402632302846,8118840000.0,7743035500.0,602732360000.0,30042.113,318.961,4.33,4.0,0.0355,0.0436,-0.03276
2025-02-21,21614.080078125,21614.080078125,22115.2109375,21597.16015625,22110.5390625,8461020000,22027.4078125,21882.85703125,21694.36298828125,48.67419786897791,162.1325325044345,151.96589342164322,10.166639082791278,22285.28596066172,21103.44001590078,21694.36298828125,0.4320699025857482,-0.004849432006092669,0.0004958460665405173,0.0022573195965880366,0.0038118840496452755,0.014339861267644638,8128142000.0,7824201500.0,594271340000.0,30042.113,318.961,4.33,4.0,0.0636,0.0,0.07184
2025-02-24,21352.080078125,21352.080078125,21727.580078125,21341.9609375,21669.359375,7414760000,21874.8859375,21868.933984375,21673.26650390625,43.750292411588795,110.59445216947279,143.69160517120915,-33.09715300173636,22282.072938445377,21064.46006936712,21673.26650390625,0.23621630163584809,-0.020571833568504783,-0.004849432006092669,0.0004958460665405173,0.0022573195965880366,0.0038118840496452755,8011950000.0,7809532000.0,586856580000.0,30042.113,318.961,4.33,4.0,0.1771,0.015799999999999998,0.25347333333333333
2025-02-25,21087.25,21087.25,21326.810546875,20930.580078125,21318.76953125,7991440000,21659.4140625,21801.9859375,21671.2650390625,39.41045866754771,47.8292325447037,124.51913064590806,-76.68989810120436,22287.842733040008,21054.68734508499,21671.2650390625,0.026405962487023444,-0.012121728014932387,-0.020571833568504783,-0.004849432006092669,0.0004958460665405173,0.0022573195965880366,7873604000.0,7765594000.0,578865140000.0,30042.113,318.961,4.33,4.0,0.1712,0.0767,0.16443
2025-02-26,21132.919921875,21132.919921875,21350.51953125,21012.619140625,21170.509765625,7034450000,21450.878125,21745.9259765625,21654.75908203125,40.50645629478845,1.7523250960148289,99.96576953592943,-98.2134444399146,22311.193906776858,20998.324257285643,21654.75908203125,0.10252020422706655,-0.012403010721017127,-0.012121728014932387,-0.020571833568504783,-0.004849432006092669,0.0004958460665405173,7646188000.0,7761229500.0,585899590000.0,30042.113,318.961,4.33,4.0,0.0716,0.0528,0.0528799999999999
2025-02-27,20550.94921875,20550.94921875,21323.91015625,20540.6796875,21281.359375,7700290000,21147.455859375,21629.094921875,21611.73349609375,32.45091938685863,-80.79279893895364,63.81405584095282,-144.60685477990646,22428.52889431633,20794.938097871174,21611.73349609375,-0.1493574031220773,0.002165759967516001,-0.012403010721017127,-0.012121728014932387,-0.020571833568504783,-0.004849432006092669,7720392000.0,7821358500.0,578199300000.0,30042.113,318.961,4.33,4.0,0.1483,0.032,0.12002
2025-02-28,20884.41015625,20884.41015625,20900.76953125,20407.44921875,20518.650390625,8247520000,21001.521875,21514.46484375,21580.548046875,39.834186217970114,-117.94331649980813,27.46258137280063,-145.40589787260876,22459.27890122194,20701.81719252806,21580.548046875,0.10389584183751108,-0.027538584600540372,0.002165759967516001,-0.012403010721017127,-0.012121728014932387,-0.020571833568504783,7677692000.0,7899759500.0,586446820000.0,30042.113,318.961,4.33,4.0,0.0825999999999999,0.0979,0.01063
2025-03-03,20425.580078125,20425.580078125,21073.80078125,20279.5,20989.580078125,8170140000,20816.221875,21345.55390625,21527.92451171875,34.28174864398679,-182.30759356743147,-14.491453615245787,-167.8161399521857,22547.300810570898,20508.5482128666,21527.92451171875,-0.04069553845573302,0.016226060117737084,-0.027538584600540372,0.002165759967516001,-0.012403010721017127,-0.012121728014932387,7828768000.0,7910898000.0,578276680000.0,30042.113,318.961,4.33,4.0,0.15,0.03716666666666666,0.23162666666666668
2025-03-04,20352.529296875,20352.529296875,20688.4609375,20034.6796875,20281.880859375,8469180000,20669.277734375,21164.3458984375,21480.67197265625,33.481562330958354,-236.48527930625278,-58.890218753447186,-177.5950605528056,22624.966514024534,20336.37743128797,21480.67197265625,0.00705756472792305,-0.021969980224109342,0.016226060117737084,-0.027538584600540372,0.002165759967516001,-0.012403010721017127,7924316000.0,7920734000.0,569807500000.0,30042.113,318.961,4.33,4.0,0.1117,0.1086,0.00725
2025-03-05,20628.4609375,20628.4609375,20688.720703125,20182.5703125,20363.220703125,7048430000,20568.3859375,21009.63203125,21433.7490234375,39.249727700521596,-254.22555430184002,-97.95728586312576,-156.26826843871424,22638.519118483353,20228.978928391647,21433.7490234375,0.16579180158565807,-0.0035764360654919614,-0.021969980224109342,0.016226060117737084,-0.027538584600540372,0.002165759967516001,7927112000.0,7949303000.0,576855930000.0,30042.113,318.961,4.33,4.0,0.1137999999999999,0.0121999999999999,0.17989
2025-03-06,20052.630859375,20052.630859375,20473.41015625,19968.560546875,20231.740234375,7686200000,20468.722265625,20808.0890625,21353.47255859375,32.84818598445031,-311.1626357664536,-140.59835584379135,-170.56427992266225,22700.80739171091,20006.137725476587,21353.47255859375,0.017253741518300968,0.013557609307427443,-0.0035764360654919614,-0.021969980224109342,0.016226060117737084,-0.027538584600540372,7924294000.0,7998002000.0,569169730000.0,30042.113,318.961,4.33,4.0,0.1706,0.0759,0.19478
2025-03-07,20201.369140625,20201.369140625,20253.220703125,19736.810546875,20015.619140625,8135420000,20332.1140625,20666.81796875,21274.8375,35.76258546300956,-340.36028529551913,-180.55074173413692,-159.8095435613822,22700.13513029007,19849.539869709934,21274.8375,0.12342308842661315,-0.027914349978393815,0.013557609307427443,-0.0035764360654919614,-0.021969980224109342,0.016226060117737084,7901874000.0,8072668000.0,577305150000.0,30042.113,318.961,4.33,4.0,0.0965999999999999,0.0581,0.02196
2025-03-10,19430.94921875,19430.94921875,19867.080078125,19243.310546875,19826.9609375,8636040000,20133.187890625,20474.7048828125,21171.81943359375,28.792215302482475,-420.81518641179355,-228.60363066966826,-192.21155574212528,22812.763148874088,19530.875718313415,21171.81943359375,-0.03044787540026732,0.0074173948691855784,-0.027914349978393815,0.013557609307427443,-0.0035764360654919614,-0.021969980224109342,7995054000.0,8117023000.0,568669110000.0,30042.113,319.679,4.33,4.2,0.15726666666666667,0.08363333333333334,0.08305333333333333
2025-03-11,19376.9609375,19376.9609375,19659.4296875,19180.560546875,19405.51953125,9177320000,19938.07421875,20303.6759765625,21052.83095703125,28.37484919797437,-483.36079591700036,-279.5550637191347,-203.80573219786567,22852.628505018503,19253.033409043994,21052.83095703125,0.034428185713053276,-0.03813701519495938,0.0074173948691855784,-0.027914349978393815,0.013557609307427443,-0.0035764360654919614,8136682000.0,8099117000.0,559491790000.0,30042.113,319.679,4.33,4.2,0.0316,0.1417,-0.23466
2025-03-12,19596.01953125,19596.01953125,19756.08984375,19375.25,19663.390625,7746430000,19731.5859375,20149.9859375,20947.95595703125,32.64143420860756,-509.3806215730219,-325.5201752899122,-183.86044628310975,22832.98733378653,19062.92458027597,20947.95595703125,0.1414021425711364,-0.0027784685473781767,-0.03813701519495938,0.0074173948691855784,-0.027914349978393815,0.013557609307427443,8276282000.0,8022969500.0,567238220000.0,30042.113,319.679,4.33,4.2,0.1544,0.0515,0.22412
2025-03-13,19225.48046875,19225.48046875,19558.560546875,19152.5703125,19534.369140625,7147050000,19566.155859375,20017.4390625,20823.2669921875,29.44620132335416,-553.520289148848,-371.12019806169934,-182.4000910871486,22820.0774023653,18826.456582009698,20823.2669921875,0.09991531612276906,0.011305105813887328,-0.0027784685473781767,-0.03813701519495938,0.0074173948691855784,-0.027914349978393815,8168452000.0,7982994500.0,560091170000.0,30042.113,319.679,4.33,4.2,0.0237999999999999,0.0314,-0.0481799999999999
2025-03-14,19704.640625,19704.640625,19729.2109375,19436.0390625,19458.890625,7093850000,19466.81015625,19899.462109375,20706.9634765625,37.91036022037639,-543.571124054135,-405.6103832601865,-137.9607407939485,22678.461439282004,18735.465513843,20706.9634765625,0.24579663014718817,-0.0189088943246406,0.011305105813887328,-0.0027784685473781767,-0.03813701519495938,0.0074173948691855784,7960138000.0,7916961500.0,567185020000.0,30042.113,319.679,4.33,4.2,0.0635,0.0,0.1068
2025-03-17,19812.240234375,19812.240234375,19943.810546875,19622.470703125,19670.689453125,6306340000,19543.068359375,19838.128125,20591.841015625,39.66091931274194,-520.9982067898527,-428.68794796611974,-92.31025882373297,22484.54688515116,18699.135146098837,20591.841015625,0.29405125915175295,0.02492318238958191,-0.0189088943246406,0.011305105813887328,-0.0027784685473781767,-0.03813701519495938,7494198000.0,7832492500.0,573491360000.0,30042.113,319.679,4.33,4.2,0.19316666666666668,0.02666666666666667,0.30312
2025-03-18,19483.359375,19483.359375,19676.05078125,19397.080078125,19657.099609375,6450530000,19564.348046875,19751.2111328125,20457.778515625,36.29277707465798,-523.6110813985833,-447.67257465261247,-75.93850674597087,22259.051154784993,18656.505876465006,20457.778515625,0.22951925226616154,0.005460622775250501,0.02492318238958191,-0.0189088943246406,0.011305105813887328,-0.0027784685473781767,6948840000.0,7720860500.0,567040830000.0,30042.113,319.679,4.33,4.2,0.0562999999999999,0.0276,0.00787
2025-03-19,19736.66015625,19736.66015625,19921.619140625,19497.7890625,19576.3203125,6302310000,19592.476171875,19662.0310546875,20335.83154296875,40.48493083812175,-499.4847974008808,-458.03501920226614,-41.44977819861464,21969.9062638062,18701.7568221313,20335.83154296875,0.3166634061838739,-0.01659988247085653,0.005460622775250501,0.02492318238958191,-0.0189088943246406,0.011305105813887328,6660016000.0,7627399500.0,573343140000.0,30042.113,319.679,4.33,4.2,0.0643,0.0301999999999999,0.109
2025-03-20,19677.609375,19677.609375,19888.849609375,19549.310546875,19558.279296875,6098330000,19682.901953125,19624.52890625,20216.308984375,39.826970665798605,-479.60090733258403,-462.3481968283297,-17.25271050425431,21654.903121078947,18777.71484767105,20216.308984375,0.31276873176709646,0.01300087815323181,-0.01659988247085653,0.005460622775250501,0.02492318238958191,-0.0189088943246406,6450272000.0,7565852500.0,567244810000.0,30042.113,319.679,4.33,4.2,0.0433,0.0398,-0.0137399999999999
2025-03-21,19753.970703125,19753.970703125,19767.98046875,19409.1796875,19466.439453125,8837930000,19692.76796875,19579.7890625,20123.303515625,41.15871501071897,-452.4653216185907,-460.3716217863819,7.906300167791244,21414.355268812702,18832.2517624373,20123.303515625,0.356964365840451,-0.0029919338318900035,0.01300087815323181,-0.01659988247085653,0.005460622775250501,0.02492318238958191,6799088000.0,7584698000.0,576082740000.0,30042.113,319.679,4.33,4.2,0.0994999999999999,0.0290833333333333,0.1652083333333333
2025-03-24,20180.44921875,20180.44921875,20208.83984375,20024.970703125,20041.2109375,6787790000,19766.409765625,19654.7390625,20064.72197265625,48.071220210542094,-392.027869210262,-446.70287127115796,54.67500206089596,21220.222077372557,18909.221867939945,20064.72197265625,0.5500766921705136,0.003880620184584904,-0.0029919338318900035,0.01300087815323181,-0.01659988247085653,0.005460622775250501,6895378000.0,7553349500.0,582870530000.0,30042.113,319.679,4.33,4.2,0.1229333333333333,0.0263833333333333,0.18582999999999997
2025-03-25,20287.830078125,20287.830078125,20292.189453125,20164.0703125,20196.5,6475790000,19927.30390625,19745.8259765625,20024.7509765625,49.67430861730457,-331.6430402882361,-423.6909050745736,92.04786478633753,21082.491108456892,18967.010844668108,20024.7509765625,0.6243590432232775,0.02158950835932605,0.003880620184584904,-0.0029919338318900035,0.01300087815323181,-0.01659988247085653,6900430000.0,7477567000.0,589346320000.0,30042.113,319.679,4.33,4.2,0.2137,0.0135,0.36426
2025-03-26,19916.990234375,19916.990234375,20270.189453125,19848.490234375,20239.0390625,9091510000,19963.369921875,19777.923046875,19963.9544921875,44.55839616841398,-310.13624687026095,-400.9799734337111,90.84372656345016,20884.36825525385,19043.54072912115,19963.9544921875,0.4744874209311921,0.005321034146020365,0.02158950835932605,0.003880620184584904,-0.0029919338318900035,0.01300087815323181,7458270000.0,7580420000.0,580254810000.0,30042.113,319.679,4.33,4.2,0.0953,0.0489,0.05082
2025-03-27,19798.619140625,19798.619140625,20003.359375,19740.220703125,19814.609375,8002470000,19987.571875,19835.2369140625,19926.33798828125,43.034850335009665,-299.1945871767457,-380.6228961823181,81.42830900557237,20806.348759093413,19046.32721746909,19926.33798828125,0.42743336110626245,-0.018278930882305255,0.005321034146020365,0.02158950835932605,0.003880620184584904,-0.0029919338318900035,7839098000.0,7595529000.0,572252340000.0,30042.113,319.679,4.33,4.2,0.1342,0.0783,0.1456599999999999
2025-03-28,19281.400390625,19281.400390625,19752.44921875,19241.5390625,19718.4609375,7015410000,19893.0578125,19792.912890625,19846.1875,37.07044611281028,-328.4720522353673,-370.19272739292796,41.72067515756066,20647.246043749303,19045.128956250697,19846.1875,0.14747451120641544,-0.0059432219606003756,-0.018278930882305255,0.005321034146020365,0.02158950835932605,0.003880620184584904,7474594000.0,7533923500.0,565236930000.0,30042.113,319.679,4.33,4.2,0.0643,0.0834,-0.0622699999999999
2025-03-31,19278.44921875,19278.44921875,19316.060546875,18799.19921875,18998.5390625,8122180000,19712.6578125,19739.5337890625,19788.83095703125,37.03890261794125,-347.90238697804307,-365.734659309951,17.832272331907916,20579.418452228936,18998.24346183356,19788.83095703125,0.1772136282312264,-0.02612398098707369,-0.0059432219606003756,-0.018278930882305255,0.005321034146020365,0.02158950835932605,7741472000.0,7531525500.0,557114750000.0,30042.113,319.679,4.33,4.2,0.12713333333333335,0.0690333333333333,0.08917999999999998
2025-04-01,19436.419921875,19436.419921875,19468.619140625,19095.169921875,19192.76953125,7756540000,19542.37578125,19734.83984375,19743.02548828125,39.982811573509075,-346.5592326157166,-361.89957397110413,15.340341355387523,20501.60597576159,18984.44500080091,19743.02548828125,0.2979083489052981,-0.0001530579633850504,-0.02612398098707369,-0.0059432219606003756,-0.018278930882305255,0.005321034146020365,7997622000.0,7495893500.0,564871290000.0,30042.113,319.679,4.33,4.2,0.0275,0.0159,0.00484
2025-04-02,19581.779296875,19581.779296875,19707.33984375,19157.19921875,19182.390625,9126630000,19475.33359375,19719.3517578125,19690.69140625,42.640526650225155,-329.9618910769641,-355.5120373922761,25.55014631531202,20326.564277953752,19054.818534546248,19690.69140625,0.41436015418995475,0.008194160294354047,-0.0001530579633850504,-0.02612398098707369,-0.0059432219606003756,-0.018278930882305255,8004646000.0,7599803500.0,573997920000.0,30042.113,319.679,4.33,4.2,0.0228,0.0584999999999999,-0.03944
2025-04-03,18521.470703125,18521.470703125,18902.0703125,18502.970703125,18774.150390625,9461330000,19219.90390625,19603.737890625,19614.1333984375,31.63568244252629,-397.78104816395717,-363.96583954661236,-33.81520861734481,20414.060011029957,18814.206785845046,19614.1333984375,-0.1829768369446592,0.007478711387399306,0.008194160294354047,-0.0001530579633850504,-0.02612398098707369,-0.0059432219606003756,8296418000.0,7688560000.0,564536590000.0,30042.113,319.679,4.33,4.2,0.0077,0.2004,-0.4280199999999999
2025-04-04,17397.69921875,17397.69921875,18089.25,17387.830078125,18022.16015625,11038180000,18843.163671875,19368.1107421875,19473.94990234375,24.437171294697336,-536.0281865365141,-398.37830894459273,-137.64987759192138,20706.33301824712,18241.566786440377,19473.94990234375,-0.3423722529141424,-0.054147714447951745,0.007478711387399306,0.008194160294354047,-0.0001530579633850504,-0.02612398098707369,9100972000.0,7833698000.0,553498410000.0,30042.113,319.679,4.33,4.2,0.0297,0.1311,-0.17928
2025-04-07,17430.6796875,17430.6796875,18191.5,16542.19921875,16771.76953125,12483580000,18473.609765625,19093.1337890625,19373.93642578125,24.97671305113937,-635.6019676798387,-445.82304069164195,-189.77892698819676,20908.60243696366,17839.270414598835,19373.93642578125,-0.13312040669488368,-0.06067398763238563,-0.054147714447951745,0.007478711387399306,0.008194160294354047,-0.0001530579633850504,9973252000.0,8026075000.0,565981990000.0,30042.113,319.785,4.33,4.2,0.054400000000000004,0.08360000000000001,-0.061566666666666665
2025-04-08,17090.400390625,17090.400390625,18207.009765625,16850.1796875,18034.4609375,10496650000,18004.405859375,18773.3908203125,19259.6083984375,23.14077454246184,-733.5170738228444,-503.36184731788245,-230.15522650496195,21102.96395470367,17416.25284217133,19259.6083984375,-0.08838567536215385,0.0018956799019984594,-0.06067398763238563,-0.054147714447951745,0.007478711387399306,0.008194160294354047,10521274000.0,8092041500.0,555485340000.0,30042.113,319.785,4.33,4.2,0.0108,0.1146,-0.25437
2025-04-09,19145.060546875,19145.060546875,19234.01953125,17082.359375,17116.529296875,13479740000,17917.062109375,18696.1978515625,19237.06044921875,47.997202199564185,-637.9675055010084,-530.2829789545077,-107.6845265465007,21074.111241693092,17400.009656744405,19237.06044921875,0.4749598914954788,-0.019521860476790387,0.0018956799019984594,-0.06067398763238563,-0.054147714447951745,0.007478711387399306,11391896000.0,8378707000.0,568965080000.0,30042.113,319.785,4.33,4.2,0.0604,0.0525,0.0356
2025-04-10,18343.5703125,18343.5703125,18710.580078125,17794.5,18626.109375,11861670000,17881.48203125,18550.69296875,19192.96494140625,42.25633553198756,-619.7729905494161,-548.1809812734895,-71.59200927592667,21073.020451191533,17312.90943162097,19192.96494140625,0.2741038430819365,0.1202230555919035,-0.019521860476790387,0.0018956799019984594,-0.06067398763238563,-0.054147714447951745,11871964000.0,8614438000.0,557103410000.0,30042.113,319.785,4.33,4.2,0.0984,0.081,0.10424
2025-04-11,18690.05078125,18690.05078125,18728.94921875,18153.3203125,18309.2890625,9444890000,18139.95234375,18491.5580078125,19142.23544921875,45.30210718328268,-570.8156210369198,-552.7079092261755,-18.107711810744263,21018.908453803633,17265.56244463387,19142.23544921875,0.3795249180693644,-0.04186407415179605,0.1202230555919035,-0.019521860476790387,0.0018956799019984594,-0.06067398763238563,11553306000.0,8731990000.0,566548300000.0,30042.113,319.785,4.33,4.2,0.2218,0.0259,0.41083
2025-04-14,18796.01953125,18796.01953125,19115.150390625,18614.759765625,19095.490234375,9667260000,18413.0203125,18443.3150390625,19091.4244140625,46.2361506583887,-517.5003387004981,-545.6663951210401,28.166056420541963,20946.62230465635,17236.226523468653,19091.4244140625,0.42038453571172874,0.018888387748261515,-0.04186407415179605,0.1202230555919035,-0.019521860476790387,0.0018956799019984594,10990042000.0,8900036000.0,576215560000.0,30042.113,319.785,4.33,4.2,0.13709999999999997,0.013033333333333333,0.2342133333333333
2025-04-15,18830.23046875,18830.23046875,19004.169921875,18754.869140625,18831.98046875,7483050000,18760.986328125,18382.69609375,19058.76796875,46.55346368962635,-467.1025887081414,-529.9536338384604,62.851045130318994,20907.90071899051,17209.635218509487,19058.76796875,0.4382041392187031,0.005669794653865079,0.018888387748261515,-0.04186407415179605,0.1202230555919035,-0.019521860476790387,10387322000.0,8951662000.0,583698610000.0,30042.113,319.785,4.33,4.2,0.0445,0.1856,-0.20529
2025-04-16,18257.640625,18257.640625,18597.3203125,17995.9609375,18475.759765625,7909190000,18583.50234375,18250.2822265625,18984.8169921875,42.077273867485125,-467.97074831574355,-517.5570567339171,49.58630841817353,20838.094539634978,17131.539444740025,18984.8169921875,0.3038134201245131,0.0018201160859150356,0.005669794653865079,0.018888387748261515,-0.04186407415179605,0.1202230555919035,9273212000.0,9032006000.0,575789420000.0,30042.113,319.785,4.33,4.2,0.0656,0.0635,-0.03135
2025-04-17,18258.08984375,18258.08984375,18401.05078125,18144.4609375,18369.900390625,7046290000,18566.40625,18223.944140625,18913.841015625,42.08197897041412,-463.2820952497241,-506.7020644370785,43.41996918735441,20764.129653137326,17063.552378112672,18913.841015625,0.32279760071470726,-0.03040801039053931,0.0018201160859150356,0.005669794653865079,0.018888387748261515,-0.04186407415179605,8310136000.0,9079404000.0,582835710000.0,30042.113,319.785,4.33,4.2,0.1443,0.0397,0.17233
2025-04-21,17808.30078125,17808.30078125,18043.080078125,17592.919921875,18023.009765625,6678730000,18390.05625,18265.004296875,18816.55751953125,38.69286106791716,-490.2096900527031,-503.40358956020344,13.193899507500362,20685.36338344642,16947.751655616077,18816.55751953125,0.23024037495019994,2.4604425030938515e-05,-0.03040801039053931,0.0018201160859150356,0.005669794653865079,0.018888387748261515,7756904000.0,8971444000.0,576156980000.0,30042.113,319.785,4.33,4.2,0.12379930555555556,0.037025,0.14132902777777775
2025-04-22,18276.41015625,18276.41015625,18396.390625,17993.240234375,18033.900390625,6981900000,18286.134375,18349.57734375,18721.35556640625,43.76852790471095,-468.3783148692528,-496.39853462201336,28.020219752760568,20488.86099348364,16953.850139328864,18721.35556640625,0.37413181217441027,-0.024635055821787932,2.4604425030938515e-05,-0.03040801039053931,0.0018201160859150356,0.005669794653865079,7219832000.0,8981149500.0,583138880000.0,30042.113,319.785,4.33,4.2,0.1016999999999999,0.0378,0.15443
2025-04-23,18693.259765625,18693.259765625,19043.009765625,18618.890625,18870.630859375,8564870000,18258.740234375,18509.86328125,18641.62705078125,47.90468892486,-412.6833561871281,-479.65549893503635,66.97214274790826,20248.138312991163,17035.11578857134,18641.62705078125,0.5160698266044904,0.02628602137565328,-0.024635055821787932,2.4604425030938515e-05,-0.03040801039053931,0.0018201160859150356,7436196000.0,9085603500.0,591703750000.0,30042.113,319.785,4.33,4.2,0.1195,0.0617,0.12391
2025-04-24,19214.400390625,19214.400390625,19224.80078125,18744.470703125,18756.529296875,7607400000,18450.0921875,18516.797265625,18606.49755859375,52.59893938540185,-322.7722890579753,-448.27885695962414,125.50656790164885,20123.836572406166,17089.158544781334,18606.49755859375,0.7003187245887303,0.022808068204381415,0.02628602137565328,-0.024635055821787932,2.4604425030938515e-05,-0.03040801039053931,7375838000.0,9011398000.0,599311150000.0,30042.113,319.785,4.33,4.2,0.176,0.0544,0.24928
2025-04-25,19432.560546875,19432.560546875,19447.560546875,19133.23046875,19209.720703125,7412930000,18684.986328125,18625.6962890625,18588.19462890625,54.449347049533365,-231.24773922393433,-404.8726334124862,173.62489418855188,20052.904784752605,17123.484473059896,18588.19462890625,0.7882365205834354,0.027878531167598863,0.022808068204381415,0.02628602137565328,-0.024635055821787932,2.4604425030938515e-05,7449166000.0,8981921000.0,606724080000.0,30042.113,319.785,4.33,4.2,0.1467,0.0711,0.13701
2025-04-28,19427.2890625,19427.2890625,19519.330078125,19162.4609375,19432.720703125,10313290000,19008.783984375,18699.4201171875,18595.4890625,54.394091836146515,-157.32568623602128,-355.36324397719324,198.03755774117195,20076.101759873785,17114.876365126216,18595.4890625,0.780897226356154,0.011353992412713731,0.027878531167598863,0.022808068204381415,0.02628602137565328,-0.024635055821787932,8176078000.0,9146815000.0,596410790000.0,30042.113,319.785,4.33,4.2,0.10520555555555554,0.040266666666666666,0.14554388888888886
2025-04-29,19544.94921875,19544.94921875,19582.76953125,19304.830078125,19315.94921875,13001930000,19262.491796875,18774.3130859375,18608.8140625,55.480058148628274,-88.23066717157417,-301.93672861606944,213.70606144449528,20119.79180165105,17097.836323348954,18608.8140625,0.8097779444374781,-0.0002712707037388906,0.011353992412713731,0.027878531167598863,0.022808068204381415,0.02628602137565328,9380084000.0,9390802500.0,609412720000.0,30042.113,319.785,4.33,4.2,0.0564,0.0412,0.02623
2025-04-30,19571.01953125,19571.01953125,19612.759765625,19011.98046875,19168.08984375,8595330000,19438.04375,18848.3919921875,18615.54404296875,55.73158866432222,-31.01123223878676,-247.7516293406129,216.74039710182615,20143.15016896603,17087.937916971474,18615.54404296875,0.812736206022177,0.0060564372039491055,-0.0002712707037388906,0.011353992412713731,0.027878531167598863,0.022808068204381415,9386176000.0,9432742000.0,618008050000.0,30042.113,319.785,4.33,4.2,0.0605,0.087,-0.04194
2025-05-01,19786.7109375,19786.7109375,20024.48046875,19763.140625,19866.830078125,8409690000,19552.505859375,19001.2990234375,18625.790625,57.8532286521752,31.37836579674331,-191.92563031314168,223.303996109885,20183.145247223496,17068.436002776507,18625.790625,0.8727218887508448,0.0013338644274905054,0.0060564372039491055,-0.0002712707037388906,0.011353992412713731,0.027878531167598863,9546634000.0,9396895000.0,626417740000.0,30042.113,319.785,4.33,4.2,0.0962,0.0935999999999999,0.00131
2025-05-02,20102.609375,20102.609375,20176.599609375,19936.669921875,19986.609375,8180190000,19686.515625,19185.7509765625,18704.84755859375,60.81528786108536,105.10139214029186,-132.520225822455,237.62161796274685,20394.789304162827,17014.90581302467,18704.84755859375,0.9135532541494686,0.011020959123033691,0.0013338644274905054,0.0060564372039491055,-0.0002712707037388906,0.011353992412713731,9700086000.0,9332838000.0,634597930000.0,30042.113,319.785,4.33,4.2,0.1609090909090909,0.086,0.1224090909090909
2025-05-05,19967.939453125,19967.939453125,20100.609375,19899.279296875,19928.8203125,7075320000,19794.645703125,19401.71484375,18833.3595703125,58.914390672479804,150.9209615517284,-75.83198834761832,226.75294989934673,20495.44433284707,17171.27480777793,18833.3595703125,0.8413122809339582,0.015965181808023754,0.011020959123033691,0.0013338644274905054,0.0060564372039491055,-0.0002712707037388906,9052492000.0,9134695000.0,627522610000.0,30042.113,319.785,4.33,4.2,0.13466666666666668,0.052333333333333294,0.15304666666666664
2025-05-06,19791.349609375,19791.349609375,19927.23046875,19659.3203125,19709.640625,6958220000,19843.92578125,19553.2087890625,18951.39306640625,56.42387890620347,171.0126484945722,-26.46306097918022,197.47570947375243,20527.10298407776,17375.68314873474,18951.39306640625,0.7665327334519757,-0.006699126434923319,0.015965181808023754,0.011020959123033691,0.0013338644274905054,0.0060564372039491055,7843750000.0,8858427000.0,620564390000.0,30485.729,320.302,4.33,4.2,0.0657,0.1587,-0.2101099999999999
2025-05-07,19867.970703125,19867.970703125,19960.859375,19605.0703125,19804.5,7977870000,19903.316015625,19670.6798828125,19090.27158203125,57.267967565099475,190.91736057520757,17.01302333169734,173.9043372435102,20450.19954218653,17730.343621875974,19090.27158203125,0.785933940576143,-0.008843668830454288,-0.006699126434923319,0.015965181808023754,0.011020959123033691,0.0013338644274905054,7720258000.0,8732488000.0,628542260000.0,30485.729,320.302,4.33,4.2,0.108,0.0428,0.2191399999999999
2025-05-08,20063.560546875,20063.560546875,20249.759765625,19907.669921875,20067.4296875,8500390000,19958.6859375,19755.5958984375,19136.19658203125,59.4284169005966,219.93913266886375,57.59824519913063,162.3408874697331,20564.244696787195,17708.148467275307,19136.19658203125,0.8246963303481681,0.0038714435984550377,-0.008843668830454288,-0.006699126434923319,0.015965181808023754,0.011020959123033691,7738398000.0,8483520500.0,637042650000.0,30485.729,320.302,4.33,4.2,0.0902,0.0,0.1866
2025-05-09,20061.44921875,20061.44921875,20203.580078125,19984.529296875,20170.369140625,8835140000,19950.45390625,19818.484765625,19222.09052734375,59.39350900745611,240.00213439986328,94.07902303927716,145.92311136058612,20656.044015362306,17788.137039325193,19222.09052734375,0.792672913877451,0.009844480177295445,0.0038714435984550377,-0.008843668830454288,-0.006699126434923319,0.015965181808023754,7869388000.0,8332194000.0,628207510000.0,30485.729,320.302,4.33,4.2,0.1463846153846154,0.0409230769230769,0.1758153846153846
2025-05-12,20868.150390625,20868.150390625,20870.119140625,20613.26953125,20818.779296875,10717670000,20130.49609375,19962.5708984375,19330.9955078125,67.29758255491035,317.3381735762887,138.73085314667946,178.60732042960922,20917.5374782771,17744.453537347898,19330.9955078125,0.984435618921056,-0.00010523197615230906,0.009844480177295445,0.0038714435984550377,-0.008843668830454288,-0.006699126434923319,8597858000.0,8395833000.0,638925180000.0,30485.729,320.302,4.33,4.2,0.11058333333333333,0.04676666666666667,0.1296483333333333
2025-05-13,21197.69921875,21197.69921875,21259.390625,20891.1796875,20906.919921875,9242230000,20411.766015625,20127.8458984375,19451.0794921875,69.87713057808293,400.6014934244704,191.10498120223767,209.49651222223272,21220.1874117232,17681.971572651797,19451.0794921875,0.9936441997899421,0.04021151029911807,-0.00010523197615230906,0.009844480177295445,0.0038714435984550377,-0.008843668830454288,9054660000.0,8374581500.0,648167410000.0,30485.729,320.302,4.33,4.2,0.1407999999999999,0.0327,0.28683
2025-05-14,21319.2109375,21319.2109375,21336.48046875,21199.849609375,21254.470703125,11744820000,20702.0140625,20302.6650390625,19575.528515625,70.79197864063215,470.96427151436365,247.07683926466288,223.88743224970077,21503.766808687247,17647.29022256275,19575.528515625,0.9521439150308147,0.015791951943812332,0.04021151029911807,-0.00010523197615230906,0.009844480177295445,0.0038714435984550377,9808050000.0,8587670000.0,659912230000.0,30485.729,320.302,4.33,4.2,0.0669999999999999,0.0761,0.04987
2025-05-15,21335.8203125,21335.8203125,21443.880859375,21168.169921875,21206.73046875,10546350000,20956.466015625,20457.5759765625,19729.4375,70.92197683546203,522.0496543880472,302.07140228933974,219.97825209870746,21705.559595839703,17753.315404160297,19729.4375,0.9064482695380744,0.005732306959168376,0.015791951943812332,0.04021151029911807,-0.00010523197615230906,0.009844480177295445,10217242000.0,8719528000.0,670458580000.0,30485.729,320.302,4.33,4.2,0.0554,0.0653,-0.0335899999999999
2025-05-16,21427.939453125,21427.939453125,21428.7890625,21246.419921875,21375.630859375,10509820000,21229.7640625,20590.108984375,19887.92998046875,71.67496290563639,563.4730663829505,354.3517351080619,209.12133127488858,21875.611819132377,17900.248141805125,19887.92998046875,0.8873883241021211,0.0007790801943230452,0.005732306959168376,0.015791951943812332,0.04021151029911807,-0.00010523197615230906,10552178000.0,8892704500.0,680968400000.0,30485.729,320.302,4.33,4.2,0.1526363636363636,0.0799090909090909,0.0546999999999999
2025-05-19,21447.05078125,21447.05078125,21464.560546875,21138.130859375,21138.130859375,13080030000,21345.544140625,20738.0201171875,20069.86748046875,71.83789731705954,591.0305114557887,401.6874903776073,189.34302107818138,21917.23549002002,18222.499470917483,20069.86748046875,0.8727420020431585,0.004317581385470781,0.0007790801943230452,0.005732306959168376,0.015791951943812332,0.04021151029911807,11024650000.0,9212769500.0,694048430000.0,30485.729,320.302,4.33,4.2,0.0697222222222222,0.08666666666666667,0.012499999999999999
2025-05-20,21367.369140625,21367.369140625,21399.990234375,21226.66015625,21347.630859375,9047100000,21379.478125,20895.6220703125,20224.4154296875,70.02916881452106,599.5293416885725,441.25586063980035,158.2734810487721,21953.423096715585,18495.40776265941,20224.4154296875,0.8305230314282159,0.0008918882829032082,0.004317581385470781,0.0007790801943230452,0.005732306959168376,0.015791951943812332,10985624000.0,9316029500.0,685001330000.0,30485.729,320.302,4.33,4.2,0.1149999999999999,0.0174,0.2244499999999999
2025-05-21,21080.359375,21080.359375,21482.98046875,21002.099609375,21217.310546875,11112460000,21331.7078125,21016.8609375,20343.77041015625,63.79825609645456,576.4603602349016,468.2967605588206,108.16359967608099,21953.16786705036,18734.372953262136,20343.77041015625,0.7288399803567648,-0.0037152726236215905,0.0008918882829032082,0.004317581385470781,0.0007790801943230452,0.005732306959168376,10859152000.0,9443409000.0,673888870000.0,30485.729,320.302,4.33,4.2,0.1261,0.0,0.24315
2025-05-22,21112.470703125,21112.470703125,21263.1796875,21046.220703125,21097.4609375,8289710000,21287.037890625,21121.751953125,20438.67392578125,64.18224382855223,554.3786105106883,485.51313054919416,68.86547996149415,21990.48446641175,18886.86338515075,20438.67392578125,0.7171002064047023,-0.013432152724844326,-0.0037152726236215905,0.0008918882829032082,0.004317581385470781,0.0007790801943230452,10407824000.0,9477524500.0,682178580000.0,30485.729,320.302,4.33,4.2,0.0603,0.1025,-0.06759
2025-05-23,20915.66015625,20915.66015625,21025.580078125,20777.970703125,20806.369140625,8730370000,21184.58203125,21207.173046875,20512.82890625,59.98282169731066,515.0604027366098,491.4225849866773,23.637817749932537,22002.712214420426,19022.945598079576,20512.82890625,0.6351888593525743,0.0015232818166792672,-0.013432152724844326,-0.0037152726236215905,0.0008918882829032082,0.004317581385470781,10051934000.0,9543396500.0,673448210000.0,30485.729,320.302,4.33,4.2,0.1066,0.0379,0.11906
2025-05-27,21414.990234375,21414.990234375,21429.3203125,21145.130859375,21201.44921875,8927760000,21178.169921875,21261.85703125,20612.21396484375,66.05179818038499,518.2185037015151,496.7817687296449,21.436734971870237,22061.8435947834,19162.584334904102,20612.21396484375,0.776890128675374,-0.009322004498785064,0.0015232818166792672,-0.013432152724844326,-0.0037152726236215905,0.0008918882829032082,9221480000.0,9474120000.0,682375970000.0,30485.729,320.302,4.33,4.2,0.15424999999999997,0.045199999999999976,0.20499
2025-05-28,21318.169921875,21318.169921875,21508.080078125,21296.509765625,21451.689453125,8087530000,21168.330078125,21273.9041015625,20700.875,64.02422400247937,507.0636176631742,498.8381385163508,8.225479146823432,22091.35980723047,19310.39019276953,20700.875,0.7219711134796615,0.023873503126115247,-0.009322004498785064,0.0015232818166792672,-0.013432152724844326,-0.0037152726236215905,9029566000.0,9228400000.0,674288440000.0,30485.729,320.302,4.33,4.2,0.0083,0.0698,-0.08474
2025-05-29,21363.94921875,21363.94921875,21611.5390625,21260.73046875,21611.5390625,11016850000,21225.048046875,21278.3779296875,20790.521484375,64.5778975343876,496.1974415415316,498.30999912138697,-2.112557579855377,22103.31217936111,19477.73078938889,20790.521484375,0.7184002890045877,-0.004521146703330481,0.023873503126115247,-0.009322004498785064,0.0015232818166792672,-0.013432152724844326,9010444000.0,9349476000.0,685305290000.0,30485.729,320.302,4.33,4.2,0.1008999999999999,0.0838,-0.0175899999999999
2025-05-30,21340.990234375,21340.990234375,21386.2890625,21032.560546875,21330.849609375,9042260000,21270.751953125,21278.894921875,20868.23544921875,64.04554326177974,480.19789805971595,494.6875789090528,-14.489680849336821,22113.084475454853,19623.38642298265,20868.23544921875,0.6898843856534393,0.002147430902500913,-0.004521146703330481,0.023873503126115247,-0.009322004498785064,0.0015232818166792672,9160954000.0,9381104500.0,676263030000.0,30485.729,320.302,4.33,4.2,0.0751,0.0584,0.0209999999999999
2025-06-02,21491.75,21491.75,21500.359375,21199.369140625,21270.5703125,7779940000,21385.969921875,21285.2759765625,20937.69248046875,66.02606734805065,474.2167225262747,490.5934076324972,-16.37668510622251,22157.436607371113,19717.94835356639,20937.69248046875,0.7271203883302648,-0.001074660126735849,0.002147430902500913,-0.004521146703330481,0.023873503126115247,-0.009322004498785064,8970868000.0,9361092000.0,684042970000.0,30485.729,320.302,4.33,4.2,0.1023222222222222,0.07056666666666667,0.11573999999999995
2025-06-03,21662.580078125,21662.580078125,21715.9609375,21474.509765625,21529.98046875,7990230000,21435.487890625,21306.82890625,21022.42451171875,68.16591723308136,477.7539077846741,488.02550766293257,-10.271599878258485,22192.974134721775,19851.874888715724,21022.42451171875,0.7734423017299951,0.0070643285044085236,-0.001074660126735849,0.002147430902500913,-0.004521146703330481,0.023873503126115247,8783362000.0,9406837500.0,692033200000.0,30485.729,320.302,4.33,4.2,0.1028999999999999,0.0,0.15863
2025-06-04,21721.919921875,21721.919921875,21761.369140625,21607.330078125,21689.01953125,7695660000,21516.237890625,21342.283984375,21118.95302734375,68.89871240243247,479.8143805479849,486.38328223994307,-6.56890169195816,22174.841659993832,20063.064394693665,21118.95302734375,0.7855258006793373,0.00794863508671928,0.0070643285044085236,-0.001074660126735849,0.002147430902500913,-0.004521146703330481,8704988000.0,9443709500.0,699728860000.0,30485.729,320.302,4.33,4.2,0.1372,0.0517,0.2202599999999999
2025-06-05,21547.4296875,21547.4296875,21891.890625,21472.76953125,21782.33984375,8782360000,21552.933984375,21388.991015625,21202.9259765625,64.21755309546123,462.04129201584146,481.51488419512276,-19.473592179281297,22094.21542336824,20311.636529756757,21202.9259765625,0.6932614102927811,0.002739278679455337,0.00794863508671928,0.0070643285044085236,-0.001074660126735849,0.002147430902500913,8258090000.0,9483934000.0,690946500000.0,30485.729,320.62,4.33,4.3,0.1336999999999999,0.0423,0.2071899999999999
2025-06-06,21761.7890625,21761.7890625,21836.5703125,21696.689453125,21777.5,7291590000,21637.09375,21453.9228515625,21287.83740234375,67.16867260217427,459.9509728864905,477.2021019333963,-17.251129046905817,22033.824636936424,20541.850167751076,21287.83740234375,0.817667406477162,-0.008032910304548224,0.002739278679455337,0.00794863508671928,0.0070643285044085236,-0.001074660126735849,7907956000.0,9423494000.0,698238090000.0,30485.729,320.62,4.33,4.3,0.1702,0.0461,0.23942
2025-06-09,21797.869140625,21797.869140625,21855.150390625,21729.30078125,21779.1796875,9538700000,21698.317578125,21542.14375,21374.6583984375,67.65225495422524,455.9498348106572,472.9516485088485,-17.001813698191313,21887.382233464774,20861.934563410225,21374.6583984375,0.9127082780976896,0.009948257314623232,-0.008032910304548224,0.002739278679455337,0.00794863508671928,0.0070643285044085236,8259708000.0,9458672000.0,707776790000.0,30485.729,320.62,4.33,4.3,0.12796666666666667,0.018600000000000002,0.2014233333333333
2025-06-10,21941.919921875,21941.919921875,21961.419921875,21727.33984375,21819.7890625,11221560000,21754.185546875,21594.83671875,21428.346875,69.57885009063409,459.1102609214904,470.18337099137693,-11.073110069886525,21942.625817527995,20914.067932472004,21428.346875,0.9993137035229125,0.0016579555119009548,0.009948257314623232,-0.008032910304548224,0.002739278679455337,0.00794863508671928,8905974000.0,9483866500.0,718998350000.0,30485.729,320.62,4.33,4.3,0.1191,0.0517,0.09112
2025-06-11,21860.80078125,21860.80078125,22041.830078125,21775.26953125,21994.16015625,10214190000,21781.96171875,21649.0998046875,21461.501953125,67.15332174377795,449.8833099223266,466.12335877756686,-16.240048855240275,21998.18304073555,20924.82086551445,21461.501953125,0.8720075453960826,0.006608479953736923,0.0016579555119009548,0.009948257314623232,-0.008032910304548224,0.002739278679455337,9409680000.0,9532464500.0,708784160000.0,30485.729,320.62,4.33,4.3,0.0664,0.0215,0.1444399999999999
2025-06-12,21913.3203125,21913.3203125,21952.0,21807.0,21826.7890625,16308730000,21855.13984375,21704.0369140625,21491.207421875,67.93274450303127,441.71693416887865,461.24207385582923,-19.52513968695058,22059.560740601843,20922.854103148155,21491.207421875,0.8713472559380557,-0.0036969937413784404,0.006608479953736923,0.0016579555119009548,0.009948257314623232,-0.008032910304548224,10914954000.0,9760660000.0,725092890000.0,30485.729,320.62,4.33,4.3,0.0949,0.0799,0.0233199999999999
2025-06-13,21631.0390625,21631.0390625,21838.470703125,21591.109375,21675.939453125,9001850000,21828.98984375,21733.041796875,21505.968359375,59.72898973345099,407.7668029185297,450.5470196683694,-42.78021674983967,22072.661654173324,20939.27506457668,21505.968359375,0.6103513172584029,0.0024024523060950376,-0.0036969937413784404,0.006608479953736923,0.0016579555119009548,0.009948257314623232,11257006000.0,9683435000.0,716091040000.0,30485.729,320.62,4.33,4.3,0.2029,0.0987,0.1226299999999999
2025-06-16,21937.5703125,21937.5703125,21979.76953125,21783.080078125,21783.080078125,9619130000,21856.930078125,21777.623828125,21531.44990234375,64.7124643123858,400.9734174327168,440.6322992212389,-39.65888178852208,22128.394170983538,20934.50563370396,21531.44990234375,0.8401661021736972,-0.012881719701736793,0.0024024523060950376,-0.0036969937413784404,0.006608479953736923,0.0016579555119009548,11273092000.0,9638900500.0,725710170000.0,30485.729,320.62,4.33,4.3,0.03666666666666667,0.03803333333333333,0.01022
2025-06-17,21719.080078125,21719.080078125,21896.419921875,21680.1796875,21858.890625,8519930000,21812.362109375,21783.273828125,21545.0513671875,59.098635868354314,373.6520463762208,427.2362486522353,-53.58420227601448,22146.279681583324,20943.82305279168,21545.0513671875,0.6447276407069923,0.014170898083736061,-0.012881719701736793,0.0024024523060950376,-0.0036969937413784404,0.006608479953736923,10732766000.0,9410895500.0,717190240000.0,30485.729,320.62,4.33,4.3,0.0,0.0,0.0
2025-06-18,21719.689453125,21719.689453125,21863.0,21660.51953125,21745.5,7818790000,21784.13984375,21783.05078125,21562.6673828125,59.10929036977296,348.03688191456604,411.39637530470145,-63.35949339013541,22162.619936364976,20962.71482926002,21562.6673828125,0.6308620734945892,-0.009959636881505696,0.014170898083736061,-0.012881719701736793,0.0024024523060950376,-0.0036969937413784404,10253686000.0,9349480000.0,725009030000.0,30485.729,320.62,4.33,4.3,0.0,0.0,0.0
2025-06-20,21626.390625,21626.390625,21902.990234375,21552.810546875,21834.490234375,9969140000,21726.75390625,21790.946875,21589.9689453125,56.67504984198942,316.5591470367508,392.42892965111133,-75.86978261436053,22145.564727350637,21034.373163274362,21589.9689453125,0.532777138402574,2.8057127549052652e-05,-0.009959636881505696,0.014170898083736061,-0.012881719701736793,0.0024024523060950376,8985768000.0,9292314000.0,715039890000.0,30485.729,320.62,4.33,4.3,0.0,0.0,0.0
2025-06-23,21856.330078125,21856.330078125,21871.869140625,21532.3203125,21632.779296875,9088000000,21771.812109375,21800.4009765625,21627.1619140625,60.94396818628654,306.6323407916025,375.2696118792096,-68.63727108760713,22146.58244952395,21107.74137860105,21627.1619140625,0.7205998304041905,-0.004295587573954762,2.8057127549052652e-05,-0.009959636881505696,0.014170898083736061,-0.012881719701736793,9002998000.0,9332228500.0,724127890000.0,30485.729,320.62,4.33,4.3,0.0,0.0,0.0
2025-06-24,22190.51953125,22190.51953125,22220.640625,22045.630859375,22053.330078125,8330090000,21822.401953125,21839.666015625,21690.9048828125,66.16243377049258,322.0195305549023,364.61959561434816,-42.60006505944585,22152.34719198584,21229.462573639164,21690.9048828125,1.0413619844835493,0.010632354566794566,-0.004295587573954762,2.8057127549052652e-05,-0.009959636881505696,0.014170898083736061,8745190000.0,9312214500.0,732457980000.0,30485.729,320.62,4.33,4.3,0.0,0.0,0.0
2025-06-25,22237.740234375,22237.740234375,22329.23046875,22175.080078125,22279.689453125,8256120000,21926.133984375,21869.248046875,21732.0423828125,66.83670826551526,334.1721765668335,358.53011180484526,-24.35793523801175,22234.764845257785,21229.319920367212,21732.0423828125,1.0029592760812223,0.015290282125610677,0.010632354566794566,-0.004295587573954762,2.8057127549052652e-05,-0.009959636881505696,8692428000.0,9278632500.0,740714100000.0,30485.729,320.62,4.33,4.3,0.0,0.0,0.0
2025-06-26,22447.2890625,22447.2890625,22466.990234375,22255.26953125,22328.240234375,8383380000,22071.65390625,21927.896875,21788.49833984375,69.72025683586293,356.60139632328355,358.14436870853297,-1.5429723852494135,22346.12655023579,21230.870129451712,21788.49833984375,1.090707850122117,0.002127967443867229,0.015290282125610677,0.010632354566794566,-0.004295587573954762,2.8057127549052652e-05,8805346000.0,9293425000.0,749097480000.0,30485.729,320.62,4.33,4.3,0.0,0.0,0.0
2025-06-27,22534.19921875,22534.19921875,22603.220703125,22382.7890625,22484.869140625,10951070000,22253.215625,21989.984765625,21847.01083984375,70.85225213016008,377.04331718576213,361.9241584039788,15.119158781783312,22459.91804348779,21234.103636199714,21847.01083984375,1.0605974075851716,0.00942311700363696,0.002127967443867229,0.015290282125610677,0.010632354566794566,-0.004295587573954762,9001732000.0,9290136000.0,760048550000.0,30485.729,320.62,4.33,4.3,0.0,0.0,0.0
2025-06-30,22679.009765625,22679.009765625,22721.5,22565.109375,22632.919921875,8220420000,22417.7515625,22094.7818359375,21913.91181640625,72.68462537494652,400.3141157069549,369.6021498645741,30.711965842380835,22583.713505418298,21244.1101273942,21913.91181640625,1.0711376678873883,0.0038717439779929474,0.00942311700363696,0.002127967443867229,0.015290282125610677,0.010632354566794566,8828216000.0,9249044000.0,768268970000.0,30485.729,320.62,4.33,4.3,0.0,0.0,0.0
2025-07-01,22478.130859375,22478.130859375,22631.259765625,22388.08984375,22594.48046875,8631710000,22475.273828125,22148.837890625,21963.230859375,66.444585578306,397.95971045197075,375.27366198205345,22.686048469917296,22647.257344949674,21279.204373800323,21963.230859375,0.8763743150730599,0.006426256618629056,0.0038717439779929474,0.00942311700363696,0.002127967443867229,0.015290282125610677,8888540000.0,9291632500.0,759637260000.0,30485.729,320.62,4.33,4.3,0.0,0.0,0.0
2025-07-02,22641.890625,22641.890625,22644.720703125,22448.0703125,22451.810546875,8378750000,22556.10390625,22241.1189453125,22012.19638671875,68.7964202049456,404.6433946416364,381.14760851397006,23.49578612766635,22744.133087238584,21280.25968619892,22012.19638671875,0.9301562128487545,-0.008857481359458519,0.006426256618629056,0.0038717439779929474,0.00942311700363696,0.002127967443867229,8913066000.0,9311058500.0,768016010000.0,30485.729,320.62,4.33,4.3,0.0782,0.1478,-0.03312
2025-07-03,22866.970703125,22866.970703125,22896.009765625,22736.080078125,22751.640625,6177910000,22640.040234375,22355.8470703125,22069.44892578125,71.72930614474217,423.22368455927426,389.56282372303093,33.66086083624333,22880.62681863518,21258.271032927318,22069.44892578125,0.9915825396435947,0.007285292831930468,-0.008857481359458519,0.006426256618629056,0.0038717439779929474,0.00942311700363696,8471972000.0,9235171000.0,774193920000.0,30485.729,320.62,4.33,4.3,0.1512,0.0272,0.21359
2025-07-07,22685.5703125,22685.5703125,22776.2109375,22587.470703125,22754.380859375,8345710000,22670.314453125,22461.7650390625,22126.35595703125,66.31908378998907,418.48714339578146,395.34768765758105,23.13945573820041,22943.00878537952,21309.70312868298,22126.35595703125,0.8423819376220097,0.009940869419997833,0.007285292831930468,-0.008857481359458519,0.006426256618629056,0.0038717439779929474,7950900000.0,9213338500.0,765848210000.0,30485.729,321.435,4.33,4.1,0.08378958333333333,0.061439583333333325,0.05750333333333337
2025-07-08,22702.25,22702.25,22761.80078125,22652.439453125,22735.259765625,8437480000,22674.9625,22546.35703125,22173.37900390625,66.56877608222243,411.33766720334825,398.5456835667345,12.791983636613736,23009.71189395278,21337.046113859724,22173.37900390625,0.8161845016428362,-0.007932856213447192,0.009940869419997833,0.007285292831930468,-0.008857481359458519,0.006426256618629056,7994312000.0,9270633000.0,774285690000.0,30485.729,321.435,4.33,4.1,0.0776,0.0578,0.01129
2025-07-09,22864.91015625,22864.91015625,22915.330078125,22733.650390625,22800.359375,9978310000,22752.318359375,22613.79609375,22226.7310546875,68.98362640402317,414.0243559590963,401.6414180452069,12.382937913889407,23097.62644267847,21355.835666696534,22226.7310546875,0.8663925141656148,0.000735255374682442,-0.007932856213447192,0.009940869419997833,0.007285292831930468,-0.008857481359458519,8263632000.0,9292613500.0,784264000000.0,30485.729,321.435,4.33,4.1,0.1530999999999999,0.0139,0.26131
2025-07-10,22829.259765625,22829.259765625,22907.0390625,22716.41015625,22890.4296875,9781380000,22789.7921875,22672.948046875,22271.098046875,67.82722193450373,408.56717945338096,403.0265703268417,5.540609126539266,23170.832985167915,21371.36310858208,22271.098046875,0.8101811961470629,0.007164935468951361,0.000735255374682442,-0.007932856213447192,0.009940869419997833,0.007285292831930468,8544158000.0,9220604500.0,774482620000.0,30485.729,321.435,4.33,4.1,0.0664,0.0106,0.1079099999999999
2025-07-11,22780.599609375,22780.599609375,22837.380859375,22692.80078125,22757.990234375,8135800000,22772.51796875,22706.2791015625,22317.08798828125,66.19608678375135,395.753855715815,401.5720274046364,-5.818171688821394,23222.531242096546,21411.644734465957,22317.08798828125,0.7559584044282374,-0.0015591747521148669,0.007164935468951361,0.000735255374682442,-0.007932856213447192,0.009940869419997833,8935736000.0,9116685000.0,766346820000.0,30485.729,321.435,4.33,4.1,0.0865454545454545,0.1079090909090909,-0.0729545454545454
2025-07-14,22855.630859375,22855.630859375,22886.939453125,22675.279296875,22780.189453125,8010060000,22806.530078125,22738.422265625,22364.203515625,67.4941642753395,387.1903102722463,398.6956839781584,-11.50537370591212,23279.199424455757,21449.20760679424,22364.203515625,0.7685407328093845,-0.0021314819993975,-0.0015591747521148669,0.007164935468951361,0.000735255374682442,-0.007932856213447192,8868606000.0,8701751500.0,774356880000.0,30485.729,321.435,4.33,4.1,0.12138148148148147,0.07048888888888886,0.10684000000000005
2025-07-15,22884.58984375,22884.58984375,23051.869140625,22876.470703125,23036.859375,8399060000,22842.998046875,22758.9802734375,22426.8810546875,68.00483831251523,378.3786730199063,394.632281786508,-16.2536087666017,23301.251267102754,21552.510842272244,22426.8810546875,0.7617362660366602,0.0032936468436555177,-0.0021314819993975,-0.0015591747521148669,0.007164935468951361,0.000735255374682442,8860922000.0,8671612000.0,782755940000.0,30485.729,321.435,4.33,4.1,0.0364,0.0,0.04108
2025-07-16,22907.970703125,22907.970703125,22928.55078125,22669.369140625,22895.30078125,9056640000,22851.61015625,22801.9642578125,22475.40107421875,68.43599622033501,369.0281007293852,389.5114455750834,-20.48334484569824,23343.117244914556,21607.684903522942,22475.40107421875,0.7492575588163699,0.001267039380937529,0.0032936468436555177,-0.0021314819993975,-0.0015591747521148669,0.007164935468951361,8676588000.0,8643487500.0,791812580000.0,30485.729,321.435,4.33,4.1,0.1393,0.0511,0.14928
2025-07-17,23081.05078125,23081.05078125,23104.720703125,22905.509765625,22931.01953125,9994550000,22901.968359375,22845.8802734375,22543.499609375,71.49795515453752,371.3036631359064,385.86988908724805,-14.566225951341664,23374.28437913374,21712.714839616263,22543.499609375,0.8235201170280868,0.0010216857516187616,0.001267039380937529,0.0032936468436555177,-0.0021314819993975,-0.0015591747521148669,8719222000.0,8717218500.0,801807130000.0,30485.729,321.435,4.33,4.1,0.0667,0.0,0.1139599999999999
2025-07-18,23065.470703125,23065.470703125,23153.2109375,23018.359375,23135.08984375,9354580000,22958.942578125,22865.7302734375,22610.788671875,70.83184954789704,367.6122751636831,382.21836630253506,-14.60609113885198,23376.047503276048,21845.529840473955,22610.788671875,0.7970772845689088,0.0075554522208896024,0.0010216857516187616,0.001267039380937529,0.0032936468436555177,-0.0021314819993975,8962978000.0,8794008000.0,792452550000.0,30485.729,321.435,4.33,4.1,0.0974,0.0366999999999999,0.08813
2025-07-21,23180.060546875,23180.060546875,23264.44921875,23122.9296875,23124.970703125,12046970000,23023.828515625,22915.179296875,22688.47216796875,72.83631825704397,369.6719185596485,379.7090767539578,-10.037158194309313,23339.95413315841,22036.99020277909,22688.47216796875,0.8772847178993952,-0.0006750159805400946,0.0075554522208896024,0.0010216857516187616,0.001267039380937529,0.0032936468436555177,9770360000.0,8897899500.0,804499520000.0,30485.729,321.435,4.33,4.1,0.10456666666666664,0.020133333333333298,0.16685333333333333
2025-07-22,23063.580078125,23063.580078125,23186.359375,22953.849609375,23182.01953125,10583710000,23059.6265625,22951.3123046875,22748.83466796875,67.74031968853558,357.78092464127985,375.32344633142225,-17.542521690142394,23290.06317804024,22207.60615789726,22748.83466796875,0.7907694294547382,0.0049680253754575965,-0.0006750159805400946,0.0075554522208896024,0.0010216857516187616,0.001267039380937529,10207290000.0,8972685000.0,793915810000.0,30485.729,321.435,4.33,4.1,0.1028999999999999,0.0,0.1412899999999999
2025-07-23,23162.41015625,23162.41015625,23168.490234375,23000.4609375,23100.25,10972770000,23110.514453125,22981.0623046875,22797.42919921875,69.67874552671475,352.27122424636036,370.71300191440986,-18.441777668049497,23300.788388500278,22294.070009937222,22797.42919921875,0.8625452408569392,-0.005025028666963638,0.0049680253754575965,-0.0006750159805400946,0.0075554522208896024,0.0010216857516187616,10590516000.0,9104819000.0,804888580000.0,30485.729,321.435,4.33,4.1,0.1597,0.0,0.28735
2025-07-24,23219.869140625,23219.869140625,23268.490234375,23150.26953125,23228.7890625,12741070000,23138.278125,23020.1232421875,22846.53564453125,70.77813250322097,348.52364321192,366.2751301739119,-17.75148696199193,23310.04279115536,22383.02849790714,22846.53564453125,0.902726795921997,0.004285114357364561,-0.005025028666963638,0.0049680253754575965,-0.0006750159805400946,0.0075554522208896024,11139820000.0,9329066500.0,817629650000.0,30485.729,321.435,4.33,4.1,0.0833,0.0,0.17013
2025-07-25,23272.25,23272.25,23326.30078125,23193.990234375,23204.66015625,11028310000,23179.633984375,23069.28828125,22887.78369140625,71.7825640133232,345.7942549075924,362.178955120648,-16.384700213055623,23348.513434744567,22427.053948067933,22887.78369140625,0.9172362585146077,0.0024806997193898006,0.004285114357364561,-0.005025028666963638,0.0049680253754575965,-0.0006750159805400946,11474566000.0,9461313000.0,828657960000.0,30485.729,321.435,4.33,4.1,0.1236,0.0303,0.142
2025-07-28,23356.26953125,23356.26953125,23386.759765625,23299.810546875,23343.130859375,10612580000,23214.87578125,23119.3521484375,22928.88720703125,73.3640758585902,346.4175827471372,359.0266806459459,-12.60909789880867,23403.27512974512,22454.49928431738,22928.88720703125,0.950456581792584,0.0022558636768263973,0.0024806997193898006,0.004285114357364561,-0.005025028666963638,0.0049680253754575965,11187688000.0,9444388500.0,839270540000.0,30485.729,321.435,4.33,4.1,0.09045833333333332,0.03735,0.09026749999999995
2025-07-29,23308.30078125,23308.30078125,23510.919921875,23283.400390625,23477.83984375,10040610000,23263.819921875,23161.7232421875,22960.3517578125,70.92015353541089,339.1315993422504,355.0476643852068,-15.916065042956404,23448.241757546086,22472.461758078913,22960.3517578125,0.8565855250440664,0.0036102882725133068,0.0022558636768263973,0.0024806997193898006,0.004285114357364561,-0.005025028666963638,11079068000.0,9535398000.0,829229930000.0,30485.729,321.435,4.33,4.1,0.2024,0.0416,0.18244
2025-07-30,23345.41015625,23345.41015625,23447.150390625,23226.919921875,23337.330078125,9311770000,23300.419921875,23205.4671875,23003.71572265625,71.70542012257732,332.5187522376582,350.54188195569714,-18.023129718038945,23464.56126193978,22542.870183372717,23003.71572265625,0.8707255516945851,-0.0020537847422860134,0.0036102882725133068,0.0022558636768263973,0.0024806997193898006,0.004285114357364561,10746868000.0,9569401000.0,838541700000.0,30485.729,321.435,4.33,4.1,0.1634,0.0203999999999999,0.27925
2025-07-31,23218.119140625,23218.119140625,23589.369140625,23176.119140625,23589.369140625,9917220000,23300.069921875,23219.1740234375,23032.5271484375,65.20141566966271,313.39409012878605,343.11232359031493,-29.718233461528882,23469.56210111655,22595.492195758452,23032.5271484375,0.7123308342385546,0.0015921098388198551,-0.0020537847422860134,0.0036102882725133068,0.0022558636768263973,0.0024806997193898006,10182098000.0,9646324500.0,828624480000.0,30485.729,321.435,4.33,4.1,0.0899,0.0213,0.11046
2025-08-01,22763.310546875,22763.310546875,22972.470703125,22673.880859375,22941.060546875,9667420000,23198.28203125,23188.9580078125,23027.344140625,48.33259986253355,258.55791045512524,326.20144096327704,-67.6435305081518,23474.976328081277,22579.71195316872,23027.344140625,0.20507751548162784,-0.005452507142648,0.0015921098388198551,-0.0020537847422860134,0.0036102882725133068,0.0022558636768263973,9909920000.0,9820800000.0,818957060000.0,30485.729,321.435,4.33,4.1,0.0841428571428571,0.0940714285714285,-0.0608071428571428
2025-08-04,23188.609375,23188.609375,23191.0390625,22973.599609375,22986.76953125,7355970000,23164.75,23189.812890625,23052.49609375,59.011759015427366,246.5755347725717,310.27625972513596,-63.70072495256426,23475.100535834303,22629.891651665697,23052.49609375,0.6610409968464643,-0.019588520112045482,-0.005452507142648,0.0015921098388198551,-0.0020537847422860134,0.0036102882725133068,9258598000.0,9771313000.0,826313030000.0,30485.729,321.435,4.33,4.1,0.18058888888888888,0.025488888888888867,0.2948188888888888
2025-08-05,23018.560546875,23018.560546875,23286.05078125,23008.140625,23235.310546875,7982940000,23106.801953125,23185.3109375,23068.31162109375,54.188998307688095,220.81250731019827,292.3835092421484,-71.57100193195015,23458.12955991593,22678.49368227157,23068.31162109375,0.4361867820025517,0.01868352264707762,-0.019588520112045482,-0.005452507142648,0.0015921098388198551,-0.0020537847422860134,8847064000.0,9748586000.0,818330090000.0,31098.027,322.169,4.33,4.3,0.0927,0.1986,-0.22995
2025-08-06,23315.0390625,23315.0390625,23330.490234375,23042.26953125,23070.94921875,8580020000,23100.727734375,23200.573828125,23090.81806640625,60.283429300400826,221.76212513386417,278.25923242049157,-56.4971072866274,23483.158437864564,22698.477694947935,23090.81806640625,0.7857480550119398,-0.007333291331748981,0.01868352264707762,-0.019588520112045482,-0.005452507142648,0.0015921098388198551,8700714000.0,9678671500.0,826910110000.0,31098.027,322.169,4.33,4.3,0.0669999999999999,0.053,0.0537599999999999
2025-08-07,23389.529296875,23389.529296875,23560.73046875,23225.720703125,23483.419921875,8979190000,23135.009765625,23217.53984375,23118.83154296875,61.663393560788776,225.9211649158351,267.7916189195603,-41.87045400372517,23512.54333997381,22725.11974596369,23118.83154296875,0.8437765339588881,0.012879976357394352,-0.007333291331748981,0.01868352264707762,-0.019588520112045482,-0.005452507142648,8513108000.0,9638562000.0,835889300000.0,31098.027,322.169,4.33,4.3,0.0351,0.1197,-0.2419
2025-08-08,23611.26953125,23611.26953125,23619.240234375,23437.609375,23458.130859375,8669200000,23304.6015625,23251.441796875,23160.3650390625,65.50555097049346,244.2937513627876,263.09204540820576,-18.798294045418174,23578.35178178205,22742.37829634295,23160.3650390625,1.0393765472725005,0.003194943580206555,0.012879976357394352,-0.007333291331748981,0.01868352264707762,-0.019588520112045482,8313464000.0,9665232000.0,844558500000.0,31098.027,322.169,4.33,4.3,0.0909,0.0264,0.18807
2025-08-11,23526.630859375,23526.630859375,23698.0,23484.25,23629.01953125,9099730000,23372.205859375,23268.4779296875,23193.9150390625,62.91366727705952,249.1524506646674,260.3041264594981,-11.15167579483068,23616.60368571282,22771.22639241218,23193.9150390625,0.8935708031776727,0.009480320512675888,0.003194943580206555,0.012879976357394352,-0.007333291331748981,0.01868352264707762,8662216000.0,9719715500.0,835458770000.0,31098.027,322.169,4.33,4.3,0.12326666666666664,0.03976666666666664,0.13972666666666664
2025-08-12,23839.19921875,23839.19921875,23849.5,23524.279296875,23651.609375,8382820000,23536.33359375,23321.5677734375,23241.6455078125,67.95613528700788,275.05400783805453,263.2541027352094,11.799905102845116,23728.051809752218,22755.239205872782,23241.6455078125,1.1142536687482687,-0.0035846726396044915,0.009480320512675888,0.003194943580206555,0.012879976357394352,-0.007333291331748981,8742192000.0,9718903500.0,843841590000.0,31098.027,322.169,4.33,4.3,0.1451,0.0634,0.2000799999999999
2025-08-13,23849.0390625,23849.0390625,23969.279296875,23789.119140625,23935.060546875,8763080000,23643.13359375,23371.9306640625,23288.69892578125,68.10316487062035,292.9976768304441,269.20281755425634,23.794859276187765,23819.262727655932,22758.135123906566,23288.69892578125,1.028061031245306,0.013285725493093592,-0.0035846726396044915,0.009480320512675888,0.003194943580206555,0.012879976357394352,8778804000.0,9704225500.0,852604670000.0,31098.027,322.169,4.33,4.3,0.1237,0.1062999999999999,0.06486
2025-08-14,23832.439453125,23832.439453125,23908.259765625,23748.98046875,23775.009765625,9110860000,23731.715625,23433.3626953125,23326.268359375,67.540154702606,302.3929167252718,275.8408373884594,26.55207933681237,23899.60981447951,22752.92690427049,23326.268359375,0.941422026301703,0.00041275898824078006,0.013285725493093592,-0.0035846726396044915,0.009480320512675888,0.003194943580206555,8805138000.0,9660041000.0,843493810000.0,31098.027,322.169,4.33,4.3,0.0,0.0236,-0.07218
2025-08-15,23712.0703125,23712.0703125,23813.990234375,23651.2109375,23809.0,8158830000,23751.87578125,23528.238671875,23358.59833984375,63.444308977759135,296.7056898497103,280.01380788070963,16.69188196900069,23942.837871012962,22774.358808674537,23358.59833984375,0.8025060388748969,-0.0006960284366803737,0.00041275898824078006,0.013285725493093592,-0.0035846726396044915,0.009480320512675888,8703064000.0,9600253500.0,835334980000.0,31098.027,322.169,4.33,4.3,0.1776363636363636,0.0455454545454545,0.2087818181818182
2025-08-18,23713.759765625,23713.759765625,23733.5,23637.41015625,23692.130859375,8260970000,23789.3015625,23580.7537109375,23385.28330078125,63.47778657644588,289.00339508424076,281.81172532141585,7.191669762824915,23983.766883372606,22786.799718189897,23385.28330078125,0.7744239561438672,-0.005050642879498302,-0.0006960284366803737,0.00041275898824078006,0.013285725493093592,-0.0035846726396044915,8535312000.0,9410953500.0,843595950000.0,31098.027,322.169,4.33,4.3,0.07250555555555553,0.03880555555555553,0.06671333333333333
2025-08-19,23384.76953125,23384.76953125,23695.640625,23346.33984375,23689.01953125,8461660000,23698.415625,23617.374609375,23401.3427734375,53.250813919230495,253.4311124536398,276.1356027478607,-22.704490294220875,23980.401267119658,22822.284279755342,23401.3427734375,0.4856894921943784,7.124865533603142e-05,-0.005050642879498302,-0.0006960284366803737,0.00041275898824078006,0.013285725493093592,8551080000.0,9304851000.0,835134290000.0,31098.027,322.169,4.33,4.3,0.0911999999999999,0.1053999999999999,-0.0623399999999999
2025-08-20,23249.5703125,23249.5703125,23343.41015625,22959.69921875,23343.41015625,7810310000,23578.521875,23610.827734375,23405.70078125,49.70663572933643,211.88786374073607,263.28605494643574,-51.398191205699675,23978.46559023441,22832.935972265594,23405.70078125,0.36370455525467543,-0.013873389864221264,7.124865533603142e-05,-0.005050642879498302,-0.0006960284366803737,0.00041275898824078006,8360526000.0,9146728000.0,827323980000.0,31098.027,322.169,4.33,4.3,0.0528999999999999,0.0812,-0.0413899999999999
2025-08-21,23142.580078125,23142.580078125,23264.26953125,23046.390625,23182.759765625,6530580000,23440.55,23586.1328125,23401.836328125,47.038561135728315,168.39022438600296,244.3068888343492,-75.91666444834624,23980.888762119943,22822.783894130054,23401.836328125,0.27613750087244937,-0.005781507428128774,-0.013873389864221264,7.124865533603142e-05,-0.005050642879498302,-0.0006960284366803737,7844470000.0,8836203500.0,820793400000.0,31098.027,322.169,4.33,4.3,0.0298,0.1701,-0.1795399999999999
2025-08-22,23498.119140625,23498.119140625,23575.359375,23140.0390625,23184.990234375,9401300000,23397.759765625,23574.8177734375,23413.12978515625,55.57272769292585,160.75399085296885,227.59630923807313,-66.84231838510428,23990.34817789675,22835.911392415746,23413.12978515625,0.5736197568698749,-0.004601815557747191,-0.005781507428128774,-0.013873389864221264,7.124865533603142e-05,-0.005050642879498302,8092964000.0,8754853000.0,830194700000.0,31098.027,322.169,4.33,4.3,0.0679166666666666,0.0763333333333333,0.0146749999999999
2025-08-25,23425.609375,23425.609375,23546.44921875,23382.189453125,23454.279296875,8443200000,23340.1296875,23564.715625,23416.59677734375,53.673170175919935,147.15497768346177,211.50804292715088,-64.35306524368912,23993.209818683026,22839.983736004477,23416.59677734375,0.5078151177740581,0.015362982921513835,-0.004601815557747191,-0.005781507428128774,-0.013873389864221264,7.124865533603142e-05,8129410000.0,8646384000.0,821751500000.0,31098.027,322.169,4.33,4.3,0.0591190476190476,0.041757142857142826,0.01669380952380957
2025-08-26,23525.2890625,23525.2890625,23532.509765625,23369.0390625,23420.849609375,9087930000,23368.23359375,23533.324609375,23427.44619140625,55.90457866387973,142.77515636623139,197.761465614967,-54.98630924873561,24003.64501340117,22851.24736941133,23427.44619140625,0.5849037409995036,-0.003085768915846554,0.015362982921513835,-0.004601815557747191,-0.005781507428128774,-0.013873389864221264,8254664000.0,8598750000.0,830839430000.0,31098.027,322.169,4.33,4.3,0.1576,0.0735,0.10543
2025-08-27,23565.849609375,23565.849609375,23591.05078125,23434.310546875,23499.669921875,8040510000,23431.489453125,23505.0056640625,23438.4681640625,56.81606575428641,140.9522043001234,186.39961335199828,-45.44740905187487,24016.49021047162,22860.446117653377,23438.4681640625,0.6101873588592687,0.004255158783889712,-0.003085768915846554,0.015362982921513835,-0.004601815557747191,-0.005781507428128774,8300704000.0,8535187000.0,838879940000.0,31098.027,322.169,4.33,4.3,0.1062,0.0619,0.05441
2025-08-28,23703.44921875,23703.44921875,23741.23046875,23514.69921875,23601.349609375,7807080000,23543.66328125,23492.106640625,23462.73466796875,59.848275962930714,148.8942795910625,178.89854659981114,-30.004267008748627,24042.553888818627,22882.915447118874,23462.73466796875,0.7075772431521148,0.0017241253345385843,0.004255158783889712,-0.003085768915846554,0.015362982921513835,-0.004601815557747191,8556004000.0,8429680000.0,846687020000.0,31098.027,322.169,4.33,4.3,0.0773,0.0511,0.07174
2025-08-29,23415.419921875,23415.419921875,23607.5390625,23353.9609375,23607.5390625,7715430000,23527.1234375,23462.4416015625,23495.34013671875,51.66970821950897,130.44320629802678,169.20747853945429,-38.764272241427506,23974.08549575634,23016.594777681163,23495.34013671875,0.4165316035601758,0.005838941165111189,0.0017241253345385843,0.004255158783889712,-0.003085768915846554,0.015362982921513835,8218830000.0,8332080500.0,838971590000.0,31098.027,322.169,4.33,4.3,0.1348,0.0502,0.2264399999999999
2025-09-02,23231.109375,23231.109375,23242.279296875,22977.880859375,23020.470703125,8183410000,23488.2234375,23414.1765625,23497.46513671875,47.22263729545295,99.79786928014073,155.3255566875916,-55.527687407450856,23970.824939128815,23024.105334308686,23497.46513671875,0.21865401290664455,-0.012151366420004472,0.005838941165111189,0.0017241253345385843,0.004255158783889712,-0.003085768915846554,8166872000.0,8373452500.0,830788180000.0,31098.027,322.169,4.33,4.3,0.09511825396825395,0.05964325396825392,0.08619396825396823
2025-09-03,23414.83984375,23414.83984375,23478.009765625,23279.119140625,23388.279296875,7488290000,23466.13359375,23417.18359375,23517.2791015625,51.68660724027859,89.30725380424701,142.12189611092268,-52.814642306675665,23936.28936543937,23098.26883768563,23517.2791015625,0.37776044330670194,-0.007871332117465712,-0.012151366420004472,0.005838941165111189,0.0017241253345385843,0.004255158783889712,7846944000.0,8348720000.0,838276470000.0,31098.027,322.169,4.33,4.3,0.1015,0.0562,0.0587499999999999
2025-09-04,23633.009765625,23633.009765625,23639.0390625,23371.330078125,23442.189453125,7282150000,23479.565625,23455.5275390625,23533.17763671875,56.40220231491487,97.47423255470858,133.19236339967986,-35.718130844971284,23943.926091093745,23122.429182343752,23533.17763671875,0.6215246555926282,0.007908811662163728,-0.007871332117465712,-0.012151366420004472,0.005838941165111189,0.0017241253345385843,7695272000.0,8283826500.0,845558620000.0,31098.027,322.169,4.33,4.3,0.091,0.112,-0.0392
2025-09-05,23652.439453125,23652.439453125,23860.25,23475.330078125,23841.98046875,8413730000,23469.363671875,23506.5134765625,23546.32314453125,56.806538492802495,104.31199174604262,127.41628906895242,-23.1042973229098,23954.534993159952,23138.111295902545,23546.32314453125,0.6299770069759433,0.009317591891760735,0.007908811662163728,-0.007871332117465712,-0.012151366420004472,0.005838941165111189,7816602000.0,8255553500.0,853972350000.0,31098.027,323.291,4.33,4.3,0.0933,0.1492,-0.13044
2025-09-08,23762.30078125,23762.30078125,23851.810546875,23725.0390625,23759.619140625,8435850000,23538.73984375,23532.931640625,23553.87470703125,59.11541827812552,117.24433647006663,125.38189854917528,-8.137562079108648,23972.59785962358,23135.15155443892,23553.87470703125,0.7488829109739659,0.0008221418978238137,0.009317591891760735,0.007908811662163728,-0.007871332117465712,-0.012151366420004472,7960686000.0,8243886000.0,862408200000.0,31098.027,323.291,4.33,4.3,0.17129999999999998,0.020758333333333333,0.26054083333333333
2025-09-09,23839.80078125,23839.80078125,23852.419921875,23698.0,23824.330078125,7877410000,23660.478125,23574.35078125,23569.533203125,60.710918005022805,132.22273377270903,126.75006559388203,5.472668178827007,24006.97092095098,23132.09548529902,23569.533203125,0.8089212099361285,0.004644820181982645,0.0008221418978238137,0.009317591891760735,0.007908811662163728,-0.007871332117465712,7899486000.0,8182770000.0,870285610000.0,31098.027,323.291,4.33,4.3,0.1282,0.0296999999999999,0.12943
2025-09-10,23849.26953125,23849.26953125,23958.5390625,23760.099609375,23931.3203125,9090550000,23747.3640625,23606.748828125,23570.03671875,60.911624040771784,143.2064754340645,130.0413475619185,13.165127872145973,24008.802554480393,23131.27088301961,23570.03671875,0.8182025465077215,0.0032614686899827827,0.004644820181982645,0.0008221418978238137,0.009317591891760735,0.007908811662163728,8219938000.0,8218156500.0,879376160000.0,31098.027,323.291,4.33,4.3,0.0745,0.0689,0.0302999999999999
2025-09-11,23992.560546875,23992.560546875,24016.529296875,23883.009765625,23956.5703125,10025020000,23819.27421875,23649.419921875,23577.21279296875,63.915744192775286,161.61061074071768,136.35520019767836,25.255410543039318,24039.268288624382,23115.157297313115,23577.21279296875,0.9494565672429607,0.00039718242978969975,0.0032614686899827827,0.004644820181982645,0.0008221418978238137,0.009317591891760735,8768512000.0,8281253500.0,889401180000.0,31098.027,323.291,4.33,4.3,0.1662,0.0997,0.14361
2025-09-12,24092.189453125,24092.189453125,24137.060546875,23983.630859375,24030.76953125,9023140000,23907.22421875,23688.2939453125,23590.20029296875,65.87928050542737,182.13569376455416,145.51129891105353,36.62439485350063,24095.079516543465,23085.32106939404,23590.20029296875,0.9971378665594495,0.006008193057537525,0.00039718242978969975,0.0032614686899827827,0.004644820181982645,0.0008221418978238137,8890394000.0,8276867500.0,898424320000.0,31098.027,323.291,4.33,4.3,0.0292499999999999,0.0469166666666666,-0.0329416666666666
2025-09-15,24293.779296875,24293.779296875,24297.33984375,24173.140625,24178.599609375,8904030000,24013.519921875,23776.1298828125,23619.2857421875,69.49623168695808,212.22221992266714,158.85348311337626,53.36873680929088,24212.94366962415,23025.627814750853,23619.2857421875,1.0680826647088582,0.004152491604860309,0.006008193057537525,0.00039718242978969975,0.0032614686899827827,0.004644820181982645,8984030000.0,8314127500.0,907328350000.0,31098.027,323.291,4.33,4.3,0.10648333333333333,0.06383333333333334,0.0748816666666666
2025-09-16,24274.25,24274.25,24343.349609375,24244.2109375,24342.75,8592240000,24100.409765625,23880.4439453125,23647.31025390625,68.73605990721582,231.8179051115294,173.4463675130069,58.37153759852251,24308.78971423992,22985.83079357258,23647.31025390625,0.9738920735176745,0.008367435601576378,0.004152491604860309,0.006008193057537525,0.00039718242978969975,0.0032614686899827827,9126996000.0,8330691000.0,898736110000.0,31098.027,323.291,4.33,4.3,0.0742,0.0247,0.07683
2025-09-17,24223.689453125,24223.689453125,24292.060546875,23999.75,24286.4296875,9325980000,24175.29375,23961.32890625,23689.25625,66.70183891104531,240.49553045053472,186.85620010051247,53.63933035002225,24386.0885762154,22992.423923784598,23689.25625,0.8834733141813232,-0.0008038805587368136,0.008367435601576378,0.004152491604860309,0.006008193057537525,0.00039718242978969975,9174082000.0,8373907000.0,889410130000.0,31098.027,323.291,4.33,4.3,0.0652,0.1028,0.01251
2025-09-18,24454.890625,24454.890625,24554.51953125,24347.5390625,24421.2109375,10478450000,24267.759765625,24043.5169921875,23749.522265625,70.93739970256838,262.9969482822271,202.08434973685542,60.91259854537168,24493.157016283716,23005.887514966285,23749.522265625,0.974270707998907,-0.002082888117037607,-0.0008038805587368136,0.008367435601576378,0.004152491604860309,0.006008193057537525,9264768000.0,8507314000.0,899888580000.0,31098.027,323.291,4.33,4.3,0.0622,0.046,0.07052
2025-09-19,24626.25,24626.25,24641.9296875,24469.279296875,24528.439453125,14632360000,24374.571875,24140.898046875,23823.70576171875,73.61614511816819,291.29884175968255,219.92724814142085,71.3715936182617,24607.344229749142,23040.067293688357,23823.70576171875,1.0120628140540218,0.009544424366997983,-0.002082888117037607,-0.0008038805587368136,0.008367435601576378,0.004152491604860309,10386612000.0,8912403000.0,914520940000.0,31098.027,323.291,4.33,4.3,0.0974,0.0346,0.14041
2025-09-22,24761.0703125,24761.0703125,24781.73046875,24578.08984375,24588.1796875,9736270000,24468.030078125,24240.775,23886.8533203125,75.52736170763083,320.90794172908863,240.1233868589544,80.78455487013423,24758.611048708965,23015.095591916037,23886.8533203125,1.0014105202115955,0.007007161783206817,0.009544424366997983,-0.002082888117037607,-0.0008038805587368136,0.008367435601576378,10553060000.0,8929151500.0,924257210000.0,31098.027,323.291,4.33,4.3,0.1241,0.0483,0.1704766666666667
2025-09-23,24580.169921875,24580.169921875,24764.30078125,24536.5,24752.740234375,9822620000,24529.2140625,24314.8119140625,23944.58134765625,68.37069920894388,326.0180835728752,257.3023262017386,68.71575737113659,24840.314946555405,23048.847748757096,23944.58134765625,0.8547866101036512,0.005474658646769104,0.007007161783206817,0.009544424366997983,-0.002082888117037607,-0.0008038805587368136,10799136000.0,8998122500.0,914434590000.0,31098.027,323.291,4.33,4.3,0.0829999999999999,0.0959,0.0029899999999999
2025-09-24,24503.5703125,24503.5703125,24650.419921875,24388.58984375,24648.970703125,9184030000,24585.190234375,24380.2419921875,23993.49541015625,65.53880844336038,320.1959400123378,269.88104896385846,50.31489104847935,24899.605623407962,23087.38519690454,23993.49541015625,0.7814640508869608,-0.0073058388971851684,0.005474658646769104,0.007007161783206817,0.009544424366997983,-0.002082888117037607,10770746000.0,9002927500.0,905250560000.0,31098.027,323.291,4.33,4.3,0.1389,0.0268,0.24216
2025-09-25,24397.310546875,24397.310546875,24460.66015625,24186.369140625,24321.73046875,9960330000,24573.67421875,24420.7169921875,24035.06845703125,61.719739135975914,303.508912443398,276.6066216597664,26.9022907836316,24934.839074857766,23135.297839204737,24035.06845703125,0.701296909827296,-0.0031163173248379694,-0.0073058388971851684,0.005474658646769104,0.007007161783206817,0.009544424366997983,10667122000.0,9098918500.0,895290230000.0,31098.027,323.291,4.33,4.3,0.1559,0.0532,0.19651
2025-09-26,24503.849609375,24503.849609375,24510.369140625,24297.69921875,24410.94921875,8488400000,24549.194140625,24461.8830078125,24075.0884765625,63.98573078950313,295.4750820125373,280.3803137303206,15.094768282216705,24983.909742375654,23166.26721074935,24075.0884765625,0.7358885893965476,-0.0043365013453078305,-0.0031163173248379694,-0.0073058388971851684,0.005474658646769104,0.007007161783206817,9438330000.0,9132984500.0,903778630000.0,31098.027,323.291,4.33,4.3,0.1325384615384615,0.0579230769230769,0.1247307692307692
2025-09-29,24611.349609375,24611.349609375,24741.76953125,24560.220703125,24629.01953125,9046720000,24519.25,24493.6400390625,24134.8849609375,66.16228139212839,294.3890315950521,283.1820573032669,11.206974291785173,25017.964793094594,23251.805128780405,24134.8849609375,0.7697743913331385,0.004366836348428826,-0.0043365013453078305,-0.0031163173248379694,-0.0073058388971851684,0.005474658646769104,9300420000.0,9199549000.0,912825350000.0,31098.027,323.291,4.33,4.3,0.027766666666666665,0.10425555555555555,-0.07078
2025-09-30,24679.990234375,24679.990234375,24691.23046875,24505.140625,24597.400390625,8928070000,24539.2140625,24534.2140625,24207.32900390625,67.51239199101414,295.6588820475081,285.67742225211515,9.981459795392936,25012.5173263674,23402.140681445097,24207.32900390625,0.7935097400717432,0.00438706577593706,0.004366836348428826,-0.0043365013453078305,-0.0031163173248379694,-0.0073058388971851684,9121510000.0,9236782000.0,921753420000.0,31098.027,323.291,4.33,4.3,0.0588999999999999,0.0412,-0.0099799999999999
2025-10-01,24800.859375,24800.859375,24816.669921875,24517.759765625,24539.25,10043980000,24598.671875,24591.9310546875,24276.62998046875,69.7976140790082,302.9264298644157,289.12722377457527,13.799206089840425,25031.647699309622,23521.61226162788,24276.62998046875,0.8471636369912375,0.002788982566557463,0.00438706577593706,0.004366836348428826,-0.0043365013453078305,-0.0031163173248379694,9293500000.0,9364566500.0,931797400000.0,31098.027,323.291,4.33,4.3,0.1019,0.0477,0.10717
2025-10-02,24892.759765625,24892.759765625,24944.75,24780.109375,24933.490234375,9633200000,24697.76171875,24635.71796875,24339.61748046875,71.44243441223573,312.49930982935257,293.80164098553075,18.697668843821816,25078.57353898057,23600.66142195693,24339.61748046875,0.8742727857663283,0.004897454961576564,0.002788982566557463,0.00438706577593706,0.004366836348428826,-0.0043365013453078305,9228074000.0,9482119000.0,941430600000.0,31098.027,323.291,4.33,4.3,0.1465,0.0361999999999999,0.19749
2025-10-03,24785.51953125,24785.51953125,24958.259765625,24713.580078125,24931.419921875,10515730000,24754.095703125,24651.644921875,24396.271484375,66.86619334935688,307.883407232599,296.61799423494443,11.26541299765455,25085.464413197296,23707.078555552704,24396.271484375,0.7823941095421227,0.00370553250737915,0.004897454961576564,0.002788982566557463,0.00438706577593706,0.004366836348428826,9633540000.0,9587219000.0,930914870000.0,31098.027,323.291,4.33,4.3,0.0884166666666666,0.05175,0.0584416666666666
2025-10-06,24978.560546875,24978.560546875,25044.259765625,24907.599609375,24986.259765625,10468830000,24827.537890625,24673.3939453125,24457.08447265625,70.52607577863981,316.15759980941584,300.5259153498387,15.631684459577116,25125.053121687528,23789.115823624972,24457.08447265625,0.8903447227463602,-0.004308089395659964,0.00370553250737915,0.004897454961576564,0.002788982566557463,0.00438706577593706,9917962000.0,9688868000.0,941383700000.0,31098.027,324.245,4.22,4.4,0.11209999999999994,0.010366666666666666,0.22016
2025-10-07,24840.23046875,24840.23046875,25062.9609375,24783.94921875,25031.779296875,10375920000,24859.5859375,24699.4,24507.10595703125,64.98656872932335,308.00241568373895,302.02121541661876,5.981200267120187,25128.663215618402,23885.548698444098,24507.10595703125,0.7679757231666539,0.007788459522973135,-0.004308089395659964,0.00370553250737915,0.004897454961576564,0.002788982566557463,10207532000.0,9813793500.0,931007780000.0,31098.027,324.245,4.22,4.4,0.2243,0.0658,0.28147
2025-10-08,25136.619140625,25136.619140625,25142.189453125,24882.349609375,24887.3203125,10925520000,24926.737890625,24762.7048828125,24571.4734375,70.35871772176404,321.7465681487047,305.96628596303594,15.780282185668739,25172.48283518154,23970.46403981846,24571.4734375,0.9701637822179741,-0.0055379523517942175,0.007788459522973135,-0.004308089395659964,0.00370553250737915,0.004897454961576564,10383840000.0,9905542000.0,941933300000.0,31098.027,324.245,4.22,4.4,0.1763,0.0352,0.33093
2025-10-09,25098.1796875,25098.1796875,25139.349609375,24966.810546875,25124.7890625,10713200000,24967.821875,24832.791796875,24626.75439453125,68.88259269254712,325.78175609106984,309.9293799886427,15.852376102427115,25206.57615682392,24046.93263223858,24626.75439453125,0.9065260426796408,0.011931800401283166,-0.0055379523517942175,0.007788459522973135,-0.004308089395659964,0.00370553250737915,10599840000.0,9939951000.0,931220100000.0,31098.027,324.245,4.22,4.4,0.0344,0.0967,-0.11176
2025-10-10,24221.740234375,24221.740234375,25195.279296875,24207.150390625,25116.830078125,10713200000,24855.066015625,24804.580859375,24633.23193359375,45.46252366948433,255.31521755057838,299.00654750102984,-43.69132995045146,25190.359091758815,24076.104775428685,24633.23193359375,0.13070217167834292,-0.001529221289066518,0.011931800401283166,-0.0055379523517942175,0.007788459522973135,-0.004308089395659964,10639334000.0,10024454000.0,920506900000.0,31098.027,324.245,4.22,4.4,0.0683571428571428,0.0705714285714285,-0.0263357142857142
2025-10-13,24750.25,24750.25,24779.650390625,24540.419921875,24625.740234375,9018770000,24809.40390625,24818.4708984375,24656.05546875,55.32635904607246,239.3571391137193,287.07666582356774,-47.719526709848424,25191.612737668387,24120.498199831614,24656.05546875,0.5879406710698138,-0.03492043901341202,-0.001529221289066518,0.011931800401283166,-0.0055379523517942175,0.007788459522973135,10349322000.0,10030191000.0,929525670000.0,31098.027,324.245,4.22,4.4,0.08373333333333328,0.0605222222222222,0.06380666666666666
2025-10-14,24579.3203125,24579.3203125,24766.369140625,24256.279296875,24442.9296875,9776720000,24757.221875,24808.40390625,24671.308984375,52.04766285442408,210.49123775590851,271.7595802100359,-61.26834245412738,25177.660644544445,24164.957324205552,24671.308984375,0.4091652312898359,0.021819644687417927,-0.03492043901341202,-0.001529221289066518,0.011931800401283166,-0.0055379523517942175,10229482000.0,10089415000.0,919748950000.0,31098.027,324.245,4.22,4.4,0.104,0.0657,0.0978199999999999
2025-10-15,24745.359375,24745.359375,24933.23046875,24496.0703125,24807.33984375,11374850000,24678.969921875,24802.85390625,24697.39248046875,54.84686614888615,198.72202386867139,257.152068941763,-58.430045073091605,25158.369762262784,24236.415198674713,24697.39248046875,0.5520273953030542,-0.006906180240603632,0.021819644687417927,-0.03492043901341202,-0.001529221289066518,0.011931800401283166,10319348000.0,10191858500.0,931123800000.0,31098.027,324.245,4.22,4.4,0.1167,0.0834999999999999,0.05458
2025-10-16,24657.240234375,24657.240234375,24998.30078125,24481.169921875,24882.220703125,11343620000,24590.78203125,24779.301953125,24707.5099609375,53.07607191449448,180.20704423344068,241.76306400009855,-61.55601976665787,25154.754870368903,24260.265051506096,24707.5099609375,0.4438006721793561,0.00675523409064982,-0.006906180240603632,0.021819644687417927,-0.03492043901341202,-0.001529221289066518,10445432000.0,10235117000.0,919780180000.0,31098.027,324.245,4.22,4.4,0.055,0.1133999999999999,-0.08292
2025-10-17,24817.94921875,24817.94921875,24881.470703125,24511.58984375,24600.55078125,9552150000,24710.023828125,24782.544921875,24717.094921875,55.87417497666718,176.46745444961925,228.7039420900027,-52.236487640383444,25165.22301956221,24268.966824187788,24717.094921875,0.6125284236756294,-0.0035610370126216706,0.00675523409064982,-0.006906180240603632,0.021819644687417927,-0.03492043901341202,10213222000.0,9981106500.0,929332330000.0,31098.027,324.245,4.22,4.4,0.1282,0.0385,0.20209
2025-10-20,25141.01953125,25141.01953125,25183.810546875,24988.669921875,24991.099609375,9440620000,24788.177734375,24798.7908203125,24736.0923828125,60.91931364216091,197.29854203266586,222.42286207853533,-25.124320045869467,25222.637546121347,24249.547219503656,24736.0923828125,0.9161249345114364,0.0065177198602686115,-0.0035610370126216706,0.00675523409064982,-0.006906180240603632,0.021819644687417927,10297592000.0,9966324000.0,938772950000.0,31098.027,324.245,4.22,4.4,0.16140000000000002,0.019066666666666666,0.26206999999999997
2025-10-21,25127.130859375,25127.130859375,25178.23046875,25043.060546875,25139.80078125,10845130000,24897.73984375,24827.480859375,24763.4404296875,60.59854580155932,210.26285002328586,219.99085966748544,-9.728009644199574,25273.979957242496,24252.900902132504,24763.4404296875,0.8561824403971566,0.01301760712186173,0.0065177198602686115,-0.0035610370126216706,0.00675523409064982,-0.006906180240603632,10511274000.0,10017449500.0,927927820000.0,31098.027,324.245,4.22,4.4,0.0838,0.0,0.1954699999999999
2025-10-22,24879.009765625,24879.009765625,25127.060546875,24652.109375,25093.640625,14361150000,24924.469921875,24801.719921875,24782.21240234375,55.02439460614962,198.23077786467547,215.63884330692346,-17.408065442247988,25279.968725761304,24284.456078926196,24782.21240234375,0.5972336851661143,-0.0005524307340732948,0.01301760712186173,0.0065177198602686115,-0.0035610370126216706,0.00675523409064982,11108534000.0,10276305500.0,913566670000.0,31098.027,324.245,4.22,4.4,0.0528,0.0636,-0.0742
2025-10-23,25097.41015625,25097.41015625,25126.779296875,24856.33984375,24869.599609375,10363600000,25012.50390625,24801.64296875,24817.2173828125,58.631514448959614,203.96715388297525,213.30450542213384,-9.33735153915859,25299.221894848,24335.212870777003,24817.2173828125,0.7906536831514792,-0.009874628947436181,-0.0005524307340732948,0.01301760712186173,0.0065177198602686115,-0.0035610370126216706,10912530000.0,10296469000.0,923930270000.0,31098.027,324.245,4.22,4.4,0.0826,0.0707,0.04245
2025-10-24,25358.16015625,25358.16015625,25418.640625,25288.7109375,25307.75,10308620000,25120.54609375,24915.2849609375,24859.93291015625,62.498622959858125,226.93762336872896,216.0311290114529,10.906494357276074,25375.27379026681,24344.592030045693,24859.93291015625,0.9833958117070616,0.00877850013655923,-0.009874628947436181,-0.0005524307340732948,0.01301760712186173,0.0065177198602686115,11063824000.0,10387480000.0,934238890000.0,31098.027,324.245,4.22,4.4,0.1502307692307692,0.1293076923076923,0.0701692307692307
2025-10-27,25821.55078125,25821.55078125,25839.029296875,25656.380859375,25701.94921875,10757830000,25256.65234375,25022.4150390625,24920.44296875,68.189673834239,279.313880106929,228.68767923054813,50.626200876380864,25577.577575908697,24263.308361591306,24920.44296875,1.1856341171835316,0.010389518216287641,0.00877850013655923,-0.009874628947436181,-0.0005524307340732948,0.01301760712186173,11327266000.0,10473035500.0,944996720000.0,31098.027,324.245,4.22,4.4,0.10914285714285714,0.014066666666666667,0.19596809523809525
2025-10-28,26012.150390625,26012.150390625,26087.48046875,25864.490234375,25932.640625,10640830000,25433.65625,25165.698046875,24987.0509765625,70.19330821815925,332.3708719732458,249.4243177790877,82.94655419415813,25794.444186716126,24179.657766408873,24987.0509765625,1.1348204327030755,0.018273826734459986,0.010389518216287641,0.00877850013655923,-0.009874628947436181,-0.0005524307340732948,11286406000.0,10558673500.0,955637550000.0,31098.027,324.245,4.22,4.4,0.1062999999999999,0.0,0.22761
2025-10-29,26119.849609375,26119.849609375,26182.099609375,25907.44921875,26147.720703125,10089540000,25681.82421875,25303.1470703125,25053.00048828125,71.29359133008951,378.74342866938605,275.2881399571474,103.45528871223866,25999.79860472159,24106.20237184091,25053.00048828125,1.0633984175553521,0.007381416050092682,0.018273826734459986,0.010389518216287641,0.00877850013655923,-0.009874628947436181,10432084000.0,10560951500.0,965727090000.0,31098.027,324.245,4.22,4.4,0.0659,0.039,0.01794
2025-10-30,25734.810546875,25734.810546875,26031.6796875,25732.390625,25953.779296875,10564160000,25809.304296875,25410.9041015625,25095.10302734375,62.42193304422767,380.0436726202679,296.2392464897715,83.80442613049638,26085.77128548737,24104.43476920013,25095.10302734375,0.8228666681669883,0.004140342768001792,0.007381416050092682,0.018273826734459986,0.010389518216287641,0.00877850013655923,10472196000.0,10607499500.0,955162930000.0,31098.027,324.245,4.22,4.4,0.0321,0.1557,-0.1858
2025-10-31,25858.130859375,25858.130859375,26063.490234375,25761.279296875,26055.970703125,10909250000,25909.2984375,25514.922265625,25148.73359375,63.96844003308321,386.56891805049963,314.3051808019172,72.26373724858246,26183.966277219144,24113.500910280854,25148.73359375,0.8426269653928214,-0.014741243470322352,0.004140342768001792,0.007381416050092682,0.018273826734459986,0.010389518216287641,10592322000.0,10627175500.0,966072180000.0,31098.027,324.245,4.22,4.4,0.2547,0.0608999999999999,0.29256
2025-11-03,25972.939453125,25972.939453125,26132.869140625,25887.880859375,26114.109375,10360170000,25939.576171875,25598.1142578125,25198.4525390625,65.39623317696054,396.4344663300217,330.7310379075381,65.70342842248357,26293.082861631785,24103.822216493212,25198.4525390625,0.8537664260225529,0.004791965041878843,-0.014741243470322352,0.004140342768001792,0.007381416050092682,0.018273826734459986,10512790000.0,10621742500.0,976432350000.0,31098.027,324.245,4.22,4.4,0.1248030303030303,0.02424747474747473,0.15065636363636364
2025-11-04,25435.69921875,25435.69921875,25762.23046875,25415.619140625,25580.33984375,10227700000,25824.2859375,25628.97109375,25228.2259765625,54.51084423814315,356.78934196833507,335.94269871969755,20.84664324863752,26314.189784568636,24142.26216855636,25228.2259765625,0.595524934006976,0.004439941710186579,0.004791965041878843,-0.014741243470322352,0.004140342768001792,0.007381416050092682,10430164000.0,10614331500.0,966204650000.0,31098.027,324.245,4.22,4.4,0.0496,0.0669999999999999,0.0322199999999999
2025-11-05,25620.029296875,25620.029296875,25750.880859375,25364.900390625,25433.220703125,10026890000,25724.321875,25703.073046875,25252.396484375,57.146506797644555,336.36676538760366,336.02751205327877,0.33925333432489424,26351.217994125607,24153.574974624393,25252.396484375,0.6672850454954414,-0.020684614282668767,0.004439941710186579,0.004791965041878843,-0.014741243470322352,0.004140342768001792,10417634000.0,10569400000.0,976231540000.0,31490.07,324.245,4.09,4.4,0.0987,0.0156,0.08727
2025-11-06,25130.0390625,25130.0390625,25568.240234375,25083.240234375,25568.240234375,11085130000,25603.367578125,25706.3359375,25253.989453125,49.01635195543644,277.4453916447237,324.31108797156776,-46.865696326844045,26351.961664559487,24156.01724169051,25253.989453125,0.4435548598889131,0.007246904303268353,-0.020684614282668767,0.004439941710186579,0.004791965041878843,-0.014741243470322352,10521828000.0,10587996500.0,965146410000.0,31490.07,324.245,4.09,4.4,0.0904,0.0443,0.0290599999999999
2025-11-07,25059.810546875,25059.810546875,25065.140625,24603.779296875,24977.73046875,10141910000,25443.703515625,25676.5009765625,25295.89296875,47.96311222706209,222.5178765923847,303.95244569573117,-81.43456910334646,26286.732915114375,24305.053022385622,25295.89296875,0.38086752924060024,-0.01912528001811331,0.007246904303268353,-0.020684614282668767,0.004439941710186579,0.004791965041878843,10368360000.0,10559432000.0,955004500000.0,31490.07,324.245,4.09,4.4,0.0645,0.0231,0.04215
2025-11-10,25611.740234375,25611.740234375,25655.509765625,25354.439453125,25418.169921875,9297320000,25371.463671875,25655.519921875,25338.96748046875,55.970407782332295,220.97626150474025,287.357208857533,-66.38094735279276,26304.511016666107,24373.42394427139,25338.96748046875,0.6412534721015913,-0.002794604315987659,-0.01912528001811331,0.007246904303268353,-0.020684614282668767,0.004439941710186579,10155790000.0,10573359500.0,964301820000.0,31490.07,324.245,4.09,4.4,0.11719999999999997,0.0569333333333333,0.12661333333333324
2025-11-11,25533.490234375,25533.490234375,25588.259765625,25380.859375,25500.9296875,7756810000,25391.021875,25607.65390625,25386.6759765625,54.685615486049,211.00803017960789,272.087373121948,-61.07934294234013,26286.214605835514,24487.137347289485,25386.6759765625,0.5816053102306192,0.02202449561490516,-0.002794604315987659,-0.01912528001811331,0.007246904303268353,-0.020684614282668767,9661612000.0,10472364000.0,956545010000.0,31490.07,324.245,4.09,4.4,0.1709,0.0647,0.22785
2025-11-12,25517.330078125,25517.330078125,25663.169921875,25389.73046875,25662.189453125,8449920000,25370.48203125,25547.401953125,25425.27451171875,54.40784769081436,199.50438314220082,257.5707751259986,-58.06639198379776,26273.745937764266,24576.803085673237,25425.27451171875,0.5542478883674925,-0.003055239483296668,0.02202449561490516,-0.002794604315987659,-0.01912528001811331,0.007246904303268353,9346218000.0,10326117500.0,948095090000.0,31490.07,324.245,4.09,4.4,0.1291,0.044,0.1931999999999999
2025-11-13,24993.4609375,24993.4609375,25396.009765625,24908.599609375,25386.94921875,11351410000,25343.16640625,25473.2669921875,25442.085546875,46.213096041487425,146.42786916682962,235.3421939341648,-88.91432476733519,26238.191458569883,24645.97963518012,25442.085546875,0.21823811204975524,-0.0006329004026345286,-0.003055239483296668,0.02202449561490516,-0.002794604315987659,-0.01912528001811331,9399474000.0,10326507000.0,936743680000.0,31490.07,324.245,4.09,4.4,0.0466,0.078,-0.13246
2025-11-14,25008.240234375,25008.240234375,25198.9296875,24534.900390625,24658.55078125,10841540000,25332.85234375,25388.2779296875,25451.60009765625,46.45810593453356,104.35398737938158,209.14455262320817,-104.79056524382659,26220.3779415618,24682.8222537507,25451.60009765625,0.2116463053689933,-0.02052993549956439,-0.0006329004026345286,-0.003055239483296668,0.02202449561490516,-0.002794604315987659,9539400000.0,10390976500.0,947585220000.0,31490.07,324.245,4.09,4.4,0.0784,0.1022,-0.0451699999999999
2025-11-17,24799.919921875,24799.919921875,25166.150390625,24649.359375,24890.099609375,9744800000,25170.48828125,25270.9759765625,25434.5451171875,43.453455705392955,53.58275606580355,178.03219331172727,-124.44943724592372,26246.268603834927,24622.82163054007,25434.5451171875,0.10908782008167488,0.00059132654384908,-0.02052993549956439,-0.0006329004026345286,-0.003055239483296668,0.02202449561490516,9628896000.0,10406185500.0,937840420000.0,31490.07,324.245,4.09,4.4,0.13509999999999997,0.014900000000000002,0.18723
2025-11-18,24503.099609375,24503.099609375,24735.119140625,24299.2890625,24651.779296875,8606260000,24964.41015625,25177.716015625,25403.3435546875,39.53051635899453,-10.48387751111295,140.32897914715923,-150.81285665827218,26307.528887022963,24499.158222352038,25403.3435546875,0.002179523866407714,-0.00833006683187787,0.00059132654384908,-0.02052993549956439,-0.0006329004026345286,-0.003055239483296668,9798786000.0,10294242000.0,929234160000.0,31490.07,324.245,4.09,4.4,0.0988,0.0346,0.02976
2025-11-19,24640.51953125,24640.51953125,24904.66015625,24432.189453125,24517.26953125,8434200000,24789.048046875,25079.7650390625,25391.41904296875,42.13512831871137,-49.596786089765374,102.34382609977432,-151.9406121895397,26330.34322981199,24452.49485612551,25391.41904296875,0.10012771944700186,-0.01196859963399266,-0.00833006683187787,0.00059132654384908,-0.02052993549956439,-0.0006329004026345286,9795642000.0,9997894500.0,937668360000.0,31490.07,324.245,4.09,4.4,0.0964,0.0588999999999999,0.06733
2025-11-20,24054.380859375,24054.380859375,25222.94921875,24021.439453125,25131.490234375,10548620000,24601.23203125,24972.19921875,25339.267578125,35.1755486283181,-126.43309813327141,56.58844125316517,-183.0215393864366,26447.545793171572,24230.989363078428,25339.267578125,-0.07967697158786376,0.00560826687503746,-0.01196859963399266,-0.00833006683187787,0.00059132654384908,-0.02052993549956439,9635084000.0,10007145500.0,927119740000.0,31490.07,324.245,4.09,4.4,0.1504,0.0378,0.19349
2025-11-21,24239.5703125,24239.5703125,24521.83984375,23854.029296875,24137.66015625,9931240000,24447.498046875,24890.1751953125,25283.3380859375,38.624855062819165,-170.4187070561493,11.187011591302282,-181.60571864745157,26495.621520212633,24071.054651662365,25283.3380859375,0.06950340822663965,-0.023787593891096193,0.00560826687503746,-0.01196859963399266,-0.00833006683187787,0.00059132654384908,9453024000.0,9988276500.0,937050980000.0,31490.07,324.245,4.09,4.4,0.1154,0.0211,0.11992
2025-11-24,24873.849609375,24873.849609375,24923.58984375,24455.650390625,24462.869140625,9232160000,24462.283984375,24816.3861328125,25235.95302734375,48.69433847136785,-152.34049427286664,-21.5184895815315,-130.82200469133514,26433.65687223488,24038.24918245262,25235.95302734375,0.3488343259841236,0.007698782779221869,-0.023787593891096193,0.00560826687503746,-0.01196859963399266,-0.00833006683187787,9350496000.0,9911993000.0,946283140000.0,31490.07,324.245,4.09,4.4,0.12636666666666663,0.0883,0.07880333333333334
2025-11-25,25018.359375,25018.359375,25069.5390625,24542.7109375,24790.0703125,8498500000,24565.3359375,24764.873046875,25186.2634765625,50.67970927880441,-124.91273378855112,-42.197338422935424,-82.7153953656157,26329.604149370112,24042.92280375489,25186.2634765625,0.42657302169169237,0.02616710150789725,0.007698782779221869,-0.023787593891096193,0.00560826687503746,-0.01196859963399266,9328944000.0,9804876500.0,954781640000.0,31490.07,324.245,4.09,4.4,0.0678,0.0268,0.12097
2025-11-26,25236.939453125,25236.939453125,25309.150390625,25077.859375,25168.310546875,7291400000,24684.619921875,24736.833984375,25142.11796875,53.60421788574149,-84.56365328758329,-50.670601395865,-33.893051891718294,26198.560954680364,24085.674982819637,25142.11796875,0.5448777102209137,0.005809706494749101,0.02616710150789725,0.007698782779221869,-0.023787593891096193,0.00560826687503746,9100384000.0,9664969500.0,962073040000.0,31490.07,324.245,4.09,4.4,0.1451818181818182,0.066,0.2205454545454545
2025-11-28,25434.890625,25434.890625,25435.76953125,25280.9609375,25310.279296875,4541070000,24960.721875,24780.976953125,25127.12197265625,56.140641207472754,-36.196460799215856,-47.775773276535176,11.57931247731932,26156.304039827042,24097.939905485455,25127.12197265625,0.6495209944678705,0.008736787047012307,0.005809706494749101,0.02616710150789725,0.007698782779221869,-0.023787593891096193,7898874000.0,9363815000.0,966614110000.0,31490.07,324.245,4.09,4.4,0.10576666666666665,0.12853888888888884,-0.02823777777777775
2025-12-01,25342.849609375,25342.849609375,25443.2109375,25158.630859375,25232.75,7859560000,25181.377734375,24814.437890625,25101.35791015625,54.64475107308791,-5.231744730845094,-39.26696756739716,34.035222836552066,26077.943087138898,24124.772733173602,25101.35791015625,0.623640878906685,0.0078437075241502,0.008736787047012307,0.005809706494749101,0.02616710150789725,0.007698782779221869,7484538000.0,9211330500.0,958754550000.0,31490.07,324.245,4.09,4.4,0.1394,0.010933333333333335,0.2299066666666667
2025-12-02,25555.859375,25555.859375,25622.580078125,25369.359375,25449.869140625,7588580000,25317.7796875,24890.0318359375,25080.50390625,57.46916920753135,36.08021348916736,-24.197531356084255,60.27774484525162,25994.532904230447,24166.474908269553,25080.50390625,0.7600330349476334,-0.0036186912293828533,0.0078437075241502,0.008736787047012307,0.005809706494749101,0.02616710150789725,7155822000.0,9072751000.0,966343130000.0,31490.07,324.245,4.09,4.4,0.1296999999999999,0.0372,0.26241
2025-12-03,25606.5390625,25606.5390625,25639.990234375,25388.439453125,25443.7109375,7962730000,25435.415625,25000.37578125,25089.0458984375,58.137127821944866,72.07878587249434,-4.942267910368537,77.02105378286288,26020.08637541805,24158.00542145695,25089.0458984375,0.7779112062564552,0.008405122900867479,-0.0036186912293828533,0.0078437075241502,0.008736787047012307,0.005809706494749101,7048668000.0,8959502500.0,974305860000.0,31490.07,324.245,4.09,4.4,0.1167999999999999,0.0326,0.1651
2025-12-04,25581.69921875,25581.69921875,25658.26953125,25450.380859375,25658.140625,7456860000,25504.367578125,25094.49375,25087.12939453125,57.65914367608405,97.4798589121674,15.542157454138652,81.93770145802876,26013.714888787734,24160.543900274766,25087.12939453125,0.7668775991445914,0.0019830946303287522,0.008405122900867479,-0.0036186912293828533,0.0078437075241502,0.008736787047012307,7081760000.0,8831001000.0,966849000000.0,31490.07,324.245,4.09,4.4,0.0844,0.0865,0.0356499999999999
2025-12-05,25692.05078125,25692.05078125,25827.080078125,25617.349609375,25657.779296875,8248280000,25555.799609375,25258.2607421875,25115.22998046875,59.26157158783997,125.07307657672936,37.4483412786568,87.62473529807257,26080.57246206681,24149.88749887069,25115.22998046875,0.798764848629867,-0.0009700586123478905,0.0019830946303287522,0.008405122900867479,-0.0036186912293828533,0.0078437075241502,7823202000.0,8689158500.0,975097280000.0,31490.07,324.245,4.09,4.4,0.0946,0.0596,0.10482
2025-12-08,25627.94921875,25627.94921875,25828.16015625,25531.75,25758.8203125,8533670000,25612.81953125,25397.0986328125,25143.6369140625,57.89099074164299,140.15284524182425,57.98924207129029,82.16360317053396,26135.193864504312,24152.079963620687,25143.6369140625,0.7442180978468778,0.004313691657320318,-0.0009700586123478905,0.0019830946303287522,0.008405122900867479,-0.0036186912293828533,7958024000.0,8608746500.0,966563610000.0,31490.07,325.063,3.88,4.5,0.17321481481481482,0.04575185185185183,0.2646644444444445
2025-12-09,25668.689453125,25668.689453125,25698.259765625,25532.33984375,25593.669921875,7192600000,25635.385546875,25476.5826171875,25146.484375,58.547174122195194,153.62022861627702,77.11543938028764,76.50478923598938,26144.010464669896,24148.958285330104,25146.484375,0.7617500853024352,-0.002494995944301248,0.004313691657320318,-0.0009700586123478905,0.0019830946303287522,0.008405122900867479,7878828000.0,8503510500.0,973756210000.0,31490.07,325.063,3.88,4.5,0.0757,0.0707,0.08363
2025-12-10,25776.439453125,25776.439453125,25835.029296875,25504.30078125,25631.58984375,7987900000,25669.365625,25552.390625,25158.6318359375,60.308835694306865,171.01638107642066,95.89562771951425,75.1207533569064,26181.594053903995,24135.669617971005,25158.6318359375,0.8019699097077186,0.0015896798462982087,-0.002494995944301248,0.004313691657320318,-0.0009700586123478905,0.0019830946303287522,7883862000.0,8515065000.0,981744110000.0,31490.07,325.063,3.88,4.5,0.0576999999999999,0.0844,-0.0480499999999999
2025-12-11,25686.689453125,25686.689453125,25696.2890625,25372.1796875,25598.390625,8337770000,25690.363671875,25597.365625,25167.0998046875,58.09419665587655,175.53739646739996,111.8239814690914,63.713414998308565,26205.255239790826,24128.944369584173,25167.0998046875,0.750246557918269,0.004197721126229181,0.0015896798462982087,-0.002494995944301248,0.004313691657320318,-0.0009700586123478905,8060044000.0,8509457500.0,973406340000.0,31490.07,325.063,3.88,4.5,0.0,0.1899,-0.31901
2025-12-12,25196.73046875,25196.73046875,25605.880859375,25104.6796875,25531.55078125,8724070000,25591.299609375,25573.549609375,25177.26328125,47.77916598947527,137.99402918577107,117.05799101242734,20.936038173343732,26212.236299484844,24142.29026301516,25177.26328125,0.5094046835796744,-0.0034818618049716754,0.004197721126229181,0.0015896798462982087,-0.002494995944301248,0.004313691657320318,8155202000.0,8378090500.0,964682270000.0,31490.07,325.063,3.88,4.5,0.0118999999999999,0.0184,-0.00772
2025-12-15,25067.26953125,25067.26953125,25377.619140625,25022.810546875,25352.869140625,8649240000,25479.163671875,25545.9916015625,25180.21474609375,45.48125139301976,96.6797603276791,112.9823448754777,-16.30258454779859,26213.49354038958,24146.935951797917,25180.21474609375,0.44534620498008015,-0.01907443095261907,-0.0034818618049716754,0.004197721126229181,0.0015896798462982087,-0.002494995944301248,8178316000.0,8268475500.0,956033030000.0,31490.07,325.063,3.88,4.5,0.1112333333333333,0.042199999999999994,0.09621333333333333
2025-12-16,25132.939453125,25132.939453125,25188.759765625,24922.939453125,24991.490234375,7759960000,25372.013671875,25503.699609375,25196.86572265625,46.87694721634067,68.44789376133485,104.07545465264913,-35.627560891314275,26214.962478125406,24178.768967187094,25196.86572265625,0.46860501264352244,-0.0051380054114783524,-0.01907443095261907,-0.0034818618049716754,0.004197721126229181,0.0015896798462982087,8291788000.0,8169233500.0,963792990000.0,31490.07,325.063,3.88,4.5,0.1045,0.0944,0.0743
2025-12-17,24647.609375,24647.609375,25193.41015625,24647.609375,25167.859375,8616140000,25146.24765625,25407.806640625,25204.0912109375,38.94238701190691,6.833087298971805,84.62698118191366,-77.79389388294186,26203.333210865465,24204.849211009532,25204.0912109375,0.22154801540687125,0.0026197477069902497,-0.0051380054114783524,-0.01907443095261907,-0.0034818618049716754,0.004197721126229181,8417436000.0,8169727500.0,955176850000.0,31490.07,325.063,3.88,4.5,0.1607,0.0616,0.20193
2025-12-18,25019.369140625,25019.369140625,25164.1796875,24921.44921875,25031.490234375,7977920000,25012.78359375,25351.5736328125,25223.03369140625,46.42322075248409,-11.862441729077545,65.32909659971543,-77.19153832879297,26191.1718483896,24254.8955344229,25223.03369140625,0.3948163806414498,-0.019310517937234595,0.0026197477069902497,-0.0051380054114783524,-0.01907443095261907,-0.0034818618049716754,8345466000.0,8146913500.0,963154770000.0,31490.07,325.063,3.88,4.5,0.1791,0.0,0.3007499999999999
2025-12-19,25346.1796875,25346.1796875,25354.8203125,25134.259765625,25147.30078125,12874560000,25042.6734375,25316.9865234375,25287.6236328125,51.99179495403125,-0.3043944450255367,52.202398390767236,-52.50679283579277,26084.738544452695,24490.508721172308,25287.6236328125,0.5367299957838011,0.015082994864486832,-0.019310517937234595,0.0026197477069902497,-0.0051380054114783524,-0.01907443095261907,9175564000.0,8263210500.0,976029330000.0,31490.07,325.063,3.88,4.5,0.0184,0.1956,-0.25101
2025-12-22,25461.69921875,25461.69921875,25554.029296875,25401.58984375,25527.6796875,7244910000,25121.559375,25300.3615234375,25348.730078125,53.81894938304144,17.969757850969472,45.355870282807686,-27.386112431838214,25977.064461183305,24720.395695066698,25348.730078125,0.589895717687087,0.013062301652696062,0.015082994864486832,-0.019310517937234595,0.0026197477069902497,-0.0051380054114783524,8894698000.0,8128894000.0,983274240000.0,31490.07,325.063,3.88,4.5,0.19686666666666663,0.027266666666666665,0.2967433333333333
2025-12-23,25587.830078125,25587.830078125,25590.029296875,25403.259765625,25441.419921875,7518190000,25212.5375,25292.2755859375,25384.4291015625,55.79710790638237,42.144051048962865,44.71350643603872,-2.5694553870758554,25979.40604146858,24789.452161656416,25384.4291015625,0.6709318151007738,0.004557670334317532,0.013062301652696062,0.015082994864486832,-0.019310517937234595,0.0026197477069902497,8846344000.0,8043195500.0,990792430000.0,31490.07,325.063,3.88,4.5,0.1623,0.0,0.321
2025-12-24,25656.150390625,25656.150390625,25665.279296875,25556.849609375,25582.33984375,3885190000,25414.245703125,25280.2466796875,25416.31865234375,56.87467140765147,66.05380368500846,48.98156588583267,17.072237799175788,25996.876451377306,24835.760853310196,25416.31865234375,0.7065528519989682,0.00495374869883447,0.004557670334317532,0.013062301652696062,0.015082994864486832,-0.019310517937234595,7900154000.0,7812530000.0,994677620000.0,31490.07,325.063,3.88,4.5,0.063,0.0,0.15301
2025-12-26,25644.390625,25644.390625,25716.7109375,25620.3203125,25692.6796875,5170300000,25539.25,25276.016796875,25436.6912109375,56.618820764627465,83.09566500316214,55.804385709298565,27.291279293863575,26019.337452858046,24854.044969016955,25436.6912109375,0.6782380105790015,0.002670031506829762,0.00495374869883447,0.004557670334317532,0.013062301652696062,0.015082994864486832,7338630000.0,7706475000.0,989507320000.0,31490.07,325.063,3.88,4.5,0.1602,0.01155,0.274105
2025-12-29,25525.560546875,25525.560546875,25598.140625,25440.970703125,25462.25,6527530000,25575.126171875,25308.8998046875,25441.22470703125,53.9765046718001,86.0212690344415,61.847762374327154,24.17350666011435,26025.22137615266,24857.228037909845,25441.22470703125,0.5722057541617724,-0.0004583604884580428,0.002670031506829762,0.00495374869883447,0.004557670334317532,0.013062301652696062,6069224000.0,7805798000.0,982979790000.0,31490.07,325.063,3.88,4.5,0.16953333333333329,0.03426666666666667,0.2193933333333333
2025-12-30,25462.560546875,25462.560546875,25577.580078125,25456.9296875,25509.880859375,6769300000,25575.2984375,25348.42890625,25447.21025390625,52.57560485685781,82.30746855713369,65.93970361088846,16.36776494624523,26029.412704340153,24865.00780347235,25447.21025390625,0.5131829511858882,-0.004633764937629459,-0.0004583604884580428,0.002670031506829762,0.00495374869883447,0.004557670334317532,5974102000.0,7751285000.0,976210490000.0,31490.07,325.063,3.88,4.5,0.0188,0.0140999999999999,0.01779
